master_record_number,agency,agency_tracking_number,county,city,collision_date,vehicles_involved,number_injured,number_dead,latitude,longitude,roadway_name,roadway_suffix,roadway_number,roadway_local_id,distance_from_reference,miles-feet_indicator,direction_from_reference,intersection_road_name,intersection_road_name_suffix,intersection_road_number,intersection_local_id,mile_marker,intersection_indicator,intersect_type,interchange_related_indicator,relation_to_junction,work_zone_type,construction_maintenance_zone,construction_maintenance_zone_location,fatal_case_number,officer_first_name,officer_last_name,weather_condition(s),manner_of_crash,pedestrian,bicycle,scooter,parking,hitrun,mou
102616053,METROPOLITAN NASHVILLE POLICE DEPT,20200008761,Davidson,Nashville,1/5/2020 3:17:00 AM,2,0,0,36.206440,-86.775830,W TRINITY LN,,,,0.00,Feet,East,I65 N ENT RAMP,,,,0.00,N,Not at Intersection,N,Non-Junction,None,,,         ,Carey,Steel,Clear,"Sideswipe, Same Direction",no,no,no,no,yes,False
102616066,METROPOLITAN NASHVILLE POLICE DEPT,20200008780,Davidson,Nashville,1/5/2020 3:26:00 AM,2,0,0,36.206690,-86.763180,SULTANA AV,,,,85.00,Feet,North,PRINCE AV,,,,0.00,N,Not at Intersection,N,Non-Junction,None,,,         ,Carey,Steel,Clear,"Sideswipe, Same Direction",no,no,no,no,yes,False
102616079,METROPOLITAN NASHVILLE POLICE DEPT,20200008936,Davidson,Nashville,1/5/2020 6:12:00 AM,1,0,0,36.141190,-86.731320,I 40,,,,0.00,,,,,,,212.95,N,Not at Intersection,N,Non-Junction,None,,,         ,Meghan,Pope,Clear,Not Collision with Motor Vehicle in Transport,no,no,no,no,no,False
102616116,METROPOLITAN NASHVILLE POLICE DEPT,20200008967,Davidson,Antioch,1/5/2020 12:00:00 AM,1,0,0,36.013180,-86.620740,OLD HICKORY BLVD,,,,93.00,Feet,South,I24 E ENT RAMP,,,,0.00,N,Not at Intersection,N,Entrance/Exit Ramp Related,None,,,         ,Brandon,Evans,Unknown,Not Collision with Motor Vehicle in Transport,no,no,no,no,yes,False
102616157,METROPOLITAN NASHVILLE POLICE DEPT,20200009052,Davidson,Nashville,1/5/2020 7:57:00 AM,2,0,0,36.144820,-86.686420,CENTURY BLVD,,,,554.00,Feet,West,MARRIOTT DR,,,,0.00,N,Not at Intersection,N,Non-Junction,None,,,         ,Zachary,Plese,Clear,"Sideswipe, Same Direction",no,no,no,no,no,False
102616171,METROPOLITAN NASHVILLE POLICE DEPT,20200009091,Davidson,Antioch,1/5/2020 12:00:00 AM,2,0,0,36.070780,-86.598900,SEASONS DR,,,,23.00,Feet,West,FORRESTAL WAY,,,,0.00,N,Not at Intersection, ,Non-Junction,None,,,         ,Nicholas,Carter,Clear,Front to Rear,no,no,no,no,yes,False
102616226,METROPOLITAN NASHVILLE POLICE DEPT,20200009187,Davidson,Antioch,1/5/2020 10:30:00 AM,2,1,0,36.015510,-86.620160,I24 W EXT RAMP,,,,0.00,Feet,East,I 24,,,,0.00,N,Not at Intersection,N,Entrance/Exit Ramp Related,None,,,         ,Brandon,Evans,Clear,Front to Rear,no,no,no,no,no,False
102616257,METROPOLITAN NASHVILLE POLICE DEPT,20200009229,Davidson,Nashville,1/5/2020 11:05:00 AM,2,1,0,36.089410,-86.650190,MURFREESBORO PKE,,,,139.00,Feet,North,RANSOM PL,,,,0.00,N,Not at Intersection,N,Non-Junction,None,,,         ,Jason,Hees,Clear,Front to Rear,no,no,no,no,no,False
102616258,METROPOLITAN NASHVILLE POLICE DEPT,20200009275,Davidson,Nashville,1/5/2020 12:01:00 AM,2,0,0,36.043690,-86.740100,BRENTWOOD SQ,,,,0.00,Feet,East,BEVENDEAN DR,,,,0.00,N,Not at Intersection,N,Non-Junction,None,,,         ,Gregory,Scott,Clear,Unknown,no,no,no,no,yes,False
102616305,METROPOLITAN NASHVILLE POLICE DEPT,20200009324,Davidson,Nashville,1/5/2020 12:30:00 PM,2,0,0,36.152120,-86.830960,38TH AVN,,,,172.00,Feet,South,CHARLOTTE AV,,,,0.00,N,Not at Intersection, ,Non-Junction,None,,,         ,Alexis,Pond,Clear,Angle,no,no,no,no,yes,False
102616359,METROPOLITAN NASHVILLE POLICE DEPT,20200009366,Davidson,Nashville,1/5/2020 1:10:00 PM,2,0,0,36.155010,-86.627110,STEWARTS FERRY PKE,,,,0.00,,,I40 E EXT RAMP,,,,0.00,Y,T-Intersection, ,,None,,,         ,Samuel,Fredericks,,,no,no,no,no,no,False
102616373,METROPOLITAN NASHVILLE POLICE DEPT,20200009394,Davidson,Nashville,1/5/2020 1:45:00 PM,2,0,0,36.163170,-86.761970,I 24,,,,0.00,,,,,,,49.25,N,Not at Intersection, ,,None,,,         ,Kyle,Eicholtz,,,no,no,no,no,no,False
102616379,METROPOLITAN NASHVILLE POLICE DEPT,20200009421,Davidson,Nashville,1/5/2020 1:45:00 PM,2,0,0,36.163170,-86.761970,I 24,,,,0.00,,,,,,,49.25,N,Not at Intersection, ,,None,,,         ,Kyle,Eicholtz,,,no,no,no,no,no,False
102616382,METROPOLITAN NASHVILLE POLICE DEPT,20200009225,Davidson,Nashville,1/5/2020 11:00:00 AM,2,0,0,36.185850,-86.798000,I65 S EXT RAMP,,,,0.00,Feet,East,I 65,,,,0.00,N,Not at Intersection,N,Entrance/Exit Ramp Related,None,,,         ,Jerica,Gladston,Clear,Front to Rear,no,no,no,no,yes,False
102616495,METROPOLITAN NASHVILLE POLICE DEPT,20200009444,Davidson,Nashville,1/5/2020 2:47:00 PM,2,0,0,36.102830,-86.665840,MURFREESBORO PKE,,,,236.00,Feet,East,FAIRCLOTH LN,,,,0.00,N,Not at Intersection, ,Non-Junction,None,,,         ,Gabriel,Vasquez,Clear,Angle,no,no,no,no,no,False
102616496,METROPOLITAN NASHVILLE POLICE DEPT,20200009455,Davidson,Nashville,1/5/2020 2:29:00 PM,2,0,0,36.206260,-86.589830,TULIP GROVE RD,,,,0.00,Feet,East,BROOKE CASTLE DR,,,,0.00,N,Not at Intersection, ,Non-Junction,None,,,         ,Terence,Mitchell,Clear,Front to Rear,no,no,no,no,no,False
102616528,METROPOLITAN NASHVILLE POLICE DEPT,20200009551,Davidson,Nashville,1/5/2020 12:00:00 AM,4,0,0,36.180780,-86.749640,GALLATIN AV,,,,45.00,Feet,North,ORDWAY PL,,,,0.00,N,Not at Intersection, ,Non-Junction,None,,,         ,Gordon,Stovall,Clear,Front to Rear,no,no,no,no,no,False
102616549,METROPOLITAN NASHVILLE POLICE DEPT,20200009626,Davidson,Nashville,1/5/2020 2:30:00 PM,2,0,0,36.164360,-86.819930,28TH AVN,,,,0.00,Feet,West,I40 W EXT RAMP,,,,0.00,N,Not at Intersection, ,,None,,,         ,Eric,McCoy,,,no,no,no,no,no,False
102616562,METROPOLITAN NASHVILLE POLICE DEPT,2020-0009413,Davidson,Nashville,1/5/2020 1:53:00 PM,2,0,0,36.077270,-86.738760,HARDING PL,,,,387.00,Feet,East,BINKLEY DR,,,,0.00,N,Not at Intersection,N,Non-Junction,None,,,         ,Sean,Williams,Clear,Angle,no,no,no,no,yes,False
102616565,METROPOLITAN NASHVILLE POLICE DEPT,20200009640,Davidson,Goodlettsville,1/5/2020 5:19:00 PM,1,0,0,36.288220,-86.725230,I 65,,,,0.00,,,,,,,94.05,N,Not at Intersection,N,Non-Junction,None,,,         ,Robert,Leverick,Clear,Not Collision with Motor Vehicle in Transport,no,no,no,no,no,False
102616566,METROPOLITAN NASHVILLE POLICE DEPT,20200009583,Davidson,Nashville,1/5/2020 4:15:00 PM,2,0,0,36.188140,-86.746450,GALLATIN AVE,,,,70.00,Feet,South,GRANADA AVE,,,,0.00,N,Not at Intersection,N,Non-Junction,None,,,         ,Chad,Connors,Clear,Front to Rear,no,no,no,yes,yes,False
102616568,METROPOLITAN NASHVILLE POLICE DEPT,20200009586,Davidson,Nashville,1/5/2020 4:08:00 PM,2,2,0,36.154200,-86.757720,I 24,,,,0.00,,,,,,,49.90,N,Not at Intersection, ,Non-Junction,None,,,         ,Maryanne,Bartello,Clear,Front to Rear,no,no,no,no,no,False
102616575,METROPOLITAN NASHVILLE POLICE DEPT,20200009609,Davidson,Nashville,1/5/2020 4:45:00 PM,2,0,0,36.166930,-86.760490,SYLVAN ST,,,,254.00,Feet,West,S 6TH ST,,,,0.00,N,Not at Intersection, ,Non-Junction,None,,,         ,Trevor,Jones,Clear,"Sideswipe, Same Direction",no,no,no,no,no,False
102616583,METROPOLITAN NASHVILLE POLICE DEPT,20200009703,Davidson,Nashville,1/5/2020 5:38:00 PM,1,0,0,36.141760,-86.885300,ANNEX AV,,,,175.00,Feet,East,CABOT DR,,,,0.00,N,Not at Intersection,N,Non-Junction,None,,,         ,Nathan,Glass,Clear,Not Collision with Motor Vehicle in Transport,no,no,no,no,no,False
102616600,METROPOLITAN NASHVILLE POLICE DEPT,20200009573,Davidson,Nashville,1/5/2020 4:05:00 PM,1,2,0,36.238450,-86.744150,I65 S EXT RAMP,,,,137.00,Feet,North,BRILEY PKWY E EXT RAMP,,,,0.00,N,Not at Intersection,N,Entrance/Exit Ramp Related,None,,,         ,Wade,Johnson,Cloudy,Not Collision with Motor Vehicle in Transport,no,no,no,no,no,False
102616606,METROPOLITAN NASHVILLE POLICE DEPT,20200009647,Davidson,Nashville,1/5/2020 5:30:00 PM,2,0,0,36.141650,-86.713740,I 40,,,,0.00,,,,,,,214.00,N,Not at Intersection, ,Non-Junction,None,,,         ,Gabriel,Vasquez,Clear,Front to Rear,no,no,no,no,no,False
102616607,METROPOLITAN NASHVILLE POLICE DEPT,20200009688,Davidson,Nashville,1/5/2020 2:19:00 PM,2,0,0,36.215930,-86.689210,MCGAVOCK PKE,,,,3.00,Feet,West,PENNINGTON BEND RD,,,,0.00,N,Not at Intersection, ,Non-Junction,None,,,         ,Deandera,Payne,Clear,"Sideswipe, Same Direction",no,no,no,no,no,False
102616621,METROPOLITAN NASHVILLE POLICE DEPT,20200009785,Davidson,Nashville,1/5/2020 7:26:00 PM,2,1,0,36.197760,-86.691400,OPRY MILLS DR,,,,336.00,Feet,North,BRILEY PKWY S EXT RAMP,,,,0.00,N,Not at Intersection, ,Non-Junction,None,,,         ,Samuel,Sundra,Clear,Front to Rear,no,no,no,yes,no,False
102616626,METROPOLITAN NASHVILLE POLICE DEPT,20200009635,Davidson,Nashville,1/5/2020 5:00:00 PM,2,0,0,36.142290,-86.666610,I40 W ENT RAMP,,,,10.00,Feet,East,I 40,,,,0.00,N,Not at Intersection,Y,Entrance/Exit Ramp Related,None,,,         ,Kimberly,Forsyth,Clear,Front to Rear,no,no,no,no,no,False
102616634,METROPOLITAN NASHVILLE POLICE DEPT,20200009759,Davidson,Nashville,1/5/2020 7:00:00 PM,2,1,0,36.086130,-86.729410,NOLENSVILLE PKE,,,,0.00,,,ELYSIAN FIELDS RD,,,,0.00,Y,T-Intersection,N,Intersection-Related,None,,,         ,Eric,Wegener,Clear,Angle,no,no,no,no,no,False
102616638,METROPOLITAN NASHVILLE POLICE DEPT,20200009778,Davidson,Nashville,1/5/2020 6:38:00 PM,2,0,0,36.144380,-86.696220,I 40,,,,0.00,,,,,,,214.95,N,Not at Intersection,N,Non-Junction,None,,,         ,Samuel,Sundra,Clear,Front to Rear,no,no,no,no,yes,False
102616664,VANDERBILT UNIVERSITY POLICE,200009854,Davidson,Nashville,1/5/2020 12:00:00 AM,1,0,0,36.139090,-86.801030,21ST AVS,,,,203.00,Feet,North,CHILDRENS WAY,,,,0.00,N,Not at Intersection, ,Non-Junction,None,,,         ,Alan,Reed,Clear,Not Collision with Motor Vehicle in Transport,no,no,no,yes,no,Campus
102616665,METROPOLITAN NASHVILLE POLICE DEPT,20200009812,Davidson,Nashville,1/5/2020 7:56:00 PM,2,0,0,36.241960,-86.757080,DICKERSON PKE,,,,0.00,Feet,,DICKERSON PKE ENT RAMP,,,,0.00,Y,Four-Way,N,Intersection,None,,,         ,Robert,Leverick,Clear,Angle,no,no,no,no,no,False
102616747,METROPOLITAN NASHVILLE POLICE DEPT,20200009796,Davidson,Nashville,1/5/2020 7:25:00 PM,2,0,0,36.045370,-86.713260,NOLENSVILLE PKE,,,,0.00,Feet,East,OLD HICKORY BLVD,,,,0.00,N,Not at Intersection, ,Non-Junction,None,,,         ,Brandon,Hughes,Clear,"Sideswipe, Same Direction",no,no,no,no,no,False
102616758,METROPOLITAN NASHVILLE POLICE DEPT,20200009467,Davidson,Nashville,1/5/2020 2:37:00 PM,2,2,0,36.092637,-86.885410,HARDING PK,,,,0.00,,,VAUGHNS GAP RD,,,,0.00,Y,Four-Way,N,Intersection,None,,,         ,Jeremy,Huffine,Clear,Angle,no,no,no,no,no,False
102616762,BERRY HILL POLICE DEPT,20-0066,Davidson,Berry Hill,1/5/2020 8:35:00 PM,2,1,0,36.118860,-86.774590,FRANKLIN PKE,,,,0.00,,,BERRY RD,,,,0.00,Y,Four-Way,N,Intersection,None,,,         ,Anthony,Russo,Clear,HeadOn,no,no,no,no,no,False
102616783,METROPOLITAN NASHVILLE POLICE DEPT,20200009905,Davidson,Nashville,1/5/2020 9:32:00 PM,4,1,0,36.205930,-86.769130,W TRINITY LN,,,,155.00,Feet,West,E TRINITY LN,,,,0.00,N,Not at Intersection,N,Non-Junction,None,,,         ,Wade,Johnson,Clear,"Sideswipe, Opposite Direction",no,no,no,no,no,False
102616802,METROPOLITAN NASHVILLE POLICE DEPT,20200009793,Davidson,Not in City Limit,1/5/2020 7:15:00 PM,2,1,0,36.106820,-86.942430,CHARLOTTE PKE,,,,1278.00,Feet,West,FORREST VALLEY DR,,,,0.00,N,Not at Intersection,N,Non-Junction,None,,,         ,Jeremy,Huffine,Clear,Not Collision with Motor Vehicle in Transport,no,no,no,no,no,False
102616828,METROPOLITAN NASHVILLE POLICE DEPT,20200009996,Davidson,Nashville,1/5/2020 12:00:00 AM,2,0,0,36.134280,-86.779090,WEDGEWOOD AV,,,,0.00,,,8TH AVS,,,,0.00,Y,Four-Way, ,Intersection,None,,,         ,Jeremy,Spears,Clear,Angle,no,no,no,no,no,False
102616833,METROPOLITAN NASHVILLE POLICE DEPT,20200010023,Davidson,Nashville,1/5/2020 11:34:00 PM,2,1,0,36.153980,-86.758410,I 40,,,,0.00,,,,,,,211.10,N,Not at Intersection, ,Non-Junction,None,,,         ,Douglas,Meringer,Clear,"Sideswipe, Same Direction",no,no,no,no,no,False
102616834,METROPOLITAN NASHVILLE POLICE DEPT,20200009995,Davidson,Antioch,1/5/2020 10:12:00 PM,2,0,0,36.015050,-86.616120,GOULD BLVD,,,,459.00,Feet,South,FIRESTONE PKWY,,,,0.00,N,Not at Intersection,N,OtherLocation,None,,,         ,Holly,Davis,Clear,Other,no,no,no,yes,yes,False
102616840,METROPOLITAN NASHVILLE POLICE DEPT,20200010043,Davidson,Nashville,1/5/2020 8:57:00 PM,2,0,0,36.044960,-86.665120,BELL RD,,,,518.00,Feet,North,CEDAR POINTE PKWY,,,,0.00,N,Not at Intersection, ,Non-Junction,None,,,         ,Jose,Oliveros,Clear,"Sideswipe, Same Direction",no,no,no,no,no,False
102616842,METROPOLITAN NASHVILLE POLICE DEPT,20200010080,Davidson,Nashville,1/5/2020 8:00:00 AM,2,0,0,36.163530,-86.594520,LAKE PKWY,,,,0.00,,,,,,,0.00,,, ,Non-Junction,None,,,         ,Daniel,Fuentes,Clear,Angle,no,no,no,yes,yes,False
102616860,METROPOLITAN NASHVILLE POLICE DEPT,20200010118,Davidson,Nashville,1/5/2020 12:00:00 AM,2,0,0,36.161700,-86.839000,43RD AVE N,,,,203.00,Feet,North,ALBION ST,,,,0.00,N,Not at Intersection,N,Non-Junction,None,,,         ,Joshua,Asbell,Unknown,Angle,no,no,no,no,yes,False
102616883,METROPOLITAN NASHVILLE POLICE DEPT,20200010351,Davidson,Nashville,1/6/2020 12:00:00 AM,1,0,0,36.230090,-86.743830,LEMONT DR,,,,85.00,Feet,South,BROADMOOR DR,,,,0.00,N,Not at Intersection,N,Non-Junction,None,,,         ,Landon,Bagwell,Clear,Unknown,no,no,no,no,no,False
102616886,METROPOLITAN NASHVILLE POLICE DEPT,20200010325,Davidson,Nashville,1/6/2020 3:53:00 AM,6,0,0,36.224790,-86.743290,LEMONT DR,,,,399.00,Feet,East,WHITE OAK CT,,,,0.00,N,Not at Intersection,N,Non-Junction,None,,,         ,Reginald,Pierre-Paul,Clear,"Sideswipe, Same Direction",no,no,no,no,yes,False
102616936,METROPOLITAN NASHVILLE POLICE DEPT,20200010433,Davidson,Nashville,1/6/2020 5:30:00 AM,2,0,0,36.044770,-86.660600,BELL RD,,,,39.00,Feet,West,I24 E ENT RAMP,,,,0.00,N,Not at Intersection,N,Non-Junction,None,,,         ,Jose,Oliveros,Clear,Front to Rear,no,no,no,no,no,False
102616944,Nashville Airport Police,20-00031,Davidson,Nashville,1/3/2020 11:00:00 AM,3,1,0,36.131840,-86.666060,TERMINAL DR,,,,0.00,,,,,,,0.00,,,N,Non-Junction,None,,,         ,Nicholas,Berens,Rain,Not Collision with Motor Vehicle in Transport,yes,no,no,yes,no,False
102616945,METROPOLITAN NASHVILLE POLICE DEPT,20200010465,Davidson,Nashville,1/6/2020 5:45:00 AM,2,0,0,36.189350,-86.823930,CLARKSVILLE PKE,,,,300.00,Feet,West,ROSA L PARKS BLVD,,,,0.00,N,Not at Intersection,N,Non-Junction,None,,,         ,Timothy,Skopek,Clear,Angle,no,no,no,no,no,False
102616998,METROPOLITAN NASHVILLE POLICE DEPT,20200010564,Davidson,Nashville,1/6/2020 7:23:00 AM,2,0,0,36.073120,-86.635750,BELL RD,,,,473.00,Feet,North,MURFREESBORO PKE,,,,0.00,N,Not at Intersection,N,Non-Junction,None,,,         ,Mario,Diaz,Clear,Front to Rear,no,no,no,no,no,False
102617009,METROPOLITAN NASHVILLE POLICE DEPT,20200010621,Davidson,Nashville,1/6/2020 7:38:00 AM,2,0,0,36.191870,-86.783210,I 65,,,,0.00,,,,,,,86.15,N,Not at Intersection, ,Non-Junction,None,,,         ,Cody,Jaworski,Clear,Angle,no,no,no,no,no,False
102617010,METROPOLITAN NASHVILLE POLICE DEPT,20200010676,Davidson,Nashville,1/6/2020 8:00:00 AM,2,0,0,36.135310,-86.823550,WEST END AV,,,,0.00,,,I440 WEST END AV ENT RAMP,,,,0.00,Y,T-Intersection, ,Intersection,None,,,         ,Curtis,Rich,Clear,Angle,no,no,no,no,no,False
102617015,METROPOLITAN NASHVILLE POLICE DEPT,20200010489,Davidson,Nashville,1/6/2020 6:27:00 AM,2,0,0,36.091210,-86.704270,I 24,,,,0.00,,,,,,,55.30,N,Not at Intersection,N,Non-Junction,None,,,         ,Jerre,Fly,Clear,"Sideswipe, Same Direction",no,no,no,no,yes,False
102617017,METROPOLITAN NASHVILLE POLICE DEPT,20200010697,Davidson,Nashville,1/6/2020 8:08:00 AM,2,0,0,36.167380,-86.765440,I 24,,,,0.00,,,,,,,48.90,N,Not at Intersection, ,Non-Junction,None,,,         ,Mathew,Clement,Clear,Front to Rear,no,no,no,no,no,False
102617020,METROPOLITAN NASHVILLE POLICE DEPT,20200010643,Davidson,Nashville,1/6/2020 7:51:00 AM,3,0,0,36.160580,-86.821050,I 40,,,,0.00,,,,,,,206.15,N,Not at Intersection,N,Non-Junction,None,,,         ,Jordan,Vrbas,Clear,Front to Rear,no,no,no,no,no,False
102617021,METROPOLITAN NASHVILLE POLICE DEPT,2020010615,Davidson,Nashville,1/6/2020 7:50:00 AM,2,1,0,36.194160,-86.832020,CLARKSVILLE PKE,,,,301.00,Feet,West,BUENA VISTA PKE,,,,0.00,N,Not at Intersection,N,Non-Junction,None,,,         ,Wesley,Young,Fog,Front to Rear,no,no,no,no,no,False
102617025,METROPOLITAN NASHVILLE POLICE DEPT,20200010634,Davidson,Nashville,1/6/2020 7:45:00 AM,2,0,0,36.127330,-86.815330,I 440,,,,0.00,,,,,,,2.20,N,Not at Intersection,N,Non-Junction,Construction Zone,Work On Shoulder Or Median,Activity Area,         ,Brian,Myatt,Clear,Front to Rear,no,no,no,no,no,False
102617026,METROPOLITAN NASHVILLE POLICE DEPT,20200010685,Davidson,Not in City Limit,1/6/2020 8:06:00 AM,2,1,0,36.269380,-86.689880,ROOSEVELT AV,,,,0.00,,,MYATT DR,,,,0.00,Y,T-Intersection,N,Intersection,None,,,         ,Michelle,Steidl,Clear,Angle,no,no,no,no,no,False
102617027,METROPOLITAN NASHVILLE POLICE DEPT,20200010730,Davidson,Nashville,1/6/2020 8:15:00 AM,2,0,0,36.185520,-86.817180,CLARKSVILLE PKE,,,,0.00,,,25TH AVN,,,,0.00,Y,Four-Way,N,Intersection,None,,,         ,Wesley,Young,Clear,Angle,no,no,no,no,no,False
102617032,METROPOLITAN NASHVILLE POLICE DEPT,20200010743,Davidson,Nashville,1/6/2020 8:28:00 AM,5,1,0,36.152980,-86.787650,I 40,,,,0.00,,,,,,,209.35,N,Not at Intersection,N,Entrance/Exit Ramp Related,None,,,         ,Nathan,Kemp,Clear,Front to Rear,no,no,no,no,no,False
102617036,METROPOLITAN NASHVILLE POLICE DEPT,20200010791,Davidson,Nashville,1/6/2020 8:44:00 AM,2,0,0,36.150540,-86.869050,PATTON AV,,,,0.00,,,TWIN ST,,,,0.00,Y,T-Intersection, ,Intersection,None,,,         ,Curtis,Rich,Clear,Angle,no,no,no,no,no,False
102617038,GOODLETTSVILLE POLICE DEPT,20-00635,Davidson,Goodlettsville,1/6/2020 6:10:00 AM,2,0,0,36.305910,-86.702490,VIETNAM VETERANS BLVDS,,,,46.00,Feet,East,VIETNAM VETERANS BLVD SB ENT R,,,,0.00,N,Not at Intersection, ,Non-Junction,None,,,         ,Donald,Brinton,Clear,Front to Rear,no,no,no,no,no,False
102617039,METROPOLITAN NASHVILLE POLICE DEPT,20200010734,Davidson,Not in City Limit,1/6/2020 8:25:00 AM,2,0,0,36.312980,-86.830710,I 24,,,,0.00,,,,,,,37.40,N,Not at Intersection, ,Non-Junction,None,,,         ,Jeanine,Sarno,Clear,Front to Rear,no,no,no,no,no,False
102617045,METROPOLITAN NASHVILLE POLICE DEPT,0010690,Davidson,Nashville,1/6/2020 8:08:00 AM,1,2,0,36.158300,-86.771900,1ST AVS,,,,4.00,Feet,North,KOREAN VETERANS BLVD,,,,0.00,N,Not at Intersection,Y,OtherLocation,None,,,         ,Harold,Wells,Clear,Not Collision with Motor Vehicle in Transport,no,no,no,no,no,False
102617054,METROPOLITAN NASHVILLE POLICE DEPT,20200010587,Davidson,Nashville,1/6/2020 7:29:00 AM,2,0,0,36.105900,-86.672430,MURFREESBORO PKE,,,,211.00,Feet,West,EZELL PKE,,,,0.00,N,Not at Intersection, ,Non-Junction,None,,,         ,Jason,Hees,Clear,"Sideswipe, Same Direction",no,no,no,no,no,False
102617070,METROPOLITAN NASHVILLE POLICE DEPT,20200010912,Davidson,Not in City Limit,1/6/2020 9:40:00 AM,2,0,0,36.049730,-86.952640,POPLAR CREEK TRC,,,,0.00,,,OLD HARDING PKE,,,,0.00,Y,T-Intersection, ,Intersection,None,,,         ,Douglas,Atwood,Clear,Angle,no,no,no,no,yes,False
102617074,METROPOLITAN NASHVILLE POLICE DEPT,20200010956,Davidson,Nashville,1/6/2020 10:02:00 AM,2,0,0,36.085800,-86.700700,HARDING PL,,,,232.00,Feet,East,I24 E EXT RAMP,,,,0.00,N,Not at Intersection, ,,None,,,         ,Charles,Wakefield,,,no,no,no,no,no,False
102617079,METROPOLITAN NASHVILLE POLICE DEPT,20200010807,Davidson,Nashville,1/6/2020 9:00:00 AM,2,0,0,36.118480,-86.726030,I 24,,,,0.00,,,,,,,53.00,N,Not at Intersection, ,Non-Junction,None,,,         ,Jessie,Meadows,Clear,"Sideswipe, Same Direction",no,no,no,no,no,False
102617080,METROPOLITAN NASHVILLE POLICE DEPT,20200010865,Davidson,Nashville,1/6/2020 9:31:00 AM,2,0,0,36.120970,-86.726700,I440 W ENT RAMP,,,,0.00,Feet,East,I 24,,,,0.00,N,Not at Intersection, ,Non-Junction,None,,,         ,Jessie,Meadows,Clear,Front to Rear,no,no,no,no,no,False
102617081,METROPOLITAN NASHVILLE POLICE DEPT,20200010933,Davidson,Nashville,1/6/2020 9:55:00 AM,2,0,0,36.120650,-86.726810,I 24,,,,0.00,,,,,,,52.90,N,Not at Intersection,N,Non-Junction,None,,,         ,Jessie,Meadows,Clear,"Sideswipe, Same Direction",no,no,no,no,no,False
102617086,METROPOLITAN NASHVILLE POLICE DEPT,20200010924,Davidson,Nashville,1/6/2020 9:55:00 AM,2,1,0,36.153930,-86.857490,URBANDALE AV,,,,0.00,,,BRILEY PKWYN,,,,0.00,Y,Four-Way,N,Intersection,None,,,         ,Curtis,Rich,Clear,Angle,no,no,no,no,no,False
102617087,METROPOLITAN NASHVILLE POLICE DEPT,20200011016,Davidson,Nashville,1/6/2020 12:00:00 AM,2,0,0,36.158910,-86.843600,MICHIGAN AV,,,,76.00,Feet,East,47TH AVN,,,,0.00,N,Not at Intersection, ,Non-Junction,None,,,         ,Brian,Myatt,Clear,Unknown,no,no,no,no,yes,False
102617093,METROPOLITAN NASHVILLE POLICE DEPT,20200011035,Davidson,Nashville,1/6/2020 11:00:00 AM,2,0,0,36.188870,-86.793030,I 65,,,,0.00,,,,,,,85.55,N,Not at Intersection,N,Non-Junction,None,,,         ,Wesley,Young,Clear,"Sideswipe, Same Direction",no,no,no,no,yes,False
102617116,METROPOLITAN NASHVILLE POLICE DEPT,20200009403,Davidson,Nashville,1/5/2020 1:57:00 PM,2,0,0,36.106440,-86.813490,US HWY 431,,,,251.00,Feet,North,ABBOTT MARTIN RD,,,,0.00,N,Not at Intersection, ,,None,,,         ,Terrence,Bradley,,,no,no,no,no,no,False
102617117,METROPOLITAN NASHVILLE POLICE DEPT,20200011083,Davidson,Nashville,1/6/2020 11:30:00 AM,2,0,0,36.090060,-86.716880,BENITA DR,,,,500.00,Feet,East,PARAGON MILLS RD,,,,0.00,N,Not at Intersection, ,Non-Junction,None,,,         ,Jessie,Meadows,Clear,Rear to Side,no,no,no,no,no,False
102617129,METROPOLITAN NASHVILLE POLICE DEPT,20200011206,Davidson,Nashville,1/6/2020 11:55:00 AM,2,0,0,36.146280,-86.870510,CHARLOTTE PKE,,,,92.00,Feet,East,WESTBORO DR,,,,0.00,N,Not at Intersection,N,Non-Junction,None,,,         ,Curtis,Rich,Clear,Front to Rear,no,no,no,no,no,False
102617165,METROPOLITAN NASHVILLE POLICE DEPT,20200011172,Davidson,Nashville,1/6/2020 11:59:00 AM,1,0,0,36.160880,-86.760600,I 24,,,,0.00,,,,,,,49.40,N,Not at Intersection,N,Non-Junction,None,,,         ,Torrance,Bennett,Clear,Not Collision with Motor Vehicle in Transport,no,no,no,no,no,False
102617169,METROPOLITAN NASHVILLE POLICE DEPT,20200011262,Davidson,Nashville,1/6/2020 11:39:00 AM,2,0,0,36.169270,-86.680640,LEBANON PKE,,,,226.00,Feet,West,MCGAVOCK PKE,,,,0.00,N,Not at Intersection, ,Non-Junction,None,,,         ,Joshua,Hausman,Clear,Front to Rear,no,no,no,no,no,False
102617170,METROPOLITAN NASHVILLE POLICE DEPT,20200011250,Davidson,Nashville,1/6/2020 12:35:00 PM,2,1,0,36.225210,-86.625580,OLD HICKORY BLVD,,,,0.00,,,CENTER ST,,,,0.00,Y,T-Intersection,N,Intersection-Related,None,,,         ,Ian,Hammond,Clear,Angle,no,no,no,no,no,False
102617200,METROPOLITAN NASHVILLE POLICE DEPT,20200010953,Davidson,Nashville,1/6/2020 9:56:00 AM,1,0,0,36.154320,-86.742130,LEBANON PKE,,,,0.00,Feet,,FESSLERS LN,,,,0.00,Y,T-Intersection,N,Intersection-Related,None,,,         ,Tien,Nguyen,Clear,Not Collision with Motor Vehicle in Transport,no,no,no,no,no,False