master_record_number,agency,agency_tracking_number,county,city,collision_date,vehicles_involved,number_injured,number_dead,latitude,longitude,roadway_name,roadway_suffix,roadway_number,roadway_local_id,distance_from_reference,miles-feet_indicator,direction_from_reference,intersection_road_name,intersection_road_name_suffix,intersection_road_number,intersection_local_id,mile_marker,intersection_indicator,intersect_type,interchange_related_indicator,relation_to_junction,work_zone_type,construction_maintenance_zone,construction_maintenance_zone_location,fatal_case_number,officer_first_name,officer_last_name,weather_condition(s),manner_of_crash,pedestrian,bicycle,scooter,parking,hitrun,mou
102617841,METROPOLITAN NASHVILLE POLICE DEPT,20200013260,Davidson,Nashville,1/7/2020 7:31:00 AM,2,0,0,36.108110,-86.769000,I 65,,,,0.00,,,,,,,79.60,N,Not at Intersection, ,Non-Junction,None,,,         ,Brent,Bauer,Clear,"Sideswipe, Same Direction",no,no,no,no,no,False
102617845,METROPOLITAN NASHVILLE POLICE DEPT,20200013242,Davidson,Nashville,1/7/2020 7:17:00 AM,4,0,0,36.158840,-86.585740,S NEW HOPE RD,,,,250.00,Feet,North,REGATTA BLVD,,,,0.00,N,Not at Intersection,N,Non-Junction,None,,,         ,Michael,Dance,Clear,Front to Rear,no,no,no,no,no,False
102617849,METROPOLITAN NASHVILLE POLICE DEPT,20200013199,Davidson,Nashville,1/7/2020 6:30:00 AM,2,0,0,36.168880,-86.813370,I 40,,,,0.00,,,,,,,206.90,N,Not at Intersection,N,Non-Junction,None,,,         ,Phillip,Black,Clear,"Sideswipe, Same Direction",no,no,no,no,yes,False
102617851,METROPOLITAN NASHVILLE POLICE DEPT,20200013220,Davidson,Nashville,1/7/2020 7:00:00 AM,2,0,0,36.134580,-86.723380,MURFREESBORO PKE,,,,316.00,Feet,West,PLUS PARK BLVD,,,,0.00,N,Not at Intersection,N,"Driveway, Alley Access, etc",None,,,         ,Matthew,Swindell,Clear,Angle,no,no,no,no,no,False
102617857,METROPOLITAN NASHVILLE POLICE DEPT,20200013310,Davidson,Nashville,1/7/2020 7:49:00 AM,2,1,0,36.153710,-86.788180,I40 E ENT RAMP,,,,0.00,Feet,East,I 40,,,,0.00,N,Not at Intersection,N,Non-Junction,None,,,         ,Walter,Cothran,Clear,Front to Rear,no,no,no,no,no,False
102617859,METROPOLITAN NASHVILLE POLICE DEPT,20200013358,Davidson,Nashville,1/7/2020 7:55:00 AM,1,0,0,36.214270,-86.709550,RIVERWOOD DR,,,,0.00,,,OLGA AV,,,,0.00,Y,OTHER, ,,None,,,         ,Eric,Knight,,,no,no,no,no,no,False
102617860,METROPOLITAN NASHVILLE POLICE DEPT,20200013349,Davidson,Nashville,1/7/2020 7:40:00 AM,2,0,0,36.112170,-86.771510,I440 ENT RAMP,,,,0.00,Feet,East,I 65,,,,0.00,N,Not at Intersection,Y,Entrance/Exit Ramp Related,None,,,         ,Brent,Bauer,Clear,Front to Rear,no,no,no,no,no,False
102617861,METROPOLITAN NASHVILLE POLICE DEPT,20200013411,Davidson,Nashville,1/7/2020 8:15:00 AM,2,0,0,36.131730,-86.779090,SOUTH DOUGLAS AV,,,,36.00,Feet,West,8TH AVS,,,,0.00,N,Not at Intersection, ,,None,,,         ,Melissa,Lomax,,,no,no,no,no,no,False
102617876,GOODLETTSVILLE POLICE DEPT,20-00734,Davidson,Goodlettsville,1/7/2020 8:17:00 AM,1,2,0,36.302620,-86.703190,WREN RD,,,,0.00,,,MEADOW LARK LN,,,,0.00,Y,Four-Way,N,Intersection,None,,,         ,Benny,Alexander,Clear,Not Collision with Motor Vehicle in Transport,no,no,no,no,no,False
102617877,METROPOLITAN NASHVILLE POLICE DEPT,20200013386,Davidson,Nashville,1/7/2020 8:12:00 AM,2,0,0,36.105850,-86.672330,MURFREESBORO PKE,,,,178.00,Feet,West,EZELL PKE,,,,0.00,N,Not at Intersection, ,Non-Junction,None,,,         ,Patrick,Lancaster,Clear,"Sideswipe, Same Direction",no,no,no,no,no,False
102617882,METROPOLITAN NASHVILLE POLICE DEPT,20200013519,Davidson,Nashville,1/7/2020 9:15:00 AM,2,0,0,36.135730,-86.763280,WINGROVE ST,,,,0.00,,,BYRUM AV,,,,0.00,Y,T-Intersection, ,,Construction Zone,,,         ,Jackson,Smythe,,,no,no,no,no,no,False
102617908,METROPOLITAN NASHVILLE POLICE DEPT,20200013495,Davidson,Nashville,1/7/2020 9:04:00 AM,2,1,0,36.192700,-86.753010,ELLINGTON PKWYS,,,,80.00,Feet,West,ELLINGTON PKWYN,,,,0.00,N,Not at Intersection,N,Non-Junction,None,,,         ,Joseph,Progar,Clear,Front to Rear,no,no,no,no,no,False
102617915,METROPOLITAN NASHVILLE POLICE DEPT,20200013326,Davidson,Nashville,1/7/2020 7:55:00 AM,3,0,0,36.124070,-86.737770,GLENROSE AV,,,,281.00,Feet,West,ORIEL AV,,,,0.00,N,Not at Intersection, ,Non-Junction,None,,,         ,Jessie,Meadows,Clear,Front to Rear,no,no,no,no,no,False
102617916,METROPOLITAN NASHVILLE POLICE DEPT,20200013527,Davidson,Nashville,1/7/2020 9:17:00 AM,2,1,0,36.089640,-86.700100,METROPLEX DR,,,,344.00,Feet,South,PARAGON MILLS RD,,,,0.00,N,Not at Intersection,N,Non-Junction,None,,,         ,Jessie,Meadows,Clear,Angle,no,no,no,no,no,False
102617926,METROPOLITAN NASHVILLE POLICE DEPT,20200013518,Davidson,Nashville,1/7/2020 8:43:00 AM,2,0,0,36.079490,-86.644600,EDGE O LAKE DR,,,,0.00,,,MURFREESBORO PKE,,,,0.00,Y,Four-Way,N,Intersection,None,,,         ,Michael,Dance,Clear,Front to Rear,no,no,no,no,yes,False
102617930,METROPOLITAN NASHVILLE POLICE DEPT,20200013603,Davidson,Nashville,1/7/2020 9:50:00 AM,2,0,0,36.185500,-86.797810,I65 S EXT RAMP,,,,0.00,Feet,East,I 65,,,,0.00,N,Not at Intersection, ,,None,,,         ,Phillip,Black,,,no,no,no,no,no,False
102617933,METROPOLITAN NASHVILLE POLICE DEPT,20200013587,Davidson,Nashville,1/7/2020 9:50:00 AM,2,0,0,36.097050,-86.732960,SABRE DR,,,,105.00,Feet,North,HEWLETT DR,,,,0.00,N,Not at Intersection, ,Non-Junction,None,,,         ,Jessie,Meadows,Clear,Rear to Side,no,no,no,no,no,False
102617938,METROPOLITAN NASHVILLE POLICE DEPT,20200013574,Davidson,Nashville,1/7/2020 9:15:00 AM,2,0,0,36.166230,-86.817270,I 40,,,,0.00,,,,,,,206.65,N,Not at Intersection,N,Non-Junction,None,,,         ,Bianca,Crawford,Clear,Front to Rear,no,no,no,no,no,False
102617950,METROPOLITAN NASHVILLE POLICE DEPT,20200013586,Davidson,Nashville,1/7/2020 12:00:00 AM,2,2,0,36.151760,-86.768630,2ND AVS,,,,0.00,,,I40 W EXT RAMP,,,,0.00,Y,OTHER,N,Entrance/Exit Ramp Related,None,,,         ,James,Thornton,Clear,Angle,no,no,no,no,no,False
102617957,METROPOLITAN NASHVILLE POLICE DEPT,20200013685,Davidson,Nashville,1/7/2020 10:40:00 AM,2,0,0,36.125250,-86.778700,ELLIOTT AV,,,,256.00,Feet,North,INVERNESS AV,,,,0.00,N,Not at Intersection, ,,None,,,         ,Jackson,Smythe,,,no,no,no,no,no,False
102617964,METROPOLITAN NASHVILLE POLICE DEPT,20200013365,Davidson,Nashville,1/7/2020 8:13:00 AM,2,0,0,36.121420,-86.696680,BRILEY PKWYN,,,,34.00,Feet,South,BRILEY PKWY N ENT RAMP,,,,0.00,N,Not at Intersection, ,,None,,,         ,Terry,Denton,,,no,no,no,no,no,False
102617965,METROPOLITAN NASHVILLE POLICE DEPT,20200013706,Davidson,Nashville,1/7/2020 10:50:00 AM,2,0,0,36.113130,-86.800920,WOODMONT BLVD,,,,208.00,Feet,East,RICHARDS ST,,,,0.00,N,Not at Intersection, ,,None,,,         ,Melissa,Lomax,,,no,no,no,no,no,False
102617967,METROPOLITAN NASHVILLE POLICE DEPT,20200011303,Davidson,Nashville,1/6/2020 1:00:00 PM,4,0,0,36.168300,-86.760310,S 6TH ST,,,,6.00,Feet,South,SHELBY AVE,,,,0.00,N,Not at Intersection,N,Non-Junction,None,,,         ,Keiara,Ward,Clear,HeadOn,no,no,no,no,no,False
102617978,METROPOLITAN NASHVILLE POLICE DEPT,20200013606,Davidson,Nashville,1/7/2020 8:20:00 AM,1,1,0,36.081100,-86.758360,HARDING PL,,,,0.00,,,TROUSDALE DR,,,,0.00,Y,Four-Way,N,Intersection-Related,None,,,         ,Theodore,Flick,Clear,Not Collision with Motor Vehicle in Transport,yes,no,no,no,yes,False
102617982,GOODLETTSVILLE POLICE DEPT,20-00735,Davidson,Goodlettsville,1/7/2020 8:55:00 AM,2,0,0,36.306840,-86.694350,CONFERENCE DR,,,,0.00,,,VIETNAM VETERANS BLVD NB ENT R,,,,0.00,Y,T-Intersection,N,Intersection-Related,None,,,         ,Charles,Hauskin,Clear,Angle,no,no,no,no,no,False
102617993,METROPOLITAN NASHVILLE POLICE DEPT,20200013602,Davidson,Nashville,1/7/2020 9:43:00 AM,2,0,0,36.153570,-86.788410,14TH AVS,,,,0.00,,,DEMONBREUN ST,,,,0.00,Y,Four-Way,N,Intersection,None,,,         ,Michelle,Norris,Clear,Angle,no,no,no,no,no,False
102618009,METROPOLITAN NASHVILLE POLICE DEPT,20200013554,Davidson,Nashville,1/7/2020 8:50:00 AM,2,0,0,36.079260,-86.747010,HARDING PL,,,,578.00,Feet,West,BINKLEY DR,,,,0.00,N,Not at Intersection, ,,None,,,         ,Cynthia,Quirouette,,,no,no,no,no,no,False
102618011,METROPOLITAN NASHVILLE POLICE DEPT,20200013851,Davidson,Nashville,1/7/2020 12:00:00 AM,2,0,0,36.154940,-86.782060,10TH AVS,,,,0.00,,,CLARK PL,,,,0.00,Y,T-Intersection, ,,None,,,         ,James,Thornton,,,no,no,no,no,no,False
102618013,METROPOLITAN NASHVILLE POLICE DEPT,20200013766,Davidson,Nashville,1/7/2020 10:44:00 AM,2,0,0,36.150540,-86.767850,2ND AVS,,,,0.00,,,LAFAYETTE ST,,,,0.00,Y,Four-Way, ,Non-Junction,None,,,         ,Michael,Dance,Clear,Angle,no,no,no,no,no,False
102618015,METROPOLITAN NASHVILLE POLICE DEPT,20190013511,Davidson,Not in City Limit,1/7/2020 11:15:00 AM,2,1,0,36.091590,-86.988090,HIGHWAY 70,,,,326.00,Feet,West,NEWSOM STATION RD,,,,0.00,N,Not at Intersection,N,Non-Junction,None,,,         ,George,Spencer,Clear,"Sideswipe, Opposite Direction",no,no,no,no,no,False
102618020,METROPOLITAN NASHVILLE POLICE DEPT,20200013865,Davidson,Antioch,1/7/2020 12:25:00 PM,2,0,0,36.047840,-86.612050,MURFREESBORO PKE,,,,0.00,,,MOUNTAIN SPRINGS RD,,,,0.00,Y,Four-Way, ,,None,,,         ,Steven,Williams,,,no,no,no,no,no,False
102618030,METROPOLITAN NASHVILLE POLICE DEPT,20200013266,Davidson,Goodlettsville,1/7/2020 7:31:00 AM,2,1,0,36.303390,-86.690910,GALLATIN PKEN,,,,170.00,Feet,West,RIVERGATE MARKETPLACE PVTDR,,,,0.00,N,Not at Intersection,N,Non-Junction,None,,,         ,Cyretha,Frazier,Clear,Front to Rear,no,no,no,no,no,False
102618039,METROPOLITAN NASHVILLE POLICE DEPT,20200013813,Davidson,Nashville,1/7/2020 11:54:00 AM,2,0,0,36.207790,-86.611570,HIGHLAND VIEW DR,,,,0.00,,,LEBANON PKE,,,,0.00,Y,T-Intersection, ,Intersection,None,,,         ,Michael,Dance,Clear,Front to Rear,no,no,no,no,no,False
102618049,BELLE MEADE POLICE DEPT,20-0008,Davidson,Nashville,1/7/2020 7:50:00 AM,1,1,0,36.072910,-86.871370,PAGE,ROW,,,200.00,Feet,West,CHICKERING,RD,,,0.00,N,Not at Intersection,N,Non-Junction,None,,,         ,Mark,Hill,Cloudy,Not Collision with Motor Vehicle in Transport,no,no,no,no,no,False
102618051,BERRY HILL POLICE DEPT,20-0087,Davidson,Berry Hill,1/7/2020 7:43:00 AM,2,0,0,36.120680,-86.775160,FRANKLIN PKE,,,,17.00,Feet,East,KIRKWOOD AV,,,,0.00,N,Not at Intersection, ,"Driveway, Alley Access, etc",None,,,         ,Ronnie,Hill,Clear,Angle,no,no,no,no,no,False
102618056,METROPOLITAN NASHVILLE POLICE DEPT,20200013497,Davidson,Nashville,1/7/2020 9:05:00 AM,1,0,0,36.144070,-86.699470,I40 E ENT RAMP,,,,0.00,,,I 40,,,,0.00,Y,OTHER,Y,Entrance/Exit Ramp Related,None,,,         ,Terry,Denton,Clear,Not Collision with Motor Vehicle in Transport,no,no,no,no,no,False
102618061,METROPOLITAN NASHVILLE POLICE DEPT,20200013939,Davidson,Nashville,1/7/2020 12:58:00 PM,2,0,0,36.116860,-86.807290,BENHAM AV,,,,485.00,Feet,East,STOKES LN,,,,0.00,N,Not at Intersection, ,Non-Junction,None,,,         ,Brent,Bauer,Clear,Rear to Side,no,no,no,no,no,False
102618081,METROPOLITAN NASHVILLE POLICE DEPT,20200013843,Davidson,Nashville,1/7/2020 12:13:00 PM,1,1,0,36.140070,-86.726100,I24E,,,,628.00,Feet,North,I40 E ENT RAMP,,,,0.00,N,Not at Intersection,N,Entrance/Exit Ramp Related,None,,,         ,Ralph,Harvey,Clear,Not Collision with Motor Vehicle in Transport,no,no,no,no,no,False
102618108,METROPOLITAN NASHVILLE POLICE DEPT,2020-0013276,Davidson,Nashville,1/7/2020 7:35:00 AM,3,0,0,36.167640,-86.687880,BRILEY PKWY N EXT RAMP,,,,0.00,,,BRILEY PKWYN,,,,0.00,Y,OTHER, ,,None,,,         ,Frank,Walker,,,no,no,no,no,no,False
102618110,METROPOLITAN NASHVILLE POLICE DEPT,20200013881,Davidson,Nashville,1/7/2020 12:30:00 PM,2,0,0,36.156200,-86.767690,HERMITAGE AV,,,,228.00,Feet,West,MIDDLETON ST,,,,0.00,N,Not at Intersection, ,,None,,,         ,Henry,Perez,,,no,no,no,no,no,False
102618116,METROPOLITAN NASHVILLE POLICE DEPT,20200014015,Davidson,Nashville,1/7/2020 1:34:00 PM,2,0,0,36.190620,-86.606750,ANDREW JACKSON PKWY,,,,521.00,Feet,North,CHANDLER RD,,,,0.00,N,Not at Intersection,N,Non-Junction,None,,,         ,Michael,Dance,Clear,"Sideswipe, Same Direction",no,no,no,no,no,False
102618139,METROPOLITAN NASHVILLE POLICE DEPT,20200013966,Davidson,Nashville,1/7/2020 1:00:00 PM,2,0,0,36.119100,-86.699100,BRILEY PKWY S EXT RAMP,,,,0.00,Feet,East,BRILEY PKWYS,,,,0.00,N,Not at Intersection, ,Entrance/Exit Ramp Related,None,,,         ,Patrick,Lancaster,Clear,Front to Rear,no,no,no,no,no,False
102618146,METROPOLITAN NASHVILLE POLICE DEPT,20200014043,Davidson,Nashville,1/7/2020 1:47:00 PM,2,0,0,36.149590,-86.784060,I 40,,,,0.00,,,,,,,209.60,N,Not at Intersection, ,,None,,,         ,Melissa,Lomax,,,no,no,no,no,no,False
102618177,METROPOLITAN NASHVILLE POLICE DEPT,20200013753,Davidson,Antioch,1/7/2020 9:20:00 AM,2,0,0,36.042290,-86.607530,HOBSON PKE,,,,353.00,Feet,West,MURFREESBORO PKE,,,,0.00,N,Not at Intersection, ,Non-Junction,None,,,         ,Nicholas,Carter,Clear,Angle,no,no,no,no,no,False
102618211,GOODLETTSVILLE POLICE DEPT,20-00757,Davidson,Goodlettsville,1/7/2020 1:50:00 PM,1,0,0,36.317120,-86.701570,I 65,,,,0.00,,,,,,,96.50,N,Not at Intersection, ,Non-Junction,None,,,         ,Charles,Hauskin,Clear,Not Collision with Motor Vehicle in Transport,no,no,no,no,no,False
102618228,METROPOLITAN NASHVILLE POLICE DEPT,20200013947,Davidson,Nashville,1/7/2020 1:00:00 PM,2,0,0,36.193020,-86.802120,ROSA L PARKS BLVD,,,,86.00,Feet,West,ATHENS WAY,,,,0.00,N,Not at Intersection, ,Non-Junction,None,,,         ,Alec,Pellissier,Clear,Angle,no,no,no,no,no,False
102618234,METROPOLITAN NASHVILLE POLICE DEPT,20200013992,Davidson,Nashville,1/7/2020 1:21:00 PM,1,0,0,36.168880,-86.779450,2ND AVN,,,,135.00,Feet,South,GAY ST,,,,0.00,N,Not at Intersection,N,Non-Junction,None,,,         ,Mathew,Clement,Clear,Not Collision with Motor Vehicle in Transport,no,no,no,yes,no,False
102618235,METROPOLITAN NASHVILLE POLICE DEPT,20200014125,Davidson,Nashville,1/7/2020 2:43:00 PM,2,0,0,36.086910,-86.648680,MURFREESBORO PKE,,,,0.00,,,NASHBORO BLVD,,,,0.00,Y,Four-Way,Y,Intersection,None,,,         ,Kelsey,Hemminger,Clear,Front to Rear,no,no,no,no,no,False
102618249,METROPOLITAN NASHVILLE POLICE DEPT,20200013656,Davidson,Nashville,1/7/2020 10:00:00 AM,2,0,0,36.016850,-86.619880,FIRESTONE PKWY,,,,200.00,Feet,East,OLD HICKORY BLVD,,,,0.00,N,Not at Intersection,N,Non-Junction,None,,,         ,Caleb,Jernigan,Clear,Rear to Side,no,no,no,yes,yes,False
102618252,METROPOLITAN NASHVILLE POLICE DEPT,20200014211,Davidson,Not in City Limit,1/7/2020 3:23:00 PM,2,0,0,36.269340,-86.756340,OLD HICKORY BLVD,,,,183.00,Feet,West,DICKERSON PKE,,,,0.00,N,Not at Intersection, ,Non-Junction,None,,,         ,Christopher,Littles,Clear,"Sideswipe, Same Direction",no,no,no,no,no,False
102618270,METROPOLITAN NASHVILLE POLICE DEPT,20200014182,Davidson,Nashville,1/7/2020 2:12:00 PM,2,0,0,36.134020,-86.722560,MURFREESBORO PKE,,,,0.00,Feet,West,PLUS PARK BLVD,,,,0.00,N,Not at Intersection, ,Non-Junction,None,,,         ,Deandera,Payne,Clear,Angle,no,no,no,no,no,False
102618277,METROPOLITAN NASHVILLE POLICE DEPT,20200014187,Davidson,Not in City Limit,1/7/2020 2:03:00 PM,2,1,0,36.328910,-86.895390,I 24,,,,0.00,,,,,,,33.40,N,Not at Intersection,N,Non-Junction,None,,,         ,Anna,Clayton,Clear,Front to Rear,no,no,no,no,no,False
102618296,METROPOLITAN NASHVILLE POLICE DEPT,20200013837,Davidson,Nashville,1/7/2020 12:07:00 PM,2,0,0,36.066550,-86.638870,RICE RD,,,,37.00,Feet,South,RICE HILL CIR,,,,0.00,N,Not at Intersection,N,Non-Junction,None,,,         ,Jessie,Meadows,Clear,Angle,no,no,no,no,no,False
102618297,METROPOLITAN NASHVILLE POLICE DEPT,20200014296,Davidson,Nashville,1/7/2020 2:00:00 PM,2,0,0,36.183340,-86.802760,9TH AVN,,,,76.00,Feet,North,COFFEE ST,,,,0.00,N,Not at Intersection,N,Non-Junction,None,,,         ,Daniel,Kallman,Clear,"Sideswipe, Opposite Direction",no,no,no,no,yes,False
102618298,METROPOLITAN NASHVILLE POLICE DEPT,20200014287,Davidson,Nashville,1/7/2020 3:28:00 PM,2,0,0,36.171380,-86.769160,JAMES ROBERTSON PKWY,,,,69.00,Feet,East,MAIN ST,,,,0.00,N,Not at Intersection, ,Non-Junction,None,,,         ,Roy,Sain Jr.,Clear,Front to Rear,no,no,no,no,no,False
102618301,METROPOLITAN NASHVILLE POLICE DEPT,20200014284,Davidson,Nashville,1/7/2020 3:55:00 PM,2,1,0,36.083530,-86.623410,RURAL HILL RD,,,,214.00,Feet,North,RURAL HILL CIR,,,,0.00,N,Not at Intersection,N,Non-Junction,None,,,         ,Steven,Powers,Clear,Angle,no,no,no,no,no,False
102618305,METROPOLITAN NASHVILLE POLICE DEPT,20200014231,Davidson,Nashville,1/7/2020 2:51:00 PM,2,0,0,36.130420,-86.899990,I40 W EXT RAMP,,,,0.00,Feet,East,I 40,,,,0.00,N,Not at Intersection, ,Entrance/Exit Ramp Related,None,,,         ,Lawrence,Whited,Clear,Front to Rear,no,no,no,no,no,False
102618335,METROPOLITAN NASHVILLE POLICE DEPT,20200014107,Davidson,Nashville,1/7/2020 2:29:00 PM,2,0,0,36.087440,-86.730800,NOLENSVILLE PKE,,,,266.00,Feet,North,ELYSIAN FIELDS CT,,,,0.00,N,Not at Intersection, ,Non-Junction,None,,,         ,Brady,Reynolds,Clear,Angle,no,no,no,no,no,False
102618336,METROPOLITAN NASHVILLE POLICE DEPT,20200014267,Davidson,Nashville,1/7/2020 3:49:00 PM,2,0,0,36.163520,-86.762270,I 24,,,,0.00,,,,,,,49.20,N,Not at Intersection,N,Non-Junction,None,,,         ,Brent,Morris,Clear,Front to Rear,no,no,no,no,no,False
102618350,METROPOLITAN NASHVILLE POLICE DEPT,20200014241,Davidson,Nashville,1/7/2020 3:29:00 PM,2,0,0,36.157820,-86.791810,CHURCH ST,,,,70.00,Feet,West,14TH AVN,,,,0.00,N,Not at Intersection,N,Non-Junction,None,,,         ,FELIKS,ABRAHAMYAN,Clear,Front to Rear,no,no,no,no,no,False
102618356,METROPOLITAN NASHVILLE POLICE DEPT,20200014387,Davidson,Nashville,1/7/2020 4:20:00 PM,2,0,0,36.108040,-86.769330,I 65,,,,0.00,,,,,,,79.60,N,Not at Intersection,N,Non-Junction,None,,,         ,Darci,Stechman,Clear,"Sideswipe, Same Direction",no,no,no,no,no,False
102618371,METROPOLITAN NASHVILLE POLICE DEPT,20200014299,Davidson,Nashville,1/7/2020 3:47:00 PM,2,0,0,36.153260,-86.792180,16TH AVS,,,,0.00,,,MCGAVOCK ST,,,,0.00,Y,Four-Way,N,Intersection,None,,,         ,William,Hamblen,Clear,Angle,no,no,no,no,no,False
102618398,METROPOLITAN NASHVILLE POLICE DEPT,20200014440,Davidson,Nashville,1/7/2020 4:21:00 PM,2,0,0,36.162510,-86.789710,CHARLOTTE AVE,,,,226.00,Feet,South,BURKE ALY,,,,0.00,N,Not at Intersection, ,Non-Junction,None,,,         ,Brent,Morris,Clear,Front to Rear,no,no,no,no,no,False
102618400,METROPOLITAN NASHVILLE POLICE DEPT,20200014482,Davidson,Not in City Limit,1/7/2020 5:30:00 PM,2,1,0,36.262210,-86.712210,GALLATIN PKES,,,,0.00,Feet,,E OLD HICKORY BLVD,,,,0.00,Y,Four-Way,N,Intersection-Related,None,,,         ,Christopher,Littles,Clear,HeadOn,no,no,no,no,no,False
102618403,METROPOLITAN NASHVILLE POLICE DEPT,20200014233,Davidson,Nashville,1/7/2020 3:20:00 PM,2,0,0,36.164160,-86.762980,I 24,,,,0.00,,,,,,,49.15,N,Not at Intersection,N,Non-Junction,None,,,         ,David,Snowden,Clear,Angle,no,no,no,no,no,False
102618414,BERRY HILL POLICE DEPT,20-0092,Davidson,Berry Hill,1/7/2020 12:00:00 AM,2,0,0,36.121430,-86.775480,FRANKLIN PKE,,,,239.00,Feet,North,KIRKWOOD AV,,,,0.00,N,Not at Intersection, ,Non-Junction,None,,,         ,John,Gleixner,Cloudy,Angle,no,no,no,no,no,False
102618420,METROPOLITAN NASHVILLE POLICE DEPT,20200014406,Davidson,Nashville,1/7/2020 4:40:00 PM,2,0,0,36.135540,-86.760020,NOLENSVILLE PKE,,,,35.00,Feet,North,WINGROVE ST,,,,0.00,N,Not at Intersection,N,Non-Junction,None,,,         ,Ciarra,Rench,Clear,Angle,no,no,no,no,yes,False
102618421,METROPOLITAN NASHVILLE POLICE DEPT,20200011528,Davidson,Nashville,1/6/2020 3:12:00 PM,2,1,0,36.113690,-86.772560,I 65,,,,0.00,,,,,,,80.00,N,Not at Intersection,N,Unknown,None,,,         ,Benny,Pittman,Clear,Unknown,no,no,no,no,no,False
102618423,METROPOLITAN NASHVILLE POLICE DEPT,20200014432,Davidson,Nashville,1/7/2020 5:10:00 PM,2,0,0,36.188680,-86.775360,I 24,,,,0.00,,,,,,,47.00,N,Not at Intersection,Y,Non-Junction,None,,,         ,Stephen,Johnston,Clear,Angle,no,no,no,no,yes,False
102618428,METROPOLITAN NASHVILLE POLICE DEPT,20200014565,Davidson,Nashville,1/7/2020 5:22:00 PM,2,0,0,36.105350,-86.628840,BELL RD,,,,723.00,Feet,South,NED SHELTON RD,,,,0.00,N,Not at Intersection,N,Non-Junction,None,,,         ,Joseph,Simon,Clear,Front to Rear,no,no,no,no,yes,False
102618429,METROPOLITAN NASHVILLE POLICE DEPT,20200014468,Davidson,Nashville,1/7/2020 5:24:00 PM,1,1,0,36.045620,-86.743910,EDMONDSON PKE,,,,118.00,Feet,South,EDMONDSON PKE PVTDR,,,,0.00,N,Not at Intersection, ,Non-Junction,None,,,         ,FELIKS,ABRAHAMYAN,Clear,Not Collision with Motor Vehicle in Transport,yes,no,no,no,no,False
102618433,METROPOLITAN NASHVILLE POLICE DEPT,20200014580,Davidson,Goodlettsville,1/7/2020 6:18:00 PM,2,0,0,36.299790,-86.696600,CUDE LN,,,,0.00,,,GALLATIN PKEN,,,,0.00,Y,Four-Way,N,Intersection,None,,,         ,Christopher,Littles,Clear,Front to Rear,no,no,no,no,yes,False
102618434,METROPOLITAN NASHVILLE POLICE DEPT,20200014573,Davidson,Nashville,1/7/2020 5:15:00 PM,2,0,0,36.104940,-86.772740,FRANKLIN PKE,,,,190.00,Feet,South,CALDWELL LN,,,,0.00,N,Not at Intersection,N,Non-Junction,None,,,         ,Darci,Stechman,Clear,Front to Rear,no,no,no,no,no,False
102618435,METROPOLITAN NASHVILLE POLICE DEPT,20200014433,Davidson,Nashville,1/7/2020 4:30:00 PM,3,0,0,36.113690,-86.772560,I 65,,,,0.00,,,,,,,80.00,N,Not at Intersection,N,Non-Junction,None,,,         ,Benny,Pittman,Clear,Front to Rear,no,no,no,no,no,False
102618439,METROPOLITAN NASHVILLE POLICE DEPT,20200014410,Davidson,Nashville,1/7/2020 4:30:00 PM,2,0,0,36.080400,-86.717930,RECOVERY RD,,,,0.00,,,HARDING PL,,,,0.00,Y,T-Intersection,N,Intersection,None,,,         ,Steven,Begley,Clear,Front to Rear,no,no,no,no,yes,False
102618449,METROPOLITAN NASHVILLE POLICE DEPT,20200014465,Davidson,Nashville,1/7/2020 5:22:00 PM,2,0,0,36.199130,-86.741180,DELMAS AV,,,,71.00,Feet,West,GALLATIN PKE,,,,0.00,N,Not at Intersection, ,Non-Junction,None,,,         ,Marc,Kozen,Clear,Front to Rear,no,no,no,no,no,False
102618451,METROPOLITAN NASHVILLE POLICE DEPT,20200014259,Davidson,Nashville,1/7/2020 3:45:00 PM,2,0,0,36.069590,-86.693910,HAYWOOD LN,,,,0.00,,,EZELL RD,,,,0.00,Y,Four-Way,Y,Intersection,None,,,         ,Edward,Starke,Clear,Front to Rear,no,no,no,no,no,False
102618454,METROPOLITAN NASHVILLE POLICE DEPT,20200014589,Davidson,Nashville,1/7/2020 6:23:00 PM,2,1,0,36.187920,-86.798480,DOMINICAN DR,,,,0.00,Feet,West,ROSA L PARKS BLVD,,,,0.00,N,Not at Intersection,N,Non-Junction,None,,,         ,Daniel,Kallman,Clear,Angle,no,no,no,no,no,False
102618455,METROPOLITAN NASHVILLE POLICE DEPT,20200014382,Davidson,Nashville,1/7/2020 4:30:00 PM,2,1,0,36.176910,-86.774580,SPRING ST,,,,0.00,,,N 1ST ST,,,,0.00,Y,Four-Way,N,Intersection,None,,,         ,Philip,Claibourne,Clear,Front to Rear,no,no,no,no,no,False
102618463,METROPOLITAN NASHVILLE POLICE DEPT,20200014619,Davidson,Nashville,1/7/2020 5:50:00 PM,2,0,0,36.153220,-86.683000,MCGAVOCK PIKE,,,,19.00,Feet,North,RAMP,,,,0.00,N,Not at Intersection,N,Non-Junction,None,,,         ,Reagan,Heath,Clear,Other,no,no,no,yes,yes,False
102618464,METROPOLITAN NASHVILLE POLICE DEPT,20200014398,Davidson,Nashville,1/7/2020 4:05:00 PM,2,0,0,36.119500,-86.726660,I 24,,,,0.00,,,,,,,53.00,N,Not at Intersection,N,Non-Junction,None,,,         ,Patrick,Martin,Clear,"Sideswipe, Same Direction",no,no,no,no,no,False