master_record_number,agency,agency_tracking_number,county,city,collision_date,vehicles_involved,number_injured,number_dead,latitude,longitude,roadway_name,roadway_suffix,roadway_number,roadway_local_id,distance_from_reference,miles-feet_indicator,direction_from_reference,intersection_road_name,intersection_road_name_suffix,intersection_road_number,intersection_local_id,mile_marker,intersection_indicator,intersect_type,interchange_related_indicator,relation_to_junction,work_zone_type,construction_maintenance_zone,construction_maintenance_zone_location,fatal_case_number,officer_first_name,officer_last_name,weather_condition(s),manner_of_crash,pedestrian,bicycle,scooter,parking,hitrun,mou
102618465,METROPOLITAN NASHVILLE POLICE DEPT,20200014582,Davidson,Nashville,1/7/2020 5:43:00 PM,1,0,0,36.155450,-86.775370,PEABODY ST,,,,62.00,Feet,West,5TH AVE S,,,,0.00,N,Not at Intersection,N,Non-Junction,None,,,         ,Miles,Posey,Clear,Not Collision with Motor Vehicle in Transport,no,no,no,yes,yes,False
102618467,METROPOLITAN NASHVILLE POLICE DEPT,20200014627,Davidson,Nashville,1/7/2020 6:20:00 PM,2,0,0,36.167090,-86.779600,US HWY 31,,,,16.00,Feet,West,3RD AVE N,,,,0.00,N,Not at Intersection, ,Non-Junction,None,,,         ,Brent,Morris,Clear,Angle,no,no,no,no,no,False
102618476,METROPOLITAN NASHVILLE POLICE DEPT,20200014590,Davidson,Not in City Limit,1/7/2020 5:30:00 PM,2,0,0,35.996870,-86.689890,NOLENSVILLE PKE,,,,0.00,,,CONCORD RD,,,,0.00,Y,Four-Way, ,Intersection,None,,,         ,Edward,Starke,Clear,Angle,no,no,no,no,yes,False
102618478,METROPOLITAN NASHVILLE POLICE DEPT,20200014539,Davidson,Nashville,1/7/2020 6:00:00 PM,2,0,0,36.162840,-86.761630,I 24,,,,0.00,,,,,,,49.25,N,Not at Intersection, ,Non-Junction,None,,,         ,Nicolas,Pernell,Clear,Angle,no,no,no,no,no,False
102618482,METROPOLITAN NASHVILLE POLICE DEPT,20200014669,Davidson,Nashville,1/7/2020 6:48:00 PM,2,0,0,36.156010,-86.791260,15TH AVN,,,,0.00,,,GRUNDY ST,,,,0.00,Y,OTHER,Y,Intersection,None,,,         ,Douglas,Sykes,Clear,Angle,no,no,no,no,no,False
102618486,METROPOLITAN NASHVILLE POLICE DEPT,20200014614,Davidson,Nashville,1/7/2020 6:30:00 PM,2,0,0,36.173270,-86.601560,CENTRAL PKE,,,,209.00,Feet,East,OLD HICKORY BLVD,,,,0.00,N,Not at Intersection,N,Non-Junction,None,,,         ,Heather,Fox,Clear,Angle,no,no,no,no,no,False
102618488,METROPOLITAN NASHVILLE POLICE DEPT,20200014596,Davidson,Nashville,1/7/2020 5:43:00 PM,2,0,0,36.134170,-86.776390,I65 S ENT RAMP,,,,0.00,Feet,East,I65 S EXT RAMP,,,,0.00,N,Not at Intersection,N,Non-Junction,None,,,         ,Brady,Reynolds,Clear,Angle,no,no,no,no,no,False
102618489,METROPOLITAN NASHVILLE POLICE DEPT,20200014678,Davidson,Nashville,1/7/2020 7:11:00 PM,2,0,0,36.069010,-86.681520,RICHARDS RD,,,,93.00,Feet,West,CUMMINGS PARK DR,,,,0.00,N,Not at Intersection, ,Non-Junction,None,,,         ,Marcus,Darden,Clear,Angle,no,no,no,no,no,False
102618497,GOODLETTSVILLE POLICE DEPT,20-00776,Davidson,Goodlettsville,1/7/2020 5:07:00 PM,2,0,0,36.331140,-86.716030,N MAIN ST,,,,259.00,Feet,North,N MAIN ST,,,,0.00,N,Not at Intersection,N,Non-Junction,None,,,         ,Nicholas,Given,Clear,Front to Rear,no,no,no,no,no,False
102618498,GOODLETTSVILLE POLICE DEPT,20-00777,Davidson,Goodlettsville,1/7/2020 5:33:00 PM,2,0,0,36.306120,-86.693940,CONFERENCE DR,,,,83.00,Feet,North,RIVERGATE MALL PVTDR,,,,0.00,N,Not at Intersection, ,Non-Junction,None,,,         ,Nicholas,Given,Clear,Front to Rear,no,no,no,no,yes,False
102618500,METROPOLITAN NASHVILLE POLICE DEPT,20200014644,Davidson,Nashville,1/7/2020 6:24:00 PM,3,1,0,36.140070,-86.776310,I 65,,,,0.00,,,,,,,81.80,N,Not at Intersection,N,Non-Junction,None,,,         ,John,Chambers,Clear,Front to Rear,no,no,no,no,no,False
102618508,METROPOLITAN NASHVILLE POLICE DEPT,20200014335,Davidson,Nashville,1/7/2020 4:19:00 PM,3,2,0,36.146750,-86.661540,ELM HILL PKE,,,,220.00,Feet,East,AIRPORT CENTER DR,,,,0.00,N,Not at Intersection,N,Non-Junction,None,,,         ,Allyson,Reis,Clear,Front to Rear,no,no,no,no,no,False
102618509,METROPOLITAN NASHVILLE POLICE DEPT,20200014789,Davidson,Nashville,1/7/2020 5:30:00 PM,2,0,0,36.214510,-86.721920,NORVEL AV,,,,323.00,Feet,West,KENNEDY AV,,,,0.00,N,Not at Intersection,N,Non-Junction,None,,,         ,Wayne,Helm,Clear,"Sideswipe, Same Direction",no,no,no,no,yes,False
102618522,METROPOLITAN NASHVILLE POLICE DEPT,20200014633,Davidson,Nashville,1/7/2020 6:47:00 PM,1,1,0,36.129587,-86.903230,CHARLOTTE PK,,,,0.00,,,DAVIDSON DR,,,,0.00,Y,Four-Way,N,Intersection,None,,,         ,Jeremy,Huffine,Clear,Not Collision with Motor Vehicle in Transport,yes,no,no,no,no,False
102618523,METROPOLITAN NASHVILLE POLICE DEPT,20200014680,Davidson,Nashville,1/7/2020 6:42:00 PM,2,0,0,36.068060,-86.599570,LEGEND DR,,,,0.00,,,MT VIEW RD,,,,0.00,Y,Four-Way,Y,Intersection,None,,,         ,Joseph,Simon,Clear,Angle,no,no,no,no,no,False
102618524,METROPOLITAN NASHVILLE POLICE DEPT,20200014563,Davidson,Nashville,1/7/2020 5:40:00 PM,3,3,0,36.075740,-86.917120,HIGHWAY 70S,,,,405.00,Feet,West,PEBBLE BROOK,,,,0.00,N,Not at Intersection,N,Non-Junction,None,,,         ,Lawrence,Whited,Clear,Front to Rear,no,no,no,no,no,False
102618527,METROPOLITAN NASHVILLE POLICE DEPT,20200014450,Davidson,Nashville,1/7/2020 5:16:00 PM,3,1,0,36.103640,-86.715220,I 24,,,,0.00,,,,,,,54.25,N,Not at Intersection,N,Non-Junction,None,,,         ,Andrew,Brazee,Clear,Front to Rear,no,no,no,no,no,False
102618532,METROPOLITAN NASHVILLE POLICE DEPT,20200014639,Davidson,Nashville,1/7/2020 5:11:00 PM,2,0,0,36.070880,-86.769700,I 65,,,,0.00,,,,,,,77.00,N,Not at Intersection,N,Non-Junction,None,,,         ,FELIKS,ABRAHAMYAN,Clear,Front to Rear,no,no,no,no,no,False
102618540,METROPOLITAN NASHVILLE POLICE DEPT,20200014545,Davidson,Nashville,1/7/2020 5:52:00 PM,2,0,0,36.148350,-86.869584,EAST BEND DR,,,,0.00,,,CROLEY DR,,,,0.00,Y,Four-Way,N,Intersection-Related,None,,,         ,Jeremy,Huffine,Clear,Angle,no,no,no,no,yes,False
102618542,METROPOLITAN NASHVILLE POLICE DEPT,20200014725,Davidson,Nashville,1/7/2020 6:38:00 PM,2,0,0,36.160760,-86.793690,14TH AVN,,,,0.00,,,CHARLOTTE AV,,,,0.00,Y,Four-Way, ,Non-Junction,None,,,         ,William,Hamblen,Clear,Angle,no,no,no,no,no,False
102618551,METROPOLITAN NASHVILLE POLICE DEPT,20200014121,Davidson,Nashville,1/7/2020 2:08:00 PM,2,0,0,36.129500,-86.839580,VINE CT,,,,80.00,Feet,South,HARDING PKE,,,,0.00,N,Not at Intersection, ,Non-Junction,None,,,         ,Torian,Cox,Clear,Front to Rear,no,no,no,no,no,False
102618553,METROPOLITAN NASHVILLE POLICE DEPT,20200014754,Davidson,Nashville,1/7/2020 6:53:00 PM,2,0,0,36.110880,-86.744350,THOMPSON LN,,,,255.00,Feet,East,NOLENSVILLE PKE,,,,0.00,N,Not at Intersection,N,Non-Junction,None,,,         ,Patrick,Martin,Clear,"Sideswipe, Same Direction",no,no,no,no,yes,False
102618564,METROPOLITAN NASHVILLE POLICE DEPT,20200014723,Davidson,Nashville,1/7/2020 7:30:00 PM,2,0,0,36.248120,-86.721860,DUE WEST AVE W,,,,287.00,Feet,West,RAMP,,,,0.00,N,Not at Intersection,N,Non-Junction,None,,,         ,Anthony,Cavis,Clear,"Sideswipe, Opposite Direction",no,no,no,no,no,False
102618574,METROPOLITAN NASHVILLE POLICE DEPT,20200014955,Davidson,Goodlettsville,1/7/2020 9:24:00 PM,2,0,0,36.302750,-86.691850,RIVERGATE MARKETPLACE PVTDR,,,,0.00,,,GALLATIN PKEN,,,,0.00,Y,Four-Way, ,Intersection,None,,,         ,Christopher,Littles,Clear,Front to Rear,no,no,no,no,no,False
102618616,METROPOLITAN NASHVILLE POLICE DEPT,20200014764,Davidson,Nashville,1/7/2020 6:10:00 PM,2,0,0,36.186840,-86.819630,CLARKSVILLE PKE,,,,306.00,Feet,West,26TH AVN,,,,0.00,N,Not at Intersection,N,Non-Junction,None,,,         ,Jonathan,Sharp,Cloudy,"Sideswipe, Opposite Direction",no,no,no,no,yes,False
102618621,METROPOLITAN NASHVILLE POLICE DEPT,20200014883,Davidson,Nashville,1/7/2020 8:17:00 PM,1,1,0,36.147440,-86.808490,25TH AVN,,,,0.00,,,ELLISTON PL,,,,0.00,Y,Y-Intersection,N,Intersection,None,,,         ,William,Hamblen,Clear,Not Collision with Motor Vehicle in Transport,yes,no,no,no,no,Campus
102618628,METROPOLITAN NASHVILLE POLICE DEPT,20200014569,Davidson,Nashville,1/7/2020 5:50:00 PM,2,0,0,36.169360,-86.679890,LEBANON PKE,,,,0.00,,,MCGAVOCK PKE,,,,0.00,Y,Four-Way,Y,Intersection,None,,,         ,Allyson,Reis,Clear,Angle,no,no,no,no,yes,False
102618640,METROPOLITAN NASHVILLE POLICE DEPT,20200014929,Davidson,Nashville,1/7/2020 9:01:00 PM,2,0,0,36.134280,-86.779090,WEDGEWOOD AV,,,,0.00,,,8TH AVS,,,,0.00,Y,Four-Way,N,Intersection,None,,,         ,John,Chambers,Clear,Angle,no,no,no,no,no,False
102618652,METROPOLITAN NASHVILLE POLICE DEPT,20200015015,Davidson,Nashville,1/7/2020 9:41:00 PM,2,0,0,36.042850,-86.655020,I 24,,,,0.00,,,,,,,59.70,N,Not at Intersection, ,Entrance/Exit Ramp Related,None,,,         ,Patrick,Martin,Clear,Angle,no,no,no,no,no,False
102618655,METROPOLITAN NASHVILLE POLICE DEPT,20200014999,Davidson,Nashville,1/7/2020 9:50:00 PM,3,6,0,36.158120,-86.799830,CHARLOTTE AV,,,,0.00,,,18TH AVN,,,,0.00,Y,T-Intersection,N,Intersection,None,,,         ,Riley,Brewer,Clear,Angle,no,no,no,no,no,False
102618656,METROPOLITAN NASHVILLE POLICE DEPT,20200014601,Davidson,Nashville,1/7/2020 6:25:00 PM,2,0,0,36.127160,-86.707630,THOMPSON PL,,,,114.00,Feet,West,PATRICIA DR,,,,0.00,N,Not at Intersection,N,Non-Junction,None,,,         ,Dontaveous,Eubanks,Clear,Front to Rear,no,no,no,no,yes,False
102618657,METROPOLITAN NASHVILLE POLICE DEPT,20200014760,Davidson,Nashville,1/7/2020 7:10:00 PM,2,0,0,36.128170,-86.713020,MURFREESBORO PKE,,,,0.00,,,PHILFRE CT,,,,0.00,Y,T-Intersection,N,Intersection-Related,None,,,         ,Dontaveous,Eubanks,Clear,Angle,no,no,no,no,yes,False
102618697,METROPOLITAN NASHVILLE POLICE DEPT,20200015089,Davidson,Nashville,1/7/2020 11:09:00 PM,2,0,0,36.081070,-86.758130,HARDING PL,,,,67.00,Feet,East,TROUSDALE DR,,,,0.00,N,Not at Intersection, ,Non-Junction,None,,,         ,Edin,Plancic,Clear,Front to Rear,no,no,no,no,no,False
102618710,METROPOLITAN NASHVILLE POLICE DEPT,20200015269,Davidson,Nashville,1/8/2020 12:40:00 AM,1,0,0,36.116030,-86.780280,I440 W ENT RAMP,,,,0.00,,,I 440,,,,0.00,Y,OTHER,Y,Entrance/Exit Ramp Related,Construction Zone,,,         ,David,Barras,Clear,Not Collision with Motor Vehicle in Transport,no,no,no,no,no,False
102618711,METROPOLITAN NASHVILLE POLICE DEPT,20200015201,Davidson,Nashville,1/8/2020 12:00:00 AM,1,0,0,36.170950,-86.748200,SHELBY AV,,,,23.00,Feet,West,S 13TH ST,,,,0.00,N,Not at Intersection,N,Non-Junction,None,,,         ,Colin,Bleem,Clear,Not Collision with Motor Vehicle in Transport,no,no,no,no,yes,False
102618776,METROPOLITAN NASHVILLE POLICE DEPT,20200015844,Davidson,Nashville,1/8/2020 12:00:00 AM,2,0,0,36.201310,-86.776840,I 65,,,,0.00,,,,,,,87.00,N,Not at Intersection, ,Non-Junction,None,,,         ,Julie,Nabors,Clear,Front to Rear,no,no,no,no,no,False
102618790,METROPOLITAN NASHVILLE POLICE DEPT,20200015787,Davidson,Nashville,1/8/2020 6:03:00 AM,2,1,0,36.106430,-86.819430,ABBOTT MARTIN RD,,,,0.00,,,CLEGHORN AVE,,,,0.00,Y,Four-Way,N,Intersection,None,,,         ,Nicholas,Smith,Clear,Angle,no,no,no,no,no,False
102618796,METROPOLITAN NASHVILLE POLICE DEPT,20200015988,Davidson,Nashville,1/8/2020 7:55:00 AM,2,0,0,36.154360,-86.832770,I 40,,,,0.00,,,,,,,205.35,N,Not at Intersection, ,Non-Junction,None,,,         ,Curtis,Rich,Clear,Front to Rear,no,no,no,no,no,False
102618798,METROPOLITAN NASHVILLE POLICE DEPT,20200015935,Davidson,Nashville,1/8/2020 7:38:00 AM,2,1,0,36.072130,-86.732890,BLACKMAN RD,,,,0.00,,,EDMONDSON PKE,,,,0.00,Y,Four-Way,N,Intersection,None,,,         ,Nathan,Kemp,Clear,Angle,no,no,no,no,no,False
102618799,METROPOLITAN NASHVILLE POLICE DEPT,20200015834,Davidson,Nashville,1/8/2020 6:07:00 AM,2,0,0,36.141500,-86.732580,I 40,,,,0.00,,,,,,,212.95,N,Not at Intersection, ,Non-Junction,None,,,         ,Michael,Dance,Clear,"Sideswipe, Same Direction",no,no,no,no,no,False
102618805,METROPOLITAN NASHVILLE POLICE DEPT,20200015923,Davidson,Nashville,1/8/2020 7:33:00 AM,2,0,0,36.169370,-86.605910,I 40,,,,0.00,,,,,,,220.55,N,Not at Intersection, ,Non-Junction,None,,,         ,Michael,Dance,Clear,Front to Rear,no,no,no,no,no,False
102618810,METROPOLITAN NASHVILLE POLICE DEPT,20200016010,Davidson,Nashville,1/8/2020 8:07:00 AM,2,0,0,36.144290,-86.695230,I 40,,,,0.00,,,,,,,215.00,N,Not at Intersection,N,Non-Junction,None,,,         ,Tien,Nguyen,Clear,Front to Rear,no,no,no,no,no,False
102618817,METROPOLITAN NASHVILLE POLICE DEPT,20200016005,Davidson,Nashville,1/8/2020 8:00:00 AM,1,0,0,36.230120,-86.781640,BRICK CHURCH PKE,,,,542.00,Feet,South,EWING DR,,,,0.00,N,Not at Intersection, ,Non-Junction,None,,,         ,Keenan,McCann,Clear,Not Collision with Motor Vehicle in Transport,no,no,no,no,no,False
102618819,METROPOLITAN NASHVILLE POLICE DEPT,20200015953,Davidson,Nashville,1/8/2020 7:40:00 AM,2,0,0,36.036990,-86.784830,I65 S ENT RAMP,,,,0.00,Feet,East,I65 S EXT RAMP,,,,0.00,N,Not at Intersection,N,Non-Junction,None,,,         ,Melissa,Lomax,Clear,Front to Rear,no,no,no,no,yes,False
102618825,METROPOLITAN NASHVILLE POLICE DEPT,20200015985,Davidson,Antioch,1/8/2020 7:40:00 AM,2,0,0,36.043960,-86.578150,CHUTNEY DR,,,,351.00,Feet,North,GREYSTONE ST,,,,0.00,N,Not at Intersection, ,,None,,,         ,Steven,Williams,,,no,no,no,no,no,False
102618846,METROPOLITAN NASHVILLE POLICE DEPT,20200016000,Davidson,Nashville,1/8/2020 8:02:00 AM,3,0,0,36.187620,-86.756160,ELLINGTON PKWYS,,,,511.00,Feet,East,ELLINGTON PKWY S EXT RAMP,,,,0.00,N,Not at Intersection, ,Non-Junction,None,,,         ,Doyle,Price,Clear,Front to Rear,no,no,no,no,no,False
102618854,METROPOLITAN NASHVILLE POLICE DEPT,20200016033,Davidson,Nashville,1/8/2020 8:18:00 AM,2,0,0,36.218290,-86.837100,CLARKSVILLE PKE,,,,79.00,Feet,South,KINGS LN,,,,0.00,N,Not at Intersection,N,"Driveway, Alley Access, etc",None,,,         ,Royce,McLester,Clear,Angle,no,no,no,no,no,False
102618857,METROPOLITAN NASHVILLE POLICE DEPT,20200015976,Davidson,Nashville,1/8/2020 7:55:00 AM,2,0,0,36.082920,-86.697970,I24 W EXT RAMP,,,,0.00,Feet,East,I 24,,,,0.00,N,Not at Intersection, ,,None,,,         ,Nicholas,Carter,,,no,no,no,no,no,False
102618872,METROPOLITAN NASHVILLE POLICE DEPT,20200016139,Davidson,Nashville,1/8/2020 12:00:00 AM,2,0,0,36.198150,-86.776340,I 65,,,,0.00,,,,,,,86.75,N,Not at Intersection,N,Non-Junction,None,,,         ,Julie,Nabors,Clear,Front to Rear,no,no,no,no,no,False
102618873,METROPOLITAN NASHVILLE POLICE DEPT,20200015875,Davidson,Nashville,1/8/2020 12:00:00 AM,1,0,0,36.170710,-86.793650,10TH AVN,,,,0.00,,,JACKSON ST,,,,0.00,Y,Four-Way,N,Intersection,None,,,         ,Wesley,Young,Unknown,Not Collision with Motor Vehicle in Transport,no,no,no,no,yes,False
102618877,Nashville Airport Police,2020-00066,Davidson,Nashville,1/6/2020 12:00:00 AM,2,0,0,36.124040,-86.693820,VULTEE BLVD,,,,42.00,Feet,East,JETWAY DR,,,,0.00,N,Not at Intersection,N,Unknown,None,,,         ,Kurt,Thomas,Clear,"Sideswipe, Same Direction",no,no,no,no,no,False
102618880,METROPOLITAN NASHVILLE POLICE DEPT,20200016025,Davidson,Nashville,1/8/2020 8:15:00 AM,2,0,0,36.188780,-86.793160,I 65,,,,0.00,,,,,,,85.55,N,Not at Intersection,N,Non-Junction,None,,,         ,Wesley,Young,Clear,Front to Rear,no,no,no,no,no,False
102618882,METROPOLITAN NASHVILLE POLICE DEPT,20200016158,Davidson,Antioch,1/8/2020 9:16:00 AM,2,0,0,36.033290,-86.586890,ROCKLAND TRL,,,,61.00,Feet,East,LAVERGNE COUCHVILLE PKE,,,,0.00,N,Not at Intersection, ,Non-Junction,None,,,         ,Jessie,Meadows,Clear,Angle,no,no,no,no,no,False
102618883,METROPOLITAN NASHVILLE POLICE DEPT,20200016258,Davidson,Nashville,1/8/2020 9:57:00 AM,2,0,0,36.134720,-86.726910,I24E,,,,653.00,Feet,West,I24 W ENT RAMP,,,,0.00,N,Not at Intersection, ,Non-Junction,None,,,         ,Jessie,Meadows,Clear,"Sideswipe, Same Direction",no,no,no,no,no,False
102618888,METROPOLITAN NASHVILLE POLICE DEPT,20200016281,Davidson,Nashville,1/8/2020 10:00:00 AM,2,0,0,36.088210,-86.649490,MURFREESBORO PKE,,,,530.00,Feet,North,NASHBORO BLVD,,,,0.00,N,Not at Intersection, ,Non-Junction,None,,,         ,Jason,Hees,Clear,Front to Rear,no,no,no,no,no,False
102618900,METROPOLITAN NASHVILLE POLICE DEPT,20200016090,Davidson,Nashville,1/8/2020 8:40:00 AM,2,1,0,36.203320,-86.850770,ASHLAND CITY HWY,,,,0.00,,,CLINTONDALE DR,,,,0.00,Y,T-Intersection,N,Non-Junction,None,,,         ,Keith,Parlato,Clear,"Sideswipe, Opposite Direction",no,no,no,no,no,False
102618901,VANDERBILT UNIVERSITY POLICE,20200015954,Davidson,Nashville,1/8/2020 7:45:00 AM,2,0,0,36.139620,-86.800500,21ST AVS,,,,0.00,,,PIERCE AV,,,,0.00,Y,Four-Way, ,,None,,,         ,Yasemine,Lomax,,,no,no,no,no,no,Campus
102618905,METROPOLITAN NASHVILLE POLICE DEPT,20200015869,Davidson,Nashville,1/8/2020 7:05:00 AM,1,0,0,36.176970,-86.771750,-- UNKNOWN RAMP/ROAD --,,,,112.00,Feet,North,I 24,,,,0.00,N,Not at Intersection,N,Entrance/Exit Ramp Related,None,,,         ,Russell,Freeman,Clear,Not Collision with Motor Vehicle in Transport,no,no,no,no,no,False
102618907,METROPOLITAN NASHVILLE POLICE DEPT,20200016046,Davidson,Not in City Limit,1/8/2020 8:24:00 AM,2,4,0,36.279350,-86.708830,GALLATIN PKEN,,,,0.00,,,ONE MILE PKWY,,,,0.00,Y,T-Intersection,N,Intersection,None,,,         ,Michelle,Steidl,Clear,Angle,no,no,no,no,no,False
102618922,METROPOLITAN NASHVILLE POLICE DEPT,20200016409,Davidson,Nashville,1/8/2020 10:45:00 AM,2,1,0,36.039940,-86.781330,I65 N EXT RAMP,,,,0.00,,,OLD HICKORY BLVD,,,,0.00,Y,OTHER, ,Entrance/Exit Ramp Related,None,,,         ,Earl,Davis,Clear,Front to Rear,no,no,no,no,no,False
102618924,METROPOLITAN NASHVILLE POLICE DEPT,20200016439,Davidson,Nashville,1/8/2020 11:00:00 AM,2,1,0,36.054040,-86.899060,OLD HICKORY BLVD,,,,119.00,Feet,West,GAUCHO ROAD PVTDR,,,,0.00,N,Not at Intersection, ,Non-Junction,None,,,         ,Curtis,Rich,Clear,Front to Rear,no,no,no,no,no,False
102618927,METROPOLITAN NASHVILLE POLICE DEPT,20190016232,Davidson,Nashville,1/8/2020 9:45:00 AM,2,1,0,36.206130,-86.772360,US HWY 431,,,,400.00,Feet,West,LUCAS LN,,,,0.00,N,Not at Intersection,N,Non-Junction,None,,,         ,Russell,Freeman,Clear,Angle,no,no,no,no,no,False
102618941,METROPOLITAN NASHVILLE POLICE DEPT,20200016402,Davidson,Nashville,1/8/2020 10:50:00 AM,2,0,0,36.242280,-86.757000,DICKERSON PKE,,,,118.00,Feet,North,DICKERSON PKE ENT RAMP,,,,0.00,N,Not at Intersection, ,,None,,,         ,Floyd,Brown,,,no,no,no,no,no,False
102618942,METROPOLITAN NASHVILLE POLICE DEPT,2020-016349,Davidson,Nashville,1/7/2020 12:00:00 AM,2,0,0,36.125690,-86.803180,SWEETBRIAR AV,,,,54.00,Feet,West,BONNIE BRIAR LN,,,,0.00,N,Not at Intersection,N,Non-Junction,None,,,         ,Po,Cheng,Unknown,Angle,no,no,no,no,yes,False
102618944,METROPOLITAN NASHVILLE POLICE DEPT,20200016473,Davidson,Nashville,1/8/2020 11:25:00 AM,2,0,0,36.205720,-86.778010,I65 S ENT RAMP,,,,0.00,,,I 65,,,,0.00,Y,T-Intersection, ,Intersection,None,,,         ,Wesley,Young,Clear,"Sideswipe, Same Direction",no,no,no,no,no,False
102618945,METROPOLITAN NASHVILLE POLICE DEPT,20200016545,Davidson,Not in City Limit,1/8/2020 11:50:00 AM,2,0,0,36.097820,-86.936010,I 40,,,,0.00,,,,,,,198.00,N,Not at Intersection, ,Non-Junction,None,,,         ,Wesley,Tilley,Clear,Front to Rear,no,no,no,no,no,False
102618947,METROPOLITAN NASHVILLE POLICE DEPT,20200016323,Davidson,Nashville,1/8/2020 10:16:00 AM,2,0,0,36.150860,-86.797660,LYLE AV,,,,234.00,Feet,North,BROADWAY,,,,0.00,N,Not at Intersection, ,,None,,,         ,Nathan,Kemp,,,no,no,no,no,no,False
102618948,METROPOLITAN NASHVILLE POLICE DEPT,20200016379,Davidson,Nashville,1/8/2020 10:44:00 AM,2,0,0,36.151010,-86.796490,19TH AVS,,,,0.00,,,BROADWAY,,,,0.00,Y,Four-Way, ,Intersection,None,,,         ,Nathan,Kemp,Clear,"Sideswipe, Same Direction",no,no,no,no,no,False
102618949,METROPOLITAN NASHVILLE POLICE DEPT,20200016498,Davidson,Nashville,1/8/2020 11:40:00 AM,3,0,0,36.081420,-86.759560,HARDING PL,,,,375.00,Feet,West,TROUSDALE DR,,,,0.00,N,Not at Intersection, ,Non-Junction,None,,,         ,Nathan,Kemp,Clear,"Sideswipe, Same Direction",no,no,no,no,no,False
102618958,METROPOLITAN NASHVILLE POLICE DEPT,20200016534,Davidson,Nashville,1/8/2020 11:57:00 AM,2,0,0,36.043480,-86.655590,I 24,,,,0.00,,,,,,,59.60,N,Not at Intersection, ,,None,,,         ,Jessie,Meadows,,,no,no,no,no,no,False
102619019,METROPOLITAN NASHVILLE POLICE DEPT,20200016668,Davidson,Nashville,1/8/2020 1:00:00 PM,2,0,0,36.124840,-86.847840,HARDING PKE,,,,81.00,Feet,West,WOODMONT BLVD,,,,0.00,N,Not at Intersection, ,,None,,,         ,Curtis,Rich,,,no,no,no,no,no,False
102619021,VANDERBILT UNIVERSITY POLICE,20200016345,Davidson,Nashville,1/8/2020 10:00:00 AM,2,0,0,36.111970,-86.763400,THOMPSON LN,,,,604.00,Feet,West,E IRIS DR,,,,0.00,N,Not at Intersection, ,Non-Junction,None,,,         ,Anthony,Jones,Clear,"Sideswipe, Opposite Direction",no,no,no,yes,no,False
102619045,METROPOLITAN NASHVILLE POLICE DEPT,20200016665,Davidson,Not in City Limit,1/8/2020 12:50:00 PM,1,0,0,36.070640,-86.976980,HARPETH SPRINGS DR,,,,238.00,Feet,North,KINLEY CT,,,,0.00,N,Not at Intersection,N,Non-Junction,None,,,         ,Wesley,Tilley,Clear,Not Collision with Motor Vehicle in Transport,no,no,no,no,no,False
102619081,METROPOLITAN NASHVILLE POLICE DEPT,20200016592,Davidson,Nashville,1/8/2020 12:21:00 PM,2,2,0,36.169140,-86.766320,I 24,,,,0.00,,,,,,,48.75,N,Not at Intersection,N,Non-Junction,None,,,         ,Faye,Denson,Clear,Front to Rear,no,no,no,no,no,False
102619087,METROPOLITAN NASHVILLE POLICE DEPT,20200016780,Davidson,Nashville,1/8/2020 1:42:00 PM,2,0,0,36.169360,-86.679890,LEBANON PKE,,,,0.00,,,MCGAVOCK PKE,,,,0.00,Y,Four-Way,N,Intersection-Related,None,,,         ,Tien,Nguyen,Clear,Front to Rear,no,no,no,no,no,False
102619099,METROPOLITAN NASHVILLE POLICE DEPT,20200016701,Davidson,Nashville,1/8/2020 1:07:00 PM,2,0,0,36.119070,-86.697920,BRILEY PKWYN,,,,711.00,Feet,North,BRILEY PKWYS,,,,0.00,N,Not at Intersection,N,Non-Junction,None,,,         ,Jessie,Meadows,Clear,Not Collision with Motor Vehicle in Transport,no,no,no,no,no,False
102619100,METROPOLITAN NASHVILLE POLICE DEPT,20200016757,Davidson,Nashville,1/8/2020 1:32:00 PM,1,0,0,36.058420,-86.921350,HIGHWAY 100,,,,307.00,Feet,West,BEDFORDSHIRE CT,,,,0.00,N,Not at Intersection,N,Non-Junction,None,,,         ,Douglas,Atwood,Clear,Not Collision with Motor Vehicle in Transport,no,no,no,no,no,False
102619107,METROPOLITAN NASHVILLE POLICE DEPT,20200016804,Davidson,Nashville,1/8/2020 1:50:00 PM,1,0,0,36.168150,-86.889580,TUFTING CT,,,,1544.00,Feet,South,COCKRILL BEND BLVD,,,,0.00,N,Not at Intersection,N,Non-Junction,None,,,         ,Curtis,Rich,Clear,Not Collision with Motor Vehicle in Transport,no,no,no,yes,no,False
102619109,METROPOLITAN NASHVILLE POLICE DEPT,20200016855,Davidson,Nashville,1/8/2020 2:13:00 PM,2,0,0,36.128020,-86.802290,LINDEN AV,,,,271.00,Feet,East,21ST AVS,,,,0.00,N,Not at Intersection, ,"Driveway, Alley Access, etc",None,,,         ,Nathan,Kemp,Clear,Angle,no,no,no,no,no,False
102619167,METROPOLITAN NASHVILLE POLICE DEPT,20200014781,Davidson,Nashville,1/7/2020 6:05:00 PM,2,0,0,36.151800,-86.771250,4TH AVS,,,,0.00,,,LAFAYETTE ST,,,,0.00,Y,Four-Way,N,Intersection,None,,,         ,Philip,Claibourne,Clear,Angle,no,no,no,no,yes,False