master_record_number,agency,agency_tracking_number,county,city,collision_date,vehicles_involved,number_injured,number_dead,latitude,longitude,roadway_name,roadway_suffix,roadway_number,roadway_local_id,distance_from_reference,miles-feet_indicator,direction_from_reference,intersection_road_name,intersection_road_name_suffix,intersection_road_number,intersection_local_id,mile_marker,intersection_indicator,intersect_type,interchange_related_indicator,relation_to_junction,work_zone_type,construction_maintenance_zone,construction_maintenance_zone_location,fatal_case_number,officer_first_name,officer_last_name,weather_condition(s),manner_of_crash,pedestrian,bicycle,scooter,parking,hitrun,mou
102619722,METROPOLITAN NASHVILLE POLICE DEPT,20200018793,Davidson,Nashville,1/9/2020 6:35:00 AM,2,1,0,36.159590,-86.774670,3RD AVS,,,,0.00,,,DEMONBREUN ST,,,,0.00,Y,Four-Way,N,Intersection,None,,,         ,Wesley,Henderson,Clear,Front to Rear,no,no,no,no,yes,False
102619723,METROPOLITAN NASHVILLE POLICE DEPT,20200019024,Davidson,Nashville,1/9/2020 8:30:00 AM,2,0,0,36.185910,-86.798130,I65 S EXT RAMP,,,,0.00,,,I 65,,,,0.00,Y,Four-Way, ,Intersection,None,,,         ,Wesley,Young,Clear,Front to Rear,no,no,no,no,no,False
102619726,METROPOLITAN NASHVILLE POLICE DEPT,20200019116,Davidson,Nashville,1/9/2020 9:22:00 AM,2,1,0,36.062320,-86.904630,HIGHWAY 100,,,,0.00,,,OLD HICKORY BLVD,,,,0.00,Y,T-Intersection,N,Intersection,None,,,         ,Curtis,Rich,Clear,Angle,no,no,no,no,no,False
102619730,METROPOLITAN NASHVILLE POLICE DEPT,20200019107,Davidson,Nashville,1/9/2020 12:00:00 AM,2,0,0,36.071070,-86.651130,PEBBLE CREEK DR,,,,265.00,Feet,East,PEBBLE CREEK CTE,,,,0.00,N,Not at Intersection,N,Non-Junction,None,,,         ,John,Braun,Clear,"Sideswipe, Opposite Direction",no,no,no,no,yes,False
102619731,METROPOLITAN NASHVILLE POLICE DEPT,20200019111,Davidson,Not in City Limit,1/9/2020 9:20:00 AM,2,0,0,36.321050,-86.867470,WHITES CREEK PKE,,,,0.00,,,EATONS CREEK RD,,,,0.00,Y,Four-Way, ,Intersection,None,,,         ,Jeanine,Sarno,Clear,Angle,no,no,no,no,yes,False
102619733,METROPOLITAN NASHVILLE POLICE DEPT,20200019092,Davidson,Nashville,1/9/2020 9:10:00 AM,3,1,0,36.177890,-86.800970,I 65,,,,0.00,,,,,,,84.85,N,Not at Intersection,N,Non-Junction,None,,,         ,Wesley,Young,Clear,Front to Rear,no,no,no,no,no,False
102619746,METROPOLITAN NASHVILLE POLICE DEPT,20200019177,Davidson,Nashville,1/9/2020 10:04:00 AM,2,1,0,36.135800,-86.725040,MURFREESBORO PKE,,,,0.00,,,SPENCE LN,,,,0.00,Y,Four-Way, ,Non-Junction,None,,,         ,Michael,Dance,Clear,Front to Rear,no,no,no,no,no,False
102619747,METROPOLITAN NASHVILLE POLICE DEPT,20200018990,Davidson,Nashville,1/9/2020 8:08:00 AM,2,0,0,36.045880,-86.689970,BENZING RD,,,,0.60,Miles,South,TUSCULUM RD,,,,0.00,N,Not at Intersection, ,Non-Junction,None,,,         ,Gregory,Dixon,Clear,"Sideswipe, Opposite Direction",no,no,no,no,no,False
102619750,METROPOLITAN NASHVILLE POLICE DEPT,20200019057,Davidson,Nashville,1/9/2020 8:51:00 AM,2,0,0,36.164860,-86.763510,I 24,,,,0.00,,,,,,,49.10,N,Not at Intersection,N,Non-Junction,None,,,         ,Nathaniel,Larson,Clear,Front to Rear,no,no,no,no,no,False
102619753,METROPOLITAN NASHVILLE POLICE DEPT,20200019021,Davidson,Nashville,1/9/2020 8:45:00 AM,1,0,0,36.170580,-86.779310,JO JOHNSTON AV,,,,36.00,Feet,West,1ST AVN,,,,0.00,N,Not at Intersection, ,,None,,,         ,David,Hazzard,,,no,no,no,yes,no,False
102619759,METROPOLITAN NASHVILLE POLICE DEPT,20200019154,Davidson,Nashville,1/9/2020 10:00:00 AM,2,0,0,36.141950,-86.816230,WEST END AV,,,,0.00,,,32ND AVS,,,,0.00,Y,T-Intersection,N,Intersection,None,,,         ,John,Roberson,Cloudy,Angle,no,no,no,no,no,Campus
102619761,METROPOLITAN NASHVILLE POLICE DEPT,20200019254,Davidson,Nashville,1/9/2020 10:32:00 AM,2,0,0,36.185300,-86.636500,JACKSON DOWNS BLVD,,,,0.00,,,LEBANON PKE,,,,0.00,Y,T-Intersection, ,Non-Junction,None,,,         ,Joshua,Hausman,Clear,Front to Rear,no,no,no,no,no,False
102619763,METROPOLITAN NASHVILLE POLICE DEPT,20200019242,Davidson,Nashville,1/9/2020 10:33:00 AM,2,0,0,36.150250,-86.857540,CHARLOTTE PKE,,,,52.00,Feet,West,ORLANDO AV,,,,0.00,N,Not at Intersection, ,Non-Junction,None,,,         ,Curtis,Rich,Clear,Angle,no,no,no,no,no,False
102619765,METROPOLITAN NASHVILLE POLICE DEPT,20200019311,Davidson,Nashville,1/9/2020 11:12:00 AM,1,0,0,36.196850,-86.690510,OPRY MILLS DR,,,,98.00,Feet,East,GAYLORD DR,,,,0.00,N,Not at Intersection,N,Entrance/Exit Ramp Related,None,,,         ,Michael,Dance,Clear,Not Collision with Motor Vehicle in Transport,no,no,no,no,no,False
102619768,METROPOLITAN NASHVILLE POLICE DEPT,20200019239,Davidson,Nashville,1/9/2020 10:38:00 AM,2,0,0,36.154720,-86.804390,21ST AVN,,,,80.00,Feet,North,PATTERSON ST,,,,0.00,N,Not at Intersection,N,Non-Junction,None,,,         ,Nathan,Kemp,Clear,"Sideswipe, Opposite Direction",no,no,no,no,yes,False
102619789,METROPOLITAN NASHVILLE POLICE DEPT,20200019337,Davidson,Nashville,1/9/2020 11:30:00 AM,1,0,0,36.083460,-86.713470,TANGLEWOOD CT,,,,0.00,,,,,,,0.00,,,N,Non-Junction,None,,,         ,Robert,Higgins,Clear,Not Collision with Motor Vehicle in Transport,no,no,no,yes,yes,False
102619792,METROPOLITAN NASHVILLE POLICE DEPT,20200019244,Davidson,Nashville,1/9/2020 10:29:00 AM,2,0,0,36.110810,-86.743300,THOMPSON LN,,,,99.00,Feet,West,FOSTER AV,,,,0.00,N,Not at Intersection,N,Non-Junction,None,,,         ,Jessie,Meadows,Clear,Front to Rear,no,no,no,no,no,False
102619830,METROPOLITAN NASHVILLE POLICE DEPT,20200019336,Davidson,Nashville,1/9/2020 11:25:00 AM,2,0,0,36.134690,-86.779060,8TH AVS,,,,148.00,Feet,North,EAST ARGYLE AV,,,,0.00,N,Not at Intersection,N,Non-Junction,None,,,         ,Natalia,Johnson,Cloudy,Front to Rear,no,no,no,yes,no,False
102619831,METROPOLITAN NASHVILLE POLICE DEPT,20200019476,Davidson,Nashville,1/9/2020 12:33:00 PM,2,1,0,36.144100,-86.799850,EDGEHILL AV,,,,0.00,,,21ST AVS,,,,0.00,Y,T-Intersection,N,Intersection,None,,,         ,Nathan,Kemp,Clear,Front to Rear,no,no,no,no,no,Campus
102619832,METROPOLITAN NASHVILLE POLICE DEPT,20200019408,Davidson,Nashville,1/9/2020 12:00:00 PM,2,0,0,36.045310,-86.701880,OLD HICKORY BLVD,,,,60.00,Feet,West,BELL RD,,,,0.00,N,Not at Intersection,N,Non-Junction,None,,,         ,James,Thomas,Clear,Front to Rear,no,no,no,no,yes,False
102619841,METROPOLITAN NASHVILLE POLICE DEPT,20200019453,Davidson,Madison,1/9/2020 1:00:00 AM,2,0,0,36.249650,-86.670190,CANTON PASS,,,,0.00,,,CHEYENNE BLVD,,,,0.00,Y,Four-Way, ,Intersection-Related,None,,,         ,Charles,Wingo,Clear,Unknown,no,no,no,no,yes,False
102619843,Nashville Airport Police,2020-00068,Davidson,Nashville,1/6/2020 12:00:00 AM,2,1,0,36.126680,-86.665200,DONELSON PKE,,,,896.00,Feet,South,DONELSON PKE S ENT RAMP,,,,0.00,N,Not at Intersection,N,Non-Junction,None,,,         ,Garrett,Redifer,Clear,Front to Rear,no,no,no,no,no,False
102619847,METROPOLITAN NASHVILLE POLICE DEPT,20200013609,Davidson,Nashville,1/7/2020 10:08:00 AM,4,2,0,36.151440,-86.751350,I 40,,,,0.00,,,,,,,211.50,N,Not at Intersection,N,Non-Junction,None,,,         ,Donald,Davidson,Clear,Front to Rear,no,no,no,no,no,False
102619848,METROPOLITAN NASHVILLE POLICE DEPT,20200019498,Davidson,Hermitage,1/9/2020 12:40:00 PM,2,0,0,36.217852,-86.600920,LEBANON PK,,,,0.00,,North,,,,,1.00,N,Not at Intersection, ,Non-Junction,None,,,         ,William,Mckay,Clear,Front to Rear,no,no,no,yes,no,False
102619904,METROPOLITAN NASHVILLE POLICE DEPT,20200019386,Davidson,Nashville,1/9/2020 11:53:00 AM,2,1,0,36.110910,-86.744840,THOMPSON LN,,,,110.00,Feet,East,NOLENSVILLE PKE,,,,0.00,N,Not at Intersection,N,Non-Junction,None,,,         ,Jessie,Meadows,Clear,Angle,no,no,no,no,no,False
102619948,THP District 3 - Nashville,320001833,Davidson,Nashville,1/9/2020 10:12:00 AM,2,0,0,36.219630,-86.774430,I 65,,,,0.00,,,,,,,88.25,N,Not at Intersection, ,Non-Junction,None,,,         ,Bryant,Moss,Clear,"Sideswipe, Same Direction",no,no,no,no,no,False
102619958,METROPOLITAN NASHVILLE POLICE DEPT,20200019530,Davidson,Nashville,1/9/2020 12:31:00 PM,2,0,0,36.046820,-86.655130,HICKORY HOLLOW PKWY,,,,191.00,Feet,North,HICKORY HOLLOW LN,,,,0.00,N,Not at Intersection,N,Non-Junction,Work Zone,Laneclosure,Transition Area,         ,Jessie,Meadows,Clear,"Sideswipe, Same Direction",no,no,no,no,yes,False
102619962,METROPOLITAN NASHVILLE POLICE DEPT,20200019650,Davidson,Nashville,1/9/2020 1:51:00 PM,2,0,0,36.138590,-86.819880,WEST END AV,,,,309.00,Feet,South,MURPHY RD,,,,0.00,N,Not at Intersection, ,Non-Junction,None,,,         ,Nathan,Kemp,Clear,Front to Rear,no,no,no,no,no,False
102619983,METROPOLITAN NASHVILLE POLICE DEPT,20200017439,Davidson,Nashville,1/8/2020 6:37:00 PM,2,0,0,36.150730,-86.796790,BROADWAY,,,,132.00,Feet,South,19TH AVS,,,,0.00,N,Not at Intersection,N,Non-Junction,None,,,         ,Cressie,Prill,Clear,Angle,no,no,no,no,no,False
102619995,METROPOLITAN NASHVILLE POLICE DEPT,20200019561,Davidson,Nashville,1/9/2020 1:16:00 PM,2,0,0,36.086450,-86.691460,ANTIOCH PKE,,,,395.00,Feet,North,PERIMETER HILL DR,,,,0.00,N,Not at Intersection,N,Non-Junction,None,,,         ,Jessie,Meadows,Clear,Angle,no,no,no,no,yes,False
102620013,BERRY HILL POLICE DEPT,20-0102,Davidson,Berry Hill,1/8/2020 11:35:00 AM,2,0,0,36.120550,-86.774610,FRANKLIN PKE,,,,0.00,,,,,,,0.00,,, ,Non-Junction,None,,,         ,John,Gleixner,Clear,Front to Rear,no,no,no,yes,yes,False
102620014,BERRY HILL POLICE DEPT,20-0105,Davidson,Nashville,1/8/2020 12:00:00 AM,3,1,0,36.110140,-86.773280,FRANKLIN PKE,,,,56.00,Feet,South,THOMPSON LN,,,,0.00,N,Not at Intersection,N,Non-Junction,None,,,         ,John,Gleixner,Clear,Front to Rear,no,no,no,no,yes,False
102620015,BERRY HILL POLICE DEPT,20-0106,Davidson,Nashville,1/8/2020 7:10:00 PM,2,0,0,36.110150,-86.773280,FRANKLIN PKE,,,,52.00,Feet,South,THOMPSON LN,,,,0.00,N,Not at Intersection, ,,None,,,         ,John,Gleixner,,,no,no,no,no,no,False
102620060,METROPOLITAN NASHVILLE POLICE DEPT,20200019801,Davidson,Nashville,1/9/2020 2:52:00 PM,2,0,0,36.256270,-86.674850,CHEYENNE BLVD,,,,0.00,,,RIVER RETREAT PVTDR,,,,0.00,Y,OTHER,N,Non-Junction,None,,,         ,Christopher,Littles,Cloudy,Rear to Side,no,no,no,yes,yes,False
102620092,METROPOLITAN NASHVILLE POLICE DEPT,20200019757,Davidson,Nashville,1/9/2020 2:54:00 PM,2,2,0,36.078370,-86.729910,HARDING PL,,,,366.00,Feet,South,SHEFFIELD DR,,,,0.00,N,Not at Intersection,N,Non-Junction,None,,,         ,FELIKS,ABRAHAMYAN,Clear,Angle,no,no,no,no,no,False
102620095,METROPOLITAN NASHVILLE POLICE DEPT,20200019814,Davidson,Nashville,1/9/2020 3:00:00 PM,2,0,0,36.182310,-86.744890,STRATTON AV,,,,44.00,Feet,East,N 14TH ST,,,,0.00,N,Not at Intersection, ,Non-Junction,None,,,         ,Ryan,Coll,Clear,Angle,no,no,no,no,yes,False
102620127,METROPOLITAN NASHVILLE POLICE DEPT,20200019875,Davidson,Antioch,1/9/2020 3:37:00 PM,2,0,0,36.043100,-86.606180,HOBSON PKE,,,,142.00,Feet,East,MURFREESBORO PKE,,,,0.00,N,Not at Intersection, ,,None,,,         ,Patrick,Martin,,,no,no,no,no,no,False
102620128,METROPOLITAN NASHVILLE POLICE DEPT,20200019821,Davidson,Nashville,1/9/2020 3:15:00 PM,2,1,0,36.140090,-86.826720,MURPHY RD,,,,0.00,,,BOWLING AV,,,,0.00,Y,T-Intersection,N,Intersection-Related,None,,,         ,Hillary,Sherman,Clear,Angle,no,no,no,no,no,False
102620147,METROPOLITAN NASHVILLE POLICE DEPT,20200019922,Davidson,Nashville,1/9/2020 3:25:00 PM,2,0,0,36.157930,-86.791610,14TH AVN,,,,0.00,,,CHURCH ST,,,,0.00,Y,Four-Way, ,Non-Junction,None,,,         ,Goran,Manojlovic,Clear,Front to Rear,no,no,no,no,no,False
102620151,METROPOLITAN NASHVILLE POLICE DEPT,20200019851,Davidson,Nashville,1/9/2020 3:29:00 PM,2,0,0,36.187820,-86.794250,I 65,,,,0.00,,,,,,,85.45,N,Not at Intersection, ,Non-Junction,None,,,         ,David,Snowden,Cloudy,Angle,no,no,no,no,no,False
102620155,METROPOLITAN NASHVILLE POLICE DEPT,20200019969,Davidson,Nashville,1/9/2020 4:20:00 PM,2,1,0,36.110200,-86.720150,BRILEY PKWYS,,,,111.00,Feet,North,BRILEY PKWYN,,,,0.00,N,Not at Intersection,N,Entrance/Exit Ramp Related,None,,,         ,Andrew,Brazee,Clear,Front to Rear,no,no,no,no,no,False
102620170,METROPOLITAN NASHVILLE POLICE DEPT,20200019946,Davidson,Nashville,1/9/2020 4:08:00 PM,1,1,0,36.049570,-86.713700,ASH GROVE DR,,,,36.00,Feet,East,NOLENSVILLE PKE,,,,0.00,N,Not at Intersection,N,Non-Junction,None,,,         ,Edward,Starke,Clear,Not Collision with Motor Vehicle in Transport,yes,no,no,no,no,False
102620173,BERRY HILL POLICE DEPT,20-0114,Davidson,Berry Hill,1/9/2020 12:00:00 AM,3,0,0,36.125200,-86.776740,FRANKLIN PKE,,,,0.00,,,INVERNESS AV,,,,0.00,Y,T-Intersection,Y,Intersection-Related,None,,,         ,John,Gleixner,Cloudy,Angle,no,no,no,no,no,False
102620174,METROPOLITAN NASHVILLE POLICE DEPT,20200019999,Davidson,Nashville,1/9/2020 4:33:00 PM,2,0,0,36.160760,-86.793690,14TH AVN,,,,0.00,,,CHARLOTTE AV,,,,0.00,Y,Four-Way, ,,None,,,         ,FELIKS,ABRAHAMYAN,,,no,no,no,no,no,False
102620183,METROPOLITAN NASHVILLE POLICE DEPT,20200019924,Davidson,Nashville,1/9/2020 3:56:00 PM,2,0,0,36.150170,-86.625400,BELL RD,,,,758.00,Feet,South,BLACKWOOD DR,,,,0.00,N,Not at Intersection, ,,None,,,         ,Phillip,Burke,,,no,no,no,no,no,False
102620188,METROPOLITAN NASHVILLE POLICE DEPT,20200020069,Davidson,Nashville,1/9/2020 4:51:00 PM,2,1,0,36.141880,-86.637210,TRAILS END LN,,,,0.00,Feet,East,ELM HILL PKE,,,,0.00,N,Not at Intersection, ,Non-Junction,None,,,         ,Deandera,Payne,Clear,Front to Rear,no,no,no,no,no,False
102620194,METROPOLITAN NASHVILLE POLICE DEPT,20200020086,Davidson,Not in City Limit,1/9/2020 3:39:00 PM,2,1,0,36.256800,-86.848610,CLARKSVILLE PKE,,,,711.00,Feet,North,DRY FORK RD,,,,0.00,N,Not at Intersection, ,Non-Junction,None,,,         ,Chad,Connors,Clear,Front to Rear,no,no,no,no,no,False
102620195,METROPOLITAN NASHVILLE POLICE DEPT,20200020044,Davidson,Nashville,1/9/2020 3:30:00 PM,2,0,0,36.102370,-86.704240,VINSON DR,,,,18.00,Feet,East,MCGAVOCK PKE,,,,0.00,N,Not at Intersection, ,Non-Junction,None,,,         ,Jonathan,Watch,Clear,Angle,no,no,no,no,no,False
102620198,METROPOLITAN NASHVILLE POLICE DEPT,20200019912,Davidson,Nashville,1/9/2020 3:00:00 PM,2,0,0,36.151910,-86.765300,UNIVERSITY CT,,,,201.00,Feet,South,CARROLL ST,,,,0.00,N,Not at Intersection, ,Non-Junction,None,,,         ,Derek,Sibley,Clear,"Sideswipe, Same Direction",no,no,no,no,no,False
102620206,VANDERBILT UNIVERSITY POLICE,20200020029,Davidson,Nashville,1/9/2020 4:15:00 PM,2,0,0,36.139560,-86.800970,PIERCE AV,,,,0.00,,,,,,,0.00,,, ,Non-Junction,None,,,         ,Christopher,Dion,Clear,"Sideswipe, Same Direction",no,no,no,yes,no,Campus
102620211,METROPOLITAN NASHVILLE POLICE DEPT,20200020090,Davidson,Goodlettsville,1/9/2020 5:02:00 PM,2,0,0,36.300860,-86.694650,GALLATIN PKEN,,,,65.00,Feet,East,SHEPHERD HILLS DR,,,,0.00,N,Not at Intersection, ,,None,,,         ,Christopher,Littles,,,no,no,no,no,no,False
102620212,METROPOLITAN NASHVILLE POLICE DEPT,20200020158,Davidson,Nashville,1/9/2020 5:41:00 PM,2,1,0,36.230630,-86.775040,EWING DR,,,,381.00,Feet,West,RICHMOND HILL DR,,,,0.00,N,Not at Intersection,N,Non-Junction,None,,,         ,Christopher,Littles,Cloudy,Front to Rear,no,no,no,no,yes,False
102620214,METROPOLITAN NASHVILLE POLICE DEPT,20200019797,Davidson,Nashville,1/8/2020 2:48:00 PM,2,0,0,36.056120,-86.692200,LUKER LN,,,,84.00,Feet,West,HAYS BLACKMAN LOOP,,,,0.00,N,Not at Intersection, ,,None,,,         ,Edward,Starke,,,no,no,no,no,no,False
102620222,METROPOLITAN NASHVILLE POLICE DEPT,20200020081,Davidson,Nashville,1/9/2020 5:05:00 PM,2,0,0,36.060600,-86.640020,BELL RD,,,,0.00,,,HICKORY HIGHLANDS DR,,,,0.00,Y,T-Intersection,N,Intersection,None,,,         ,Patrick,Martin,Clear,Angle,no,no,no,no,no,False
102620223,METROPOLITAN NASHVILLE POLICE DEPT,20200020206,Davidson,Nashville,1/9/2020 4:40:00 PM,2,0,0,36.192430,-86.800410,ROSA L PARKS BLVD,,,,463.00,Feet,East,ATHENS WAY,,,,0.00,N,Not at Intersection,N,Non-Junction,None,,,         ,Daniel,Kallman,Clear,HeadOn,no,no,no,no,yes,False
102620228,METROPOLITAN NASHVILLE POLICE DEPT,20200020192,Davidson,Nashville,1/9/2020 5:03:00 PM,2,1,0,36.153900,-86.625640,STEWARTS FERRY PKE,,,,0.00,Feet,East,PERCY PRIEST DR,,,,0.00,N,Not at Intersection, ,Non-Junction,None,,,         ,Deandera,Payne,Clear,Front to Rear,no,no,no,no,no,False
102620233,METROPOLITAN NASHVILLE POLICE DEPT,20200019873,Davidson,Nashville,1/9/2020 3:15:00 PM,2,0,0,36.179570,-86.800540,I 65,,,,0.00,,,,,,,85.00,N,Not at Intersection, ,,None,,,         ,Jonathan,Sharp,,,no,no,no,no,no,False
102620241,METROPOLITAN NASHVILLE POLICE DEPT,20200019846,Davidson,Nashville,1/9/2020 3:15:00 PM,2,0,0,36.136780,-86.795580,WEDGEWOOD AV,,,,60.00,Feet,East,17TH AVS,,,,0.00,N,Not at Intersection, ,Non-Junction,None,,,         ,Thomas,Odom,Clear,"Sideswipe, Same Direction",no,no,no,no,no,False
102620248,METROPOLITAN NASHVILLE POLICE DEPT,20200020156,Davidson,Nashville,1/9/2020 4:33:00 PM,3,0,0,36.204750,-86.751850,E TRINITY LN,,,,206.00,Feet,West,PITTWAY DR,,,,0.00,N,Not at Intersection,N,Non-Junction,None,,,         ,David,Lang,,Front to Rear,no,no,no,no,yes,False
102620253,METROPOLITAN NASHVILLE POLICE DEPT,20200020190,Davidson,Nashville,1/9/2020 5:02:00 PM,2,0,0,36.172610,-86.649480,LEBANON PKE,,,,0.00,Feet,East,DISSPAYNE DR,,,,0.00,N,Not at Intersection, ,,None,,,         ,Evan,Grace,,,no,no,no,no,no,False
102620254,METROPOLITAN NASHVILLE POLICE DEPT,20200019894,Davidson,Nashville,1/9/2020 3:44:00 PM,4,0,0,36.150860,-86.855020,CHARLOTTE PKE,,,,184.00,Feet,West,CHARLOTTE AV,,,,0.00,N,Not at Intersection,N,Non-Junction,None,,,         ,Je-Marc,Sears,Clear,Other,no,no,no,no,no,False
102620256,METROPOLITAN NASHVILLE POLICE DEPT,20200017817,Davidson,Nashville,1/8/2020 9:20:00 PM,2,0,0,36.016490,-86.619970,OLD HICKORY BLVD,,,,134.00,Feet,South,FIRESTONE PKWY,,,,0.00,N,Not at Intersection, ,Non-Junction,None,,,         ,Edward,Starke,Clear,Angle,no,no,no,no,yes,False
102620257,METROPOLITAN NASHVILLE POLICE DEPT,20200020149,Davidson,Nashville,1/9/2020 5:38:00 PM,3,0,0,36.168180,-86.796240,I 40,,,,0.00,,,,,,,208.20,N,Not at Intersection, ,Non-Junction,None,,,         ,James,Hill,Clear,Front to Rear,no,no,no,no,no,False
102620260,METROPOLITAN NASHVILLE POLICE DEPT,20200020201,Davidson,Nashville,1/9/2020 5:50:00 PM,2,0,0,36.149730,-86.748070,I 40,,,,0.00,,,,,,,211.75,N,Not at Intersection, ,,None,,,         ,Zachariah,Bush,,,no,no,no,no,no,False
102620261,METROPOLITAN NASHVILLE POLICE DEPT,20200020277,Davidson,Nashville,1/9/2020 6:32:00 PM,2,0,0,36.116510,-86.773370,I 65,,,,0.00,,,,,,,80.20,N,Not at Intersection,N,Non-Junction,None,,,         ,FELIKS,ABRAHAMYAN,Clear,Front to Rear,no,no,no,no,no,False
102620262,METROPOLITAN NASHVILLE POLICE DEPT,20200020151,Davidson,Nashville,1/9/2020 5:33:00 PM,2,1,0,36.236610,-86.758000,DICKERSON PKE,,,,0.00,,,I65 N ENT RAMP,,,,0.00,Y,T-Intersection,Y,Intersection-Related,None,,,         ,Randall,Smith,Clear,Front to Rear,no,no,no,no,yes,False
102620263,METROPOLITAN NASHVILLE POLICE DEPT,20200020077,Davidson,Nashville,1/9/2020 12:00:00 AM,2,0,0,36.159140,-86.788870,COMERS ALY,,,,194.00,Feet,South,CHURCH ST,,,,0.00,N,Not at Intersection,N,Non-Junction,None,,,         ,Roy,Sain Jr.,Clear,Unknown,no,no,no,no,yes,False
102620272,VANDERBILT UNIVERSITY POLICE,20200001408,Davidson,Nashville,1/9/2020 5:30:00 PM,3,0,0,36.139580,-86.810760,NATCHEZ TRC,,,,0.00,,,CHILDRENS WAY,,,,0.00,Y,Four-Way, ,Intersection,None,,,         ,Shaneithia,Lewis,Clear,Front to Rear,no,no,no,no,no,Campus
102620273,METROPOLITAN NASHVILLE POLICE DEPT,20200020272,Davidson,Nashville,1/9/2020 5:21:00 PM,2,0,0,36.119260,-86.754740,MELROSE AVE,,,,0.00,,,WINFORD AVE,,,,0.00,Y,Four-Way, ,Non-Junction,None,,,         ,Katelin,Ehrhardt,Clear,Angle,no,no,no,no,no,False
102620275,METROPOLITAN NASHVILLE POLICE DEPT,20200020155,Davidson,Nashville,1/9/2020 5:40:00 PM,2,0,0,36.153660,-86.775870,LEA AV,,,,0.00,,,6TH AVS,,,,0.00,Y,Four-Way,Y,Intersection,None,,,         ,Philip,Claibourne,Clear,Angle,no,no,no,no,no,False
102620282,METROPOLITAN NASHVILLE POLICE DEPT,20200020223,Davidson,Nashville,1/9/2020 6:17:00 PM,2,1,0,36.078830,-86.885220,STATE HWY 100,,,,0.00,Feet,,VAUGHNS GAP RD,,,,0.00,Y,T-Intersection,N,Intersection-Related,None,,,         ,Jared,Dick,Clear,HeadOn,no,no,no,no,no,False
102620284,METROPOLITAN NASHVILLE POLICE DEPT,20200020259,Davidson,Not in City Limit,1/9/2020 6:30:00 PM,1,0,0,36.013160,-87.044370,HIGHWAY 100,,,,360.00,Feet,East,FAIRVIEW BLVD,,,,0.00,N,Not at Intersection, ,Non-Junction,None,,,         ,Brian,DeMarce,Clear,Not Collision with Motor Vehicle in Transport,no,no,no,no,no,False
102620289,METROPOLITAN NASHVILLE POLICE DEPT,20200020289,Davidson,Nashville,1/9/2020 5:59:00 PM,2,0,0,36.044770,-86.661170,BELL RD,,,,105.00,Feet,East,CANE RIDGE RD,,,,0.00,N,Not at Intersection,N,Non-Junction,None,,,         ,Patrick,Martin,Clear,Front to Rear,no,no,no,no,no,False
102620302,METROPOLITAN NASHVILLE POLICE DEPT,20200019959,Davidson,Nashville,1/9/2020 4:10:00 PM,2,1,0,36.231840,-86.758870,DICKERSON PKE,,,,203.00,Feet,North,OAK VALLEY DR,,,,0.00,N,Not at Intersection,N,Non-Junction,None,,,         ,Wade,Johnson,Cloudy,Angle,no,no,no,no,no,False
102620304,METROPOLITAN NASHVILLE POLICE DEPT,20200019837,Davidson,Nashville,1/9/2020 3:20:00 PM,2,2,0,36.149650,-86.851020,ELKINS AV,,,,0.00,,,53RD AVN,,,,0.00,Y,Four-Way,N,Intersection-Related,None,,,         ,Torian,Cox,Clear,Angle,no,no,no,no,no,False
102620313,METROPOLITAN NASHVILLE POLICE DEPT,20200020315,Davidson,Nashville,1/9/2020 6:35:00 PM,2,0,0,36.140400,-86.813800,31ST AVS,,,,30.00,Feet,South,DUDLEY AV,,,,0.00,N,Not at Intersection, ,Non-Junction,None,,,         ,Zachary,Plese,Clear,Front to Rear,no,no,no,no,no,Campus
102620314,METROPOLITAN NASHVILLE POLICE DEPT,20200020398,Davidson,Nashville,1/9/2020 7:43:00 PM,2,0,0,36.150320,-86.801560,WEST END AV,,,,115.00,Feet,West,21ST AVN,,,,0.00,N,Not at Intersection,N,Non-Junction,None,,,         ,FELIKS,ABRAHAMYAN,Clear,Angle,no,no,no,no,no,Campus
102620319,METROPOLITAN NASHVILLE POLICE DEPT,20200020257,Davidson,Nashville,1/9/2020 6:21:00 PM,2,1,0,36.110600,-86.922580,I40 E ENT RAMP,,,,0.00,Feet,,I 40,,,,0.00,Y,T-Intersection,Y,Intersection-Related,None,,,         ,Lawrence,Whited,Clear,Angle,no,no,no,no,no,False
102620321,METROPOLITAN NASHVILLE POLICE DEPT,20200020048,Davidson,Nashville,1/9/2020 4:23:00 PM,2,0,0,36.139350,-86.880210,CHARLOTTE PKE,,,,147.00,Feet,East,HILLWOOD BLVD,,,,0.00,N,Not at Intersection, ,Non-Junction,None,,,         ,Jeremy,Huffine,Clear,Angle,no,no,no,no,no,False
102620322,METROPOLITAN NASHVILLE POLICE DEPT,20200020313,Davidson,Nashville,1/9/2020 5:50:00 PM,2,0,0,36.193640,-86.809720,ROSA L PARKS BLVD,,,,49.00,Feet,East,GRANSTAFF APTS @ METROCENTER P,,,,0.00,N,Not at Intersection,N,Non-Junction,None,,,         ,Jonathan,Sharp,Cloudy,Front to Rear,no,no,no,no,yes,False
102620324,METROPOLITAN NASHVILLE POLICE DEPT,20200020129,Davidson,Nashville,1/9/2020 5:30:00 PM,2,0,0,36.131400,-86.818010,I 440,,,,0.00,,,,,,,1.90,N,Not at Intersection, ,Non-Junction,None,,,         ,Je-Marc,Sears,Clear,Front to Rear,no,no,no,no,no,False