master_record_number,agency,agency_tracking_number,county,city,collision_date,vehicles_involved,number_injured,number_dead,latitude,longitude,roadway_name,roadway_suffix,roadway_number,roadway_local_id,distance_from_reference,miles-feet_indicator,direction_from_reference,intersection_road_name,intersection_road_name_suffix,intersection_road_number,intersection_local_id,mile_marker,intersection_indicator,intersect_type,interchange_related_indicator,relation_to_junction,work_zone_type,construction_maintenance_zone,construction_maintenance_zone_location,fatal_case_number,officer_first_name,officer_last_name,weather_condition(s),manner_of_crash,pedestrian,bicycle,scooter,parking,hitrun,mou
102620336,METROPOLITAN NASHVILLE POLICE DEPT,20200020376,Davidson,Nashville,1/9/2020 7:37:00 PM,1,0,0,36.203300,-86.751510,-- UNKNOWN RAMP/ROAD --,,,,0.00,Feet,East,US HWY 31E,,,,0.00,N,Not at Intersection,N,Non-Junction,None,,,         ,Peter,Vaught,Clear,Not Collision with Motor Vehicle in Transport,no,no,no,no,yes,False
102620337,METROPOLITAN NASHVILLE POLICE DEPT,20200020224,Davidson,Nashville,1/9/2020 5:58:00 PM,1,0,0,36.112850,-86.638040,COUCHVILLE PKE,,,,0.00,,,,,,,0.00,,, ,Non-Junction,None,,,         ,Phillip,Burke,Clear,Not Collision with Motor Vehicle in Transport,no,no,no,no,no,False
102620372,METROPOLITAN NASHVILLE POLICE DEPT,20200020326,Davidson,Nashville,1/9/2020 7:03:00 PM,2,0,0,36.074020,-86.923300,HIGHWAY 70S,,,,0.00,Feet,,OLD HARDING PKE RAMP,,,,0.00,Y,T-Intersection,N,Non-Junction,None,,,         ,Je-Marc,Sears,Clear,Angle,no,no,no,no,no,False
102620394,METROPOLITAN NASHVILLE POLICE DEPT,20200020381,Davidson,Nashville,1/9/2020 7:25:00 PM,3,0,0,36.148360,-86.777070,I 40,,,,0.00,,,,,,,210.00,N,Not at Intersection,N,Non-Junction,None,,,         ,Derek,Sibley,Clear,Front to Rear,no,no,no,no,no,False
102620395,METROPOLITAN NASHVILLE POLICE DEPT,20200020447,Davidson,Nashville,1/9/2020 8:17:00 PM,2,0,0,36.149690,-86.779180,DIVISION ST,,,,0.00,,,8TH AVS,,,,0.00,Y,Four-Way,N,Intersection,None,,,         ,Derek,Betty,Clear,Angle,no,no,no,no,no,False
102620400,METROPOLITAN NASHVILLE POLICE DEPT,20200020474,Davidson,Nashville,1/9/2020 8:42:00 PM,2,1,0,36.214280,-86.748110,ELLINGTON PKWYN,,,,445.00,Feet,South,ELLINGTON PKWYS,,,,0.00,N,Not at Intersection,N,Non-Junction,None,,,         ,Wade,Johnson,Cloudy,"Sideswipe, Same Direction",no,no,no,no,yes,False
102620414,METROPOLITAN NASHVILLE POLICE DEPT,20200020283,Davidson,Nashville,1/9/2020 6:46:00 PM,2,0,0,36.084830,-86.728190,NOLENSVILLE PKE,,,,0.00,,,PARAGON MILLS RD,,,,0.00,Y,Four-Way,N,Intersection,None,,,         ,Brandon,Hughes,Clear,Front to Rear,no,no,no,no,yes,False
102620415,METROPOLITAN NASHVILLE POLICE DEPT,20200020485,Davidson,Nashville,1/9/2020 8:38:00 PM,2,0,0,36.106210,-86.673060,MURFREESBORO PKE,,,,0.00,,,DONELSON PKE,,,,0.00,Y,Four-Way,N,Intersection,None,,,         ,Steven,Powers,Clear,Angle,no,no,no,no,yes,False
102620429,METROPOLITAN NASHVILLE POLICE DEPT,20200020164,Davidson,Not in City Limit,1/9/2020 5:43:00 PM,2,2,0,36.265440,-86.739730,OLD HICKORY BLVDW,,,,0.00,,,I65 S ENT RAMP,,,,0.00,Y,OTHER,N,Entrance/Exit Ramp Related,None,,,         ,Rudy,Basaldua,Clear,Angle,no,no,no,no,no,False
102620438,VANDERBILT UNIVERSITY POLICE,20200020377,Davidson,Nashville,1/9/2020 7:20:00 PM,1,1,0,36.145830,-86.807590,KENSINGTON PL,,,,0.00,,,25TH AVS,,,,0.00,Y,T-Intersection,N,Intersection,None,,,         ,Frank,Marsua,Clear,Not Collision with Motor Vehicle in Transport,yes,no,no,no,no,Campus
102620469,METROPOLITAN NASHVILLE POLICE DEPT,20200020678,Davidson,Not in City Limit,1/9/2020 10:00:00 PM,1,0,0,36.013570,-86.704430,NOLENSVILLE PKE,,,,501.00,Feet,North,HOLT RD,,,,0.00,N,Not at Intersection, ,Non-Junction,None,,,         ,Brandon,Rardin,Clear,Not Collision with Motor Vehicle in Transport,no,no,no,no,no,False
102620496,METROPOLITAN NASHVILLE POLICE DEPT,20200020840,Davidson,Not in City Limit,1/10/2020 1:18:00 AM,1,0,0,36.311960,-86.882830,CLARKSVILLE PKE,,,,138.00,Feet,North,RAWLINGS RD,,,,0.00,N,Not at Intersection,N,Non-Junction,None,,,         ,John,Deiterick,Clear,Not Collision with Motor Vehicle in Transport,no,no,no,no,yes,False
102620509,METROPOLITAN NASHVILLE POLICE DEPT,20200021065,Davidson,Nashville,1/10/2020 2:58:00 AM,1,0,0,36.202850,-86.738920,GALLATIN PKE,,,,171.00,Feet,North,LITTON AV,,,,0.00,N,Not at Intersection,N,Non-Junction,None,,,         ,Joshua,Whitworth,Clear,Not Collision with Motor Vehicle in Transport,no,no,no,no,no,False
102620535,METROPOLITAN NASHVILLE POLICE DEPT,20200021291,Davidson,Nashville,1/10/2020 5:20:00 AM,2,1,0,36.087480,-86.692090,HARDING PL,,,,40.00,Feet,East,ANTIOCH PKE,,,,0.00,N,Not at Intersection, ,Non-Junction,None,,,         ,Douglas,Meringer,Clear,Front to Rear,no,no,no,no,no,False
102620538,METROPOLITAN NASHVILLE POLICE DEPT,20200021258,Davidson,Nashville,1/10/2020 4:41:00 AM,1,0,0,36.080570,-86.678470,FRANKLIN LIMESTONE RD,,,,312.00,Feet,South,MULLINS RD,,,,0.00,N,Not at Intersection,N,Non-Junction,None,,,         ,William,Williams,Clear,Not Collision with Motor Vehicle in Transport,no,no,no,no,no,False
102620581,METROPOLITAN NASHVILLE POLICE DEPT,20200021428,Davidson,Nashville,1/10/2020 6:34:00 AM,2,0,0,36.068030,-86.770380,I 65,,,,0.00,,,,,,,76.80,N,Not at Intersection,N,Non-Junction,None,,,         ,Nathan,Kemp,Clear,Front to Rear,no,no,no,no,no,False
102620584,METROPOLITAN NASHVILLE POLICE DEPT,20200021340,Davidson,Nashville,1/10/2020 5:47:00 AM,2,0,0,36.089130,-86.614850,SMITH SPRINGS RD,,,,0.00,,,CASTLEGATE DR,,,,0.00,Y,T-Intersection, ,Intersection,None,,,         ,Austin,Binner,Cloudy,Angle,no,no,no,no,no,False
102620589,METROPOLITAN NASHVILLE POLICE DEPT,20200021387,Davidson,Nashville,1/10/2020 6:15:00 AM,2,2,0,36.194630,-86.776180,I 65,,,,0.00,,,,,,,86.50,N,Not at Intersection,N,Non-Junction,None,,,         ,David,Crisman,Clear,Front to Rear,no,no,no,no,no,False
102620590,THP District 3 - Nashville,320001816,Davidson,Nashville,1/9/2020 9:24:00 AM,2,0,0,36.118910,-86.726450,I 24,,,,0.00,,,,,,,53.00,N,Not at Intersection, ,Non-Junction,None,,,         ,Alexander,Campbell,Clear,"Sideswipe, Same Direction",no,no,no,no,no,False
102620613,METROPOLITAN NASHVILLE POLICE DEPT,20200021489,Davidson,Goodlettsville,1/10/2020 6:54:00 AM,2,0,0,36.297750,-86.699690,RIVERGATE PKWY,,,,151.00,Feet,South,GLEAVES ST,,,,0.00,N,Not at Intersection, ,Non-Junction,None,,,         ,Keenan,McCann,Cloudy,Front to Rear,no,no,no,no,no,False
102620655,METROPOLITAN NASHVILLE POLICE DEPT,20200021699,Davidson,Nashville,1/10/2020 8:46:00 AM,1,0,0,36.170090,-86.597230,I 40,,,,0.00,,,,,,,221.05,N,Not at Intersection, ,Entrance/Exit Ramp Related,None,,,         ,Tien,Nguyen,Rain,Not Collision with Motor Vehicle in Transport,no,no,no,no,no,False
102620663,METROPOLITAN NASHVILLE POLICE DEPT,20200021560,Davidson,Nashville,1/10/2020 7:45:00 AM,2,0,0,36.219530,-86.804330,WHITES CREEK PKE,,,,561.00,Feet,North,MOORMANS ARM RD,,,,0.00,N,Not at Intersection, ,Non-Junction,None,,,         ,Wesley,Young,Cloudy,Front to Rear,no,no,no,no,no,False
102620675,METROPOLITAN NASHVILLE POLICE DEPT,20200021422,Davidson,Nashville,1/10/2020 5:55:00 AM,2,0,0,36.044640,-86.659640,I24 E ENT RAMP,,,,0.00,Feet,East,I 24,,,,0.00,N,Not at Intersection, ,Non-Junction,None,,,         ,Jessie,Meadows,Clear,Front to Rear,no,no,no,no,no,False
102620676,METROPOLITAN NASHVILLE POLICE DEPT,20200021454,Davidson,Antioch,1/10/2020 7:00:00 AM,2,0,0,36.009370,-86.614730,I 24,,,,0.00,,,,,,,63.00,N,Not at Intersection, ,,None,,,         ,Jessie,Meadows,,,no,no,no,no,no,False
102620685,METROPOLITAN NASHVILLE POLICE DEPT,20200021576,Davidson,Nashville,1/10/2020 8:00:00 AM,3,1,0,36.180410,-86.819610,BUCHANAN ST,,,,0.00,,,26TH AVN,,,,0.00,Y,T-Intersection,N,Intersection,None,,,         ,Wesley,Young,Cloudy,Angle,no,no,no,no,yes,False
102620686,METROPOLITAN NASHVILLE POLICE DEPT,20200021729,Davidson,Nashville,1/10/2020 8:45:00 AM,2,0,0,36.249190,-86.742070,I 65,,,,0.00,,,,,,,91.15,N,Not at Intersection,N,Non-Junction,None,,,         ,Eric,Richardson,Cloudy,Front to Rear,no,no,no,no,yes,False
102620687,METROPOLITAN NASHVILLE POLICE DEPT,20200021630,Davidson,Nashville,1/10/2020 8:12:00 AM,2,0,0,36.042300,-86.649610,HICKORY HOLLOW PKWY,,,,190.00,Feet,North,I24 W ENT RAMP,,,,0.00,N,Not at Intersection,Y,Non-Junction,Construction Zone,Work On Shoulder Or Median,Advanced Warning Area,         ,Lee,Davis,Cloudy,Angle,no,no,no,no,no,False
102620691,METROPOLITAN NASHVILLE POLICE DEPT,20200021806,Davidson,Nashville,1/10/2020 9:34:00 AM,2,1,0,36.119620,-86.753560,CRUZEN ST,,,,0.00,,,MELROSE AV,,,,0.00,Y,Four-Way,N,Intersection,None,,,         ,Nathan,Kemp,Clear,Angle,no,no,no,no,no,False
102620692,METROPOLITAN NASHVILLE POLICE DEPT,20200021680,Davidson,Nashville,1/10/2020 8:30:00 AM,1,0,0,36.167620,-86.811520,MEHARRY BLVD,,,,290.00,Feet,East,24TH AVN,,,,0.00,N,Not at Intersection,N,Non-Junction,None,,,         ,Wesley,Young,Cloudy,Not Collision with Motor Vehicle in Transport,no,no,no,no,no,False
102620693,METROPOLITAN NASHVILLE POLICE DEPT,20200021540,Davidson,Nashville,1/10/2020 7:38:00 AM,2,0,0,36.040590,-86.771070,OLD HICKORY BLVD,,,,0.00,,,SEVEN SPRINGS WAY PVTDR,,,,0.00,Y,Four-Way,N,Intersection,None,,,         ,Cynthia,Quirouette,Cloudy,Angle,no,no,no,no,no,False
102620698,METROPOLITAN NASHVILLE POLICE DEPT,20200021792,Davidson,Nashville,1/10/2020 9:27:00 AM,2,0,0,36.163880,-86.779100,4TH AVN,,,,78.00,Feet,North,CHURCH ST,,,,0.00,N,Not at Intersection, ,Non-Junction,None,,,         ,Mathew,Clement,Clear,"Sideswipe, Same Direction",no,no,no,no,no,False
102620707,METROPOLITAN NASHVILLE POLICE DEPT,20200021899,Davidson,Nashville,1/10/2020 10:25:00 AM,2,0,0,36.154450,-86.792480,BROADWAY,,,,139.00,Feet,East,16TH AVS,,,,0.00,N,Not at Intersection, ,Non-Junction,None,,,         ,Nathan,Kemp,Clear,Front to Rear,no,no,no,no,no,False
102620708,METROPOLITAN NASHVILLE POLICE DEPT,20200019341,Davidson,Nashville,1/9/2020 11:30:00 AM,2,2,0,36.142590,-86.830140,NEBRASKA AV,,,,0.00,,,38TH AVN,,,,0.00,Y,Four-Way,N,Intersection,None,,,         ,Brandon,O'Guin,Clear,Angle,no,no,no,no,no,False
102620729,METROPOLITAN NASHVILLE POLICE DEPT,20200021990,Davidson,Nashville,1/10/2020 11:04:00 AM,2,1,0,36.150920,-86.800300,WEST END AV,,,,315.00,Feet,East,21ST AVN,,,,0.00,N,Not at Intersection,N,Non-Junction,None,,,         ,Nathan,Kemp,Clear,Front to Rear,no,no,no,no,no,Campus
102620730,METROPOLITAN NASHVILLE POLICE DEPT,20200021522,Davidson,Nashville,1/10/2020 7:28:00 AM,1,0,0,36.115930,-86.719380,EAST THOMPSON LN,,,,0.00,Feet,East,GLENROSE AV,,,,0.00,N,Not at Intersection,N,Non-Junction,None,,,         ,Jessie,Meadows,Clear,Not Collision with Motor Vehicle in Transport,no,no,no,no,yes,False
102620731,METROPOLITAN NASHVILLE POLICE DEPT,20200021650,Davidson,Nashville,1/10/2020 8:00:00 AM,2,0,0,36.098060,-86.709570,I 24,,,,0.00,,,,,,,54.70,N,Not at Intersection, ,Non-Junction,None,,,         ,Jessie,Meadows,Clear,Front to Rear,no,no,no,no,no,False
102620738,METROPOLITAN NASHVILLE POLICE DEPT,20200021695,Davidson,Antioch,1/10/2020 8:42:00 AM,2,1,0,36.047230,-86.590040,PIN HOOK RD,,,,0.00,,,PIN OAK DR,,,,0.00,Y,T-Intersection,N,Non-Junction,None,,,         ,Steven,Williams,Cloudy,HeadOn,no,no,no,no,no,False
102620757,METROPOLITAN NASHVILLE POLICE DEPT,20200021731,Davidson,Nashville,1/10/2020 9:00:00 AM,1,0,0,36.210450,-86.775980,I 65,,,,0.00,,,,,,,87.60,N,Not at Intersection,N,Non-Junction,None,,,         ,Garren,Hoskins,Cloudy,Not Collision with Motor Vehicle in Transport,no,no,no,no,no,False
102620764,METROPOLITAN NASHVILLE POLICE DEPT,20200022037,Davidson,Nashville,1/10/2020 11:38:00 AM,2,0,0,36.174730,-86.614260,DODSON CHAPEL RD,,,,0.00,,,CENTRAL PKE,,,,0.00,Y,Four-Way,N,Intersection-Related,None,,,         ,Tien,Nguyen,Clear,HeadOn,no,no,no,no,no,False
102620791,METROPOLITAN NASHVILLE POLICE DEPT,20200022010,Davidson,Nashville,1/10/2020 11:10:00 AM,2,0,0,36.134280,-86.779090,WEDGEWOOD AV,,,,0.00,,,8TH AVS,,,,0.00,Y,Four-Way, ,Intersection,None,,,         ,Natalia,Johnson,Cloudy,Angle,no,no,no,no,no,False
102620797,METROPOLITAN NASHVILLE POLICE DEPT,20200022080,Davidson,Nashville,1/10/2020 11:49:00 AM,2,0,0,36.133800,-86.835730,VALLEY RD,,,,0.00,,,MAYFAIR RD,,,,0.00,Y,Four-Way,N,Intersection,None,,,         ,Curtis,Rich,Cloudy,Angle,no,no,no,no,no,False
102620803,METROPOLITAN NASHVILLE POLICE DEPT,2020 0022084,Davidson,Nashville,1/10/2020 11:55:00 AM,2,0,0,36.107690,-86.812740,HILLSBORO PKE,,,,47.00,Feet,South,GREEN HILLS VILLAGE DR,,,,0.00,N,Not at Intersection, ,Non-Junction,None,,,         ,Paul,Junkmann,Cloudy,Other,no,no,no,no,no,False
102620812,METROPOLITAN NASHVILLE POLICE DEPT,20200022116,Davidson,Nashville,1/10/2020 12:13:00 PM,2,0,0,36.134280,-86.779090,WEDGEWOOD AV,,,,0.00,,,8TH AVS,,,,0.00,Y,Four-Way, ,Intersection,None,,,         ,Nathan,Kemp,Clear,Angle,no,no,no,no,no,False
102620816,METROPOLITAN NASHVILLE POLICE DEPT,20200016516,Davidson,Nashville,1/8/2020 11:48:00 AM,2,0,0,36.193830,-86.775570,I 24,,,,0.00,,,,,,,46.65,N,Not at Intersection, ,,None,,,         ,Kevin,Coleman,,,no,no,no,no,no,False
102620827,METROPOLITAN NASHVILLE POLICE DEPT,20200021814,Davidson,Nashville,1/10/2020 9:37:00 AM,2,0,0,36.099650,-86.711100,I 24,,,,0.00,,,,,,,54.60,N,Not at Intersection, ,,None,,,         ,Jessie,Meadows,,,no,no,no,no,no,False
102620828,METROPOLITAN NASHVILLE POLICE DEPT,20200021869,Davidson,Nashville,1/10/2020 11:00:00 AM,1,0,0,36.049890,-86.692860,OCALA DR,,,,52.00,Feet,East,VALLEY WAY,,,,0.00,N,Not at Intersection,N,Non-Junction,None,,,         ,Jessie,Meadows,Clear,Not Collision with Motor Vehicle in Transport,no,no,no,no,yes,False
102620829,METROPOLITAN NASHVILLE POLICE DEPT,20200022066,Davidson,Nashville,1/10/2020 9:26:00 AM,2,0,0,35.996630,-86.689530,NOLENSVILLE PKE,,,,136.00,Feet,East,CONCORD RD,,,,0.00,N,Not at Intersection, ,Non-Junction,None,,,         ,Jessie,Meadows,Clear,Front to Rear,no,no,no,no,no,False
102620896,METROPOLITAN NASHVILLE POLICE DEPT,20200022219,Davidson,Nashville,1/10/2020 12:00:00 PM,2,0,0,36.174510,-86.750300,S 11TH ST,,,,140.00,Feet,North,FATHERLAND ST,,,,0.00,N,Not at Intersection, ,,None,,,         ,Russell,Freeman,,,no,no,no,no,no,False
102620946,METROPOLITAN NASHVILLE POLICE DEPT,20200022167,Davidson,Nashville,1/10/2020 12:36:00 PM,2,1,0,36.069820,-86.897360,HIGHWAY 100,,,,0.00,,,HARPETH TRACE DR,,,,0.00,Y,T-Intersection,N,Intersection-Related,None,,,         ,Phillip,Murphy,Cloudy,Front to Rear,no,no,no,no,no,False
102620948,Metro Park Police,20200021455,Davidson,Nashville,1/10/2020 6:45:00 AM,2,0,0,36.180870,-86.790910,HUME ST,,,,0.00,Feet,East,5TH AVN,,,,0.00,N,Not at Intersection, ,Non-Junction,None,,,         ,Elgrine,"Kirby, Jr.",Cloudy,Rear to Rear,no,no,no,no,no,False
102620949,METROPOLITAN NASHVILLE POLICE DEPT,20200021616,Davidson,Nashville,1/10/2020 7:45:00 AM,2,0,0,36.254010,-86.739050,I 65,,,,0.00,,,,,,,91.50,N,Not at Intersection, ,Non-Junction,None,,,         ,Ricki,Armstrong,Clear,Front to Rear,no,no,no,no,no,False
102620977,GOODLETTSVILLE POLICE DEPT,20-01144,Davidson,Goodlettsville,1/10/2020 12:40:00 PM,1,0,0,36.324190,-86.709180,E CEDAR ST,,,,468.00,Feet,East,CHURCH ST,,,,0.00,N,Not at Intersection, ,Non-Junction,None,,,         ,Donald,Brinton,Cloudy,Not Collision with Motor Vehicle in Transport,no,no,no,no,no,False
102620986,METROPOLITAN NASHVILLE POLICE DEPT,2020022335,Davidson,Nashville,1/10/2020 2:21:00 PM,2,0,0,36.171430,-86.769040,INTERSTATE DR,,,,0.00,Feet,,JAMES ROBERTSON PKWY,,,,0.00,Y,Four-Way, ,Intersection,None,,,         ,Garrett,Short,Cloudy,Front to Rear,no,no,no,no,no,False
102621042,METROPOLITAN NASHVILLE POLICE DEPT,20200022398,Davidson,Nashville,1/10/2020 2:17:00 PM,2,0,0,36.172510,-86.802580,I 40,,,,0.00,,,,,,,207.70,N,Not at Intersection, ,Non-Junction,None,,,         ,Blake,McKay,Cloudy,Front to Rear,no,no,no,no,no,False
102621062,METROPOLITAN NASHVILLE POLICE DEPT,20200022418,Davidson,Nashville,1/10/2020 2:40:00 PM,2,0,0,36.239020,-86.755010,I65 S EXT RAMP,,,,0.00,Feet,East,I 65,,,,0.00,N,Not at Intersection, ,Non-Junction,None,,,         ,Bryan,Musgrave,Clear,Angle,no,no,no,no,no,False
102621064,METROPOLITAN NASHVILLE POLICE DEPT,20200022456,Davidson,Nashville,1/10/2020 3:04:00 PM,2,0,0,36.161300,-86.800040,JO JOHNSTON AV,,,,38.00,Feet,West,17TH AVN,,,,0.00,N,Not at Intersection,Y,Non-Junction,None,,,         ,Daniel,Kallman,Clear,"Sideswipe, Opposite Direction",no,no,no,no,yes,False
102621072,METROPOLITAN NASHVILLE POLICE DEPT,20200022412,Davidson,Nashville,1/10/2020 2:40:00 PM,2,0,0,36.113950,-86.810880,WOODMONT BLVD,,,,0.00,,,HILLSBORO PKE,,,,0.00,Y,Four-Way, ,,None,,,         ,Matthew,Turppa,,,no,no,no,no,no,False
102621075,Nashville Airport Police,2020-00079,Davidson,Nashville,1/6/2020 7:46:00 PM,2,0,0,36.139000,-86.665800,DONELSON PKE,,,,0.00,,,I40 E ENT RAMP,,,,0.00,Y,T-Intersection,N,Non-Junction,None,,,         ,Chevy,Estes,Clear,Front to Rear,no,no,no,no,no,False
102621076,METROPOLITAN NASHVILLE POLICE DEPT,20200022452,Davidson,Nashville,1/10/2020 3:14:00 PM,2,0,0,36.173140,-86.791950,JEFFERSON ST,,,,167.00,Feet,West,ROSA L PARKS BLVD,,,,0.00,N,Not at Intersection, ,,None,,,         ,Anna,Clayton,,,no,no,no,no,no,False
102621077,METROPOLITAN NASHVILLE POLICE DEPT,20200022391,Davidson,Nashville,1/10/2020 2:28:00 PM,3,0,0,36.181160,-86.773620,DICKERSON PKE,,,,117.00,Feet,East,DICKERSON PKE NB ENT RAMP,,,,0.00,N,Not at Intersection,N,Entrance/Exit Ramp Related,None,,,         ,Ethan,Usherwood,Clear,Front to Rear,no,no,no,no,no,False
102621170,METROPOLITAN NASHVILLE POLICE DEPT,2019020194,Davidson,Nashville,1/9/2020 6:04:00 PM,3,1,0,36.157950,-86.784310,BROADWAY,,,,0.00,,,10TH AVN,,,,0.00,Y,Four-Way,N,Intersection,Construction Zone,,,         ,Michael,Douglas,Clear,Front to Rear,no,no,no,no,no,False
102621171,METROPOLITAN NASHVILLE POLICE DEPT,20200022547,Davidson,Nashville,1/10/2020 3:53:00 PM,2,0,0,36.087970,-86.649350,MURFREESBORO PKE,,,,434.00,Feet,North,RANSOM PL,,,,0.00,N,Not at Intersection, ,,None,,,         ,Steven,Begley,,,no,no,no,no,no,False
102621172,METROPOLITAN NASHVILLE POLICE DEPT,20200022616,Davidson,Nashville,1/10/2020 3:37:00 PM,2,0,0,36.131440,-86.759690,CRAIGHEAD ST,,,,962.00,Feet,South,NOLENSVILLE PKE,,,,0.00,N,Not at Intersection, ,,None,,,         ,FELIKS,ABRAHAMYAN,,,no,no,no,no,no,False
102621175,METROPOLITAN NASHVILLE POLICE DEPT,20200022503,Davidson,Nashville,1/10/2020 3:04:00 PM,2,2,0,36.110960,-86.745730,THOMPSON LN,,,,51.00,Feet,East,ELIZABETH ST,,,,0.00,N,Not at Intersection, ,Non-Junction,None,,,         ,Janelle,Keslar,Clear,Front to Rear,no,no,no,no,no,False
102621176,METROPOLITAN NASHVILLE POLICE DEPT,20200022556,Davidson,Nashville,1/10/2020 2:37:00 PM,2,0,0,36.207140,-86.791310,W TRINITY LN,,,,96.00,Feet,East,WHITES CREEK PKE,,,,0.00,N,Not at Intersection,N,"Driveway, Alley Access, etc",None,,,         ,Blake,McKay,Cloudy,Angle,no,no,no,no,yes,False
102621177,METROPOLITAN NASHVILLE POLICE DEPT,20200022487,Davidson,Nashville,1/10/2020 3:35:00 PM,2,2,0,36.110050,-86.735710,THOMPSON LN,,,,62.00,Feet,East,DOBBS AV,,,,0.00,N,Not at Intersection,N,Non-Junction,None,,,         ,Patrick,Martin,Cloudy,HeadOn,no,no,no,no,no,False
102621197,METROPOLITAN NASHVILLE POLICE DEPT,20200022585,Davidson,Nashville,1/10/2020 3:55:00 PM,1,0,0,36.141820,-86.713550,I 40,,,,0.00,,,,,,,214.00,N,Not at Intersection,N,Non-Junction,None,,,         ,Peter,Kinsey,Cloudy,Not Collision with Motor Vehicle in Transport,no,no,no,no,no,False
102621202,METROPOLITAN NASHVILLE POLICE DEPT,20200022573,Davidson,Nashville,1/10/2020 4:00:00 PM,2,0,0,36.183860,-86.798000,I65 N ENT RAMP,,,,0.00,,,I 65,,,,0.00,Y,Y-Intersection,Y,Entrance/Exit Ramp Related,None,,,         ,Jonathan,Sharp,Cloudy,"Sideswipe, Same Direction",no,no,no,no,no,False
102621203,METROPOLITAN NASHVILLE POLICE DEPT,20200022674,Davidson,Nashville,1/10/2020 4:51:00 PM,2,0,0,36.168720,-86.766250,I 24,,,,0.00,,,,,,,48.80,N,Not at Intersection, ,Non-Junction,None,,,         ,Brent,Morris,Clear,"Sideswipe, Same Direction",no,no,no,no,no,False
102621211,METROPOLITAN NASHVILLE POLICE DEPT,20200022702,Davidson,Nashville,1/10/2020 5:01:00 PM,2,0,0,36.191050,-86.798860,VANTAGE WAY,,,,0.00,,,VANTAGE WAY CT,,,,0.00,Y,Four-Way, ,,None,,,         ,Anna,Clayton,,,no,no,no,no,no,False
102621213,METROPOLITAN NASHVILLE POLICE DEPT,20200022431,Davidson,Nashville,1/10/2020 3:08:00 PM,2,0,0,36.215930,-86.763720,DICKERSON PKE,,,,315.00,Feet,North,DELLWAY DR,,,,0.00,N,Not at Intersection, ,"Driveway, Alley Access, etc",None,,,         ,David,Lang,Clear,Angle,no,no,no,no,no,False
102621215,METROPOLITAN NASHVILLE POLICE DEPT,20200022624,Davidson,Nashville,1/10/2020 3:42:00 PM,2,0,0,36.094110,-86.706640,I 24,,,,0.00,,,,,,,55.00,N,Not at Intersection, ,Non-Junction,None,,,         ,Eric,Laury,Clear,Front to Rear,no,no,no,no,no,False
102621221,METROPOLITAN NASHVILLE POLICE DEPT,20200022725,Davidson,Nashville,1/10/2020 5:00:00 PM,2,0,0,36.167060,-86.799380,IRELAND ST,,,,151.00,Feet,West,14TH AVN,,,,0.00,N,Not at Intersection, ,Non-Junction,None,,,         ,Timothy,Skopek,Cloudy,Other,no,no,no,no,no,False
102621229,METROPOLITAN NASHVILLE POLICE DEPT,20200022501,Davidson,Nashville,1/10/2020 2:16:00 PM,2,0,0,36.096770,-86.654560,OLD MURFREESBORO PKE,,,,0.00,,,SMITH SPRINGS RD,,,,0.00,Y,Four-Way, ,,None,,,         ,Mary,Robinson,,,no,no,no,no,no,False
102621230,METROPOLITAN NASHVILLE POLICE DEPT,20200022675,Davidson,Nashville,1/10/2020 4:46:00 PM,2,0,0,36.045930,-86.713330,NOLENSVILLE PKE,,,,206.00,Feet,North,OLD HICKORY BLVD,,,,0.00,N,Not at Intersection,N,Non-Junction,None,,,         ,Brandon,Simpkins,Cloudy,Angle,no,no,no,no,no,False
102621231,METROPOLITAN NASHVILLE POLICE DEPT,20200022717,Davidson,Nashville,1/10/2020 4:35:00 PM,2,0,0,36.223340,-86.746230,ELLINGTON PKWYN,,,,497.00,Feet,North,ELLINGTON PKWYS,,,,0.00,N,Not at Intersection,N,Non-Junction,None,,,         ,Kevin,Clausius,Clear,"Sideswipe, Same Direction",no,no,no,no,yes,False
102621238,METROPOLITAN NASHVILLE POLICE DEPT,2020-0022755,Davidson,Not in City Limit,1/10/2020 5:29:00 PM,1,1,0,36.261100,-86.719700,LINDA LN,,,,97.00,Feet,East,LINDA CT,,,,0.00,N,Not at Intersection,N,Non-Junction,None,,,         ,Arthur,Hipp,Cloudy,Not Collision with Motor Vehicle in Transport,yes,no,no,no,no,False
102621242,METROPOLITAN NASHVILLE POLICE DEPT,20200022738,Davidson,Nashville,1/10/2020 5:20:00 PM,2,0,0,36.151680,-86.768390,I 40,,,,0.00,,,,,,,210.50,N,Not at Intersection,N,Non-Junction,None,,,         ,Philip,Claibourne,Clear,Front to Rear,no,no,no,no,no,False
102621257,METROPOLITAN NASHVILLE POLICE DEPT,20200022594,Davidson,Nashville,1/10/2020 4:08:00 PM,1,0,0,36.127270,-86.861380,HILLWOOD BLVD,,,,236.00,Feet,East,W HILLWOOD DR,,,,0.00,N,Not at Intersection,N,Non-Junction,None,,,         ,Jared,Dick,Clear,Not Collision with Motor Vehicle in Transport,no,no,no,no,yes,False
102621260,METROPOLITAN NASHVILLE POLICE DEPT,20200022740,Davidson,Nashville,1/10/2020 5:05:00 PM,2,1,0,36.192950,-86.747290,DOUGLAS AV,,,,409.00,Feet,East,EMMETT AV,,,,0.00,N,Not at Intersection, ,Non-Junction,None,,,         ,Zachary,Carter,Cloudy,Front to Rear,no,no,no,no,no,False