master_record_number,agency,agency_tracking_number,county,city,collision_date,vehicles_involved,number_injured,number_dead,latitude,longitude,roadway_name,roadway_suffix,roadway_number,roadway_local_id,distance_from_reference,miles-feet_indicator,direction_from_reference,intersection_road_name,intersection_road_name_suffix,intersection_road_number,intersection_local_id,mile_marker,intersection_indicator,intersect_type,interchange_related_indicator,relation_to_junction,work_zone_type,construction_maintenance_zone,construction_maintenance_zone_location,fatal_case_number,officer_first_name,officer_last_name,weather_condition(s),manner_of_crash,pedestrian,bicycle,scooter,parking,hitrun,mou
102623384,METROPOLITAN NASHVILLE POLICE DEPT,20200028120,Davidson,Nashville,1/13/2020 12:00:00 AM,1,0,0,36.074720,-86.681800,ANTIOCH PKE,,,,765.00,Feet,East,RADER DR,,,,0.00,N,Not at Intersection,N,Non-Junction,None,,,         ,Jessie,Meadows,Clear,Not Collision with Motor Vehicle in Transport,no,no,no,no,yes,False
102623387,METROPOLITAN NASHVILLE POLICE DEPT,20200028221,Davidson,Nashville,1/13/2020 9:50:00 AM,2,0,0,36.264210,-86.733860,HEAD DR,,,,0.00,,,OLD HICKORY BLVDW,,,,0.00,Y,T-Intersection, ,Intersection,None,,,         ,Ian,Wilson,Clear,"Sideswipe, Same Direction",no,no,no,no,no,False
102623390,METROPOLITAN NASHVILLE POLICE DEPT,20200028151,Davidson,Nashville,1/13/2020 9:55:00 AM,2,0,0,36.134710,-86.726760,I 24,,,,0.00,,,,,,,52.15,N,Not at Intersection,N,Non-Junction,None,,,         ,Jerre,Fly,Clear,"Sideswipe, Same Direction",no,no,no,no,yes,False
102623396,METROPOLITAN NASHVILLE POLICE DEPT,20200028218,Davidson,Nashville,1/13/2020 10:30:00 AM,2,0,0,36.046410,-86.815950,GRANNY WHITE PKE,,,,23.00,Feet,North,NORTON CT,,,,0.00,N,Not at Intersection,N,Non-Junction,None,,,         ,Nathan,Kemp,Clear,Front to Rear,no,no,no,no,no,False
102623410,METROPOLITAN NASHVILLE POLICE DEPT,20200028284,Davidson,Nashville,1/13/2020 11:05:00 AM,2,0,0,36.119580,-86.808750,HILLSBORO PKE,,,,0.00,,,STOKES LN,,,,0.00,Y,T-Intersection, ,,None,,,         ,Jackson,Smythe,,,no,no,no,no,no,False
102623415,METROPOLITAN NASHVILLE POLICE DEPT,20200028230,Davidson,Nashville,1/13/2020 10:00:00 AM,3,0,0,36.148100,-86.767470,3RD AVS,,,,0.00,,,CAMERON ST,,,,0.00,Y,Four-Way,N,Intersection,None,,,         ,Matthew,Swindell,Clear,Angle,no,no,no,no,yes,False
102623417,METROPOLITAN NASHVILLE POLICE DEPT,20200028275,Davidson,Nashville,1/13/2020 11:00:00 AM,2,0,0,36.079220,-86.726210,NOLENSVILLE PKE,,,,144.00,Feet,South,HARDING PL,,,,0.00,N,Not at Intersection,N,Non-Junction,None,,,         ,Jessie,Meadows,Clear,Front to Rear,no,no,no,no,yes,False
102623429,METROPOLITAN NASHVILLE POLICE DEPT,20200028372,Davidson,Not in City Limit,1/13/2020 12:00:00 PM,1,0,0,36.067760,-86.999540,MCCRORY LN,,,,1397.00,Feet,West,AVONDALE PARK BLVD,,,,0.00,N,Not at Intersection, ,Non-Junction,None,,,         ,Curtis,Rich,Cloudy,Not Collision with Motor Vehicle in Transport,no,no,no,no,no,False
102623456,METROPOLITAN NASHVILLE POLICE DEPT,20200028247,Davidson,Nashville,1/13/2020 10:17:00 AM,2,0,0,36.136790,-86.726780,I 24,,,,0.00,,,,,,,52.30,N,Not at Intersection,N,Non-Junction,None,,,         ,Luis,Pena,Clear,"Sideswipe, Same Direction",no,no,no,no,no,False
102623491,METROPOLITAN NASHVILLE POLICE DEPT,20200028442,Davidson,Nashville,1/13/2020 12:27:00 PM,2,0,0,36.157590,-86.801430,19TH AVN,,,,0.00,,,CHARLOTTE AV,,,,0.00,Y,T-Intersection, ,Intersection,None,,,         ,Nathan,Kemp,Clear,Angle,no,no,no,no,no,False
102623492,METROPOLITAN NASHVILLE POLICE DEPT,20200028517,Davidson,Nashville,1/13/2020 12:51:00 PM,2,0,0,36.148220,-86.805870,WEST END AV,,,,206.00,Feet,East,24TH AVN,,,,0.00,N,Not at Intersection,N,Non-Junction,None,,,         ,Nathan,Kemp,Clear,"Sideswipe, Same Direction",no,no,no,no,yes,Campus
102623494,METROPOLITAN NASHVILLE POLICE DEPT,20200028429,Davidson,Nashville,1/13/2020 12:15:00 PM,2,0,0,36.176450,-86.768550,SPRING ST,,,,345.00,Feet,East,I24 W EXT RAMP,,,,0.00,N,Not at Intersection, ,Non-Junction,None,,,         ,Russell,Freeman,Clear,Front to Rear,no,no,no,no,no,False
102623544,METROPOLITAN NASHVILLE POLICE DEPT,20200028623,Davidson,Nashville,1/13/2020 1:48:00 PM,2,0,0,36.153190,-86.731550,LEBANON PKE,,,,2417.00,Feet,East,OMOHUNDRO PL,,,,0.00,N,Not at Intersection, ,"Driveway, Alley Access, etc",None,,,         ,Michael,Dance,Clear,Front to Rear,no,no,no,no,no,False
102623559,METROPOLITAN NASHVILLE POLICE DEPT,2020028548,Davidson,Nashville,1/13/2020 1:15:00 PM,2,0,0,36.154030,-86.787570,I40 W EXT RAMP,,,,0.00,,,DEMONBREUN ST,,,,0.00,Y,Four-Way, ,,None,,,         ,Michael,Douglas,,,no,no,no,no,no,False
102623570,METROPOLITAN NASHVILLE POLICE DEPT,20200022373,Davidson,Nashville,1/10/2020 2:32:00 PM,2,0,0,36.133850,-86.890200,CHARLOTTE PKE,,,,6.00,Feet,West,OLD CHARLOTTE PKE,,,,0.00,N,Not at Intersection,N,Non-Junction,None,,,         ,Brandon,O'Guin,Cloudy,Front to Rear,no,no,no,no,no,False
102623576,METROPOLITAN NASHVILLE POLICE DEPT,20200028468,Davidson,Nashville,1/13/2020 12:39:00 PM,2,1,0,36.065230,-86.626140,HAMILTON CHURCH RD,,,,708.00,Feet,East,MURFREESBORO PKE,,,,0.00,N,Not at Intersection,N,Non-Junction,None,,,         ,Jessie,Meadows,Clear,"Sideswipe, Opposite Direction",no,no,no,no,no,False
102623578,METROPOLITAN NASHVILLE POLICE DEPT,2020028393,Davidson,Nashville,1/13/2020 12:07:00 PM,1,1,0,36.089040,-86.636390,NASHBORO BLVD,,,,0.00,,,FLINTLOCK CT,,,,0.00,Y,OTHER,Y,Intersection-Related,None,,,         ,Joshua,Hausman,Clear,Not Collision with Motor Vehicle in Transport,no,no,no,no,no,False
102623612,METROPOLITAN NASHVILLE POLICE DEPT,20200028539,Davidson,Nashville,1/13/2020 1:10:00 PM,2,0,0,36.185540,-86.775210,I 24,,,,0.00,,,,,,,47.20,N,Not at Intersection,N,Non-Junction,None,,,         ,Jamel,Griffin,Clear,Front to Rear,no,no,no,no,yes,False
102623613,METROPOLITAN NASHVILLE POLICE DEPT,20200028648,Davidson,Nashville,1/13/2020 2:10:00 PM,2,2,0,36.087780,-86.691380,HARDING PL,,,,278.00,Feet,East,ANTIOCH PKE,,,,0.00,N,Not at Intersection,N,Non-Junction,None,,,         ,Jessie,Meadows,Clear,Front to Rear,no,no,no,no,no,False
102623633,METROPOLITAN NASHVILLE POLICE DEPT,20200028641,Davidson,Nashville,1/13/2020 1:45:00 PM,2,0,0,36.051580,-86.714040,OCALA DR,,,,100.00,Feet,East,NOLENSVILLE PKE,,,,0.00,N,Not at Intersection,N,Non-Junction,None,,,         ,Caleb,Jernigan,Clear,Angle,no,no,no,no,no,False
102623641,METROPOLITAN NASHVILLE POLICE DEPT,20200026247,Davidson,Nashville,1/12/2020 11:00:00 AM,2,0,0,36.207650,-86.777780,BRICK CHURCH PKE,,,,36.00,Feet,North,I65 S EXT RAMP,,,,0.00,N,Not at Intersection,N,Non-Junction,None,,,         ,Pamela,Caulder,Clear,Front to Rear,no,no,no,no,no,False
102623716,METROPOLITAN NASHVILLE POLICE DEPT,20200028833,Davidson,Nashville,1/13/2020 3:10:00 PM,2,0,0,36.109370,-86.727710,SOUTHLAKE DR,,,,102.00,Feet,East,BRILEY PKWYN,,,,0.00,N,Not at Intersection,N,Non-Junction,None,,,         ,Patrick,Martin,Clear,Front to Rear,no,no,no,no,yes,False
102623731,METROPOLITAN NASHVILLE POLICE DEPT,20200028823,Davidson,Nashville,1/13/2020 2:40:00 PM,2,0,0,36.105730,-86.672050,MURFREESBORO PKE,,,,83.00,Feet,West,EZELL PKE,,,,0.00,N,Not at Intersection,N,Non-Junction,None,,,         ,Jarrett,Ipox,Clear,"Sideswipe, Same Direction",no,no,no,no,yes,False
102623733,METROPOLITAN NASHVILLE POLICE DEPT,20200028862,Davidson,Antioch,1/13/2020 3:40:00 PM,2,1,0,36.043440,-86.607110,MURFREESBORO PKE,,,,270.00,Feet,North,HOBSON PKE,,,,0.00,N,Not at Intersection,N,Non-Junction,None,,,         ,Andrew,Ramirez,Clear,Front to Rear,no,no,no,no,no,False
102623747,METROPOLITAN NASHVILLE POLICE DEPT,20200028799,Davidson,Nashville,1/13/2020 3:15:00 PM,2,0,0,36.166070,-86.779720,DEADERICK ST,,,,205.00,Feet,East,4TH AVN,,,,0.00,N,Not at Intersection, ,Non-Junction,None,,,         ,Erik,Wagner,Clear,Front to Rear,no,no,no,no,no,False
102623754,METROPOLITAN NASHVILLE POLICE DEPT,20200029015,Davidson,Not in City Limit,1/13/2020 5:12:00 PM,2,0,0,36.282870,-86.730820,I 65,,,,0.00,,,,,,,93.60,N,Not at Intersection, ,Non-Junction,None,,,         ,Christopher,Littles,Clear,Front to Rear,no,no,no,no,no,False
102623766,METROPOLITAN NASHVILLE POLICE DEPT,20200028853,Davidson,Nashville,1/13/2020 3:25:00 PM,2,0,0,36.068420,-86.707460,HAYWOOD LN,,,,0.00,Feet,West,CHAMBERS DR,,,,0.00,N,Not at Intersection, ,Non-Junction,None,,,         ,Edward,Starke,Clear,Angle,no,no,no,no,no,False
102623768,GOODLETTSVILLE POLICE DEPT,20-01487,Davidson,Goodlettsville,1/13/2020 4:55:00 PM,2,0,0,36.293800,-86.718460,I 65,,,,0.00,,,,,,,94.60,N,Not at Intersection,N,Non-Junction,None,,,         ,George,Forbes,Clear,Front to Rear,no,no,no,no,no,False
102623769,METROPOLITAN NASHVILLE POLICE DEPT,20200029038,Davidson,Nashville,1/13/2020 5:10:00 PM,2,1,0,36.167650,-86.693170,LEBANON PKE,,,,213.00,Feet,West,COTTAGE LN,,,,0.00,N,Not at Intersection,N,Non-Junction,None,,,         ,Reagan,Heath,Clear,Front to Rear,no,no,no,no,no,False
102623781,METROPOLITAN NASHVILLE POLICE DEPT,20200029072,Davidson,Nashville,1/13/2020 5:35:00 PM,2,0,0,36.249390,-86.719410,E PALESTINE AV,,,,0.00,,,GALLATIN PKES,,,,0.00,Y,T-Intersection, ,Intersection,None,,,         ,Christopher,Littles,Clear,Angle,no,no,no,no,no,False
102623789,METROPOLITAN NASHVILLE POLICE DEPT,20200028863,Davidson,Nashville,1/13/2020 11:35:00 AM,2,0,0,36.158250,-86.775040,MOLLOY ST,,,,0.00,,,,,,,0.00,,,N,Non-Junction,None,,,         ,Philip,Claibourne,Clear,"Sideswipe, Same Direction",no,no,no,yes,yes,False
102623790,METROPOLITAN NASHVILLE POLICE DEPT,20200028949,Davidson,Nashville,1/13/2020 4:18:00 PM,2,0,0,36.170820,-86.601540,I40 W EXT RAMP,,,,0.00,,,I 40,,,,0.00,Y,Four-Way,Y,Intersection,None,,,         ,Joshua,Hausman,Clear,Angle,no,no,no,no,no,False
102623791,METROPOLITAN NASHVILLE POLICE DEPT,20200029031,Davidson,Nashville,1/13/2020 5:13:00 PM,2,0,0,36.078390,-86.729830,HARDING PL,,,,360.00,Feet,South,SHEFFIELD DR,,,,0.00,N,Not at Intersection, ,,None,,,         ,FELIKS,ABRAHAMYAN,,,no,no,no,no,no,False
102623796,METROPOLITAN NASHVILLE POLICE DEPT,20200029054,Davidson,Nashville,1/13/2020 5:20:00 PM,2,1,0,36.147560,-86.744150,I 40,,,,0.00,,,,,,,212.00,N,Not at Intersection, ,Non-Junction,None,,,         ,Derek,Sibley,Clear,Front to Rear,no,no,no,no,no,False
102623799,METROPOLITAN NASHVILLE POLICE DEPT,20200028931,Davidson,Nashville,1/13/2020 4:16:00 PM,2,0,0,36.176510,-86.769720,SPRING ST,,,,0.00,,,I24 W EXT RAMP,,,,0.00,Y,T-Intersection,N,Intersection,None,,,         ,Nicholas,Silinsky,Clear,Angle,no,no,no,no,no,False
102623800,METROPOLITAN NASHVILLE POLICE DEPT,20200029114,Davidson,Nashville,1/13/2020 5:53:00 PM,2,0,0,36.131460,-86.726950,I24E,,,,432.00,Feet,North,I24 W ENT RAMP,,,,0.00,N,Not at Intersection, ,Non-Junction,None,,,         ,Patrick,Martin,Clear,Front to Rear,no,no,no,no,no,False
102623802,METROPOLITAN NASHVILLE POLICE DEPT,20200029102,Davidson,Nashville,1/13/2020 5:43:00 PM,2,0,0,36.186840,-86.819630,CLARKSVILLE PKE,,,,305.00,Feet,West,26TH AVN,,,,0.00,N,Not at Intersection,N,Non-Junction,None,,,         ,Jonathan,Sharp,Cloudy,Angle,no,no,no,yes,yes,False
102623803,METROPOLITAN NASHVILLE POLICE DEPT,20200029140,Davidson,Nashville,1/13/2020 6:00:00 PM,1,0,0,36.114880,-86.839740,WOODMONT LN,,,,280.00,Feet,South,DARTMOUTH AV,,,,0.00,N,Not at Intersection,N,Non-Junction,None,,,         ,Brian,DeMarce,Clear,Not Collision with Motor Vehicle in Transport,no,no,no,no,no,False
102623804,METROPOLITAN NASHVILLE POLICE DEPT,20200029132,Davidson,Nashville,1/13/2020 6:07:00 PM,2,0,0,36.116210,-86.793730,I 440,,,,0.00,,,,,,,3.75,N,Not at Intersection,N,Non-Junction,Construction Zone,Laneclosure,Unknown,         ,FELIKS,ABRAHAMYAN,Clear,Front to Rear,no,no,no,no,no,False
102623805,METROPOLITAN NASHVILLE POLICE DEPT,2020-0029025,Davidson,Nashville,1/13/2020 5:14:00 PM,2,1,0,36.251920,-86.717690,GALLATIN PKES,,,,0.00,,,E WEBSTER ST,,,,0.00,Y,Four-Way,N,Intersection-Related,None,,,         ,Arthur,Hipp,Clear,Angle,no,no,no,no,no,False
102623807,METROPOLITAN NASHVILLE POLICE DEPT,20200029204,Davidson,Nashville,1/13/2020 6:25:00 PM,2,0,0,36.113290,-86.707630,BRILEY PKWYN,,,,345.00,Feet,North,BRILEY PKWYS,,,,0.00,N,Not at Intersection,N,Non-Junction,None,,,         ,Edward,Starke,Clear,Front to Rear,no,no,no,no,yes,False
102623808,METROPOLITAN NASHVILLE POLICE DEPT,20200029191,Davidson,Nashville,1/13/2020 5:54:00 PM,2,0,0,36.113950,-86.810880,WOODMONT BLVD,,,,0.00,,,HILLSBORO PKE,,,,0.00,Y,Four-Way,Y,Intersection,None,,,         ,Douglas,Sykes,Clear,"Sideswipe, Same Direction",no,no,no,no,yes,False
102623819,METROPOLITAN NASHVILLE POLICE DEPT,20200029181,Davidson,Nashville,1/13/2020 6:16:00 PM,2,0,0,36.072260,-86.732820,EDMONDSON PKE,,,,50.00,Feet,North,WHISPERING HILLS DR,,,,0.00,N,Not at Intersection, ,,None,,,         ,William,King,,,no,no,no,no,no,False
102623820,METROPOLITAN NASHVILLE POLICE DEPT,20200029197,Davidson,Nashville,1/13/2020 6:35:00 PM,1,0,0,36.188150,-86.809120,CECILIA AV,,,,0.00,Feet,West,12TH AVN,,,,0.00,N,Not at Intersection,N,OtherLocation,None,,,         ,Khalid,Abbady,Clear,Not Collision with Motor Vehicle in Transport,no,no,no,no,yes,False
102623826,METROPOLITAN NASHVILLE POLICE DEPT,20200029246,Davidson,Nashville,1/13/2020 6:53:00 PM,2,1,0,36.211250,-86.732870,GALLATIN PKE,,,,151.00,Feet,South,HART LN,,,,0.00,N,Not at Intersection, ,Non-Junction,None,,,         ,Randy,Puckett,Clear,Front to Rear,no,no,no,no,no,False
102623831,METROPOLITAN NASHVILLE POLICE DEPT,20200029146,Davidson,Nashville,1/13/2020 6:10:00 PM,2,3,0,36.077540,-86.689970,BAKERTOWN RD,,,,0.00,Feet,,EZELL RD,,,,0.00,Y,Four-Way,N,Intersection,None,,,         ,Eric,Laury,Clear,Angle,no,no,no,no,no,False
102623834,METROPOLITAN NASHVILLE POLICE DEPT,20200029277,Davidson,Nashville,1/13/2020 7:05:00 PM,2,0,0,36.138680,-86.810870,NATCHEZ TRC,,,,7.00,Feet,West,BLAKEMORE AVE,,,,0.00,N,Not at Intersection, ,Non-Junction,None,,,         ,Goran,Manojlovic,Clear,Front to Rear,no,no,no,no,no,Campus
102623835,METROPOLITAN NASHVILLE POLICE DEPT,20200029113,Davidson,Not in City Limit,1/13/2020 5:58:00 PM,2,0,0,36.075810,-86.981040,I 40,,,,0.00,,,,,,,194.80,N,Not at Intersection,N,Non-Junction,None,,,         ,Jeremy,Huffine,Clear,Front to Rear,no,no,no,no,no,False
102623843,METROPOLITAN NASHVILLE POLICE DEPT,20200029179,Davidson,Nashville,1/13/2020 6:00:00 PM,2,0,0,36.088240,-86.649510,MURFREESBORO PKE,,,,335.00,Feet,South,RANSOM PL,,,,0.00,N,Not at Intersection, ,Non-Junction,None,,,         ,John,Jones,Clear,Front to Rear,no,no,no,no,no,False
102623844,METROPOLITAN NASHVILLE POLICE DEPT,20200029300,Davidson,Nashville,1/13/2020 3:58:00 PM,2,0,0,36.047500,-86.653750,HICKORY HOLLOW LN,,,,478.00,Feet,North,BELL RD,,,,0.00,N,Not at Intersection, ,,None,,,         ,Patrick,Martin,,,no,no,no,no,no,False
102623848,METROPOLITAN NASHVILLE POLICE DEPT,20200017130,Davidson,Nashville,1/8/2020 4:39:00 PM,4,1,0,36.155860,-86.789190,I40 W EXT RAMP,,,,13.00,Feet,East,BROADWAY,,,,0.00,N,Not at Intersection,N,Non-Junction,None,,,         ,Cressie,Prill,Clear,Front to Rear,no,no,no,no,no,False
102623868,METROPOLITAN NASHVILLE POLICE DEPT,20200029111,Davidson,Antioch,1/13/2020 5:50:00 PM,2,0,0,36.047840,-86.612050,MURFREESBORO PKE,,,,1284.00,Feet,North,MOUNTAIN SPRINGS RD,,,,0.00,N,Not at Intersection,N,Non-Junction,None,,,         ,Andrew,Ramirez,Clear,Angle,no,no,no,no,yes,False
102623869,METROPOLITAN NASHVILLE POLICE DEPT,20200029156,Davidson,Antioch,1/13/2020 6:15:00 PM,2,0,0,36.042820,-86.606620,HOBSON PKE,,,,22.00,Feet,West,MURFREESBORO PKE,,,,0.00,N,Not at Intersection,N,Non-Junction,None,,,         ,Andrew,Ramirez,Clear,Angle,no,no,no,no,no,False
102623871,METROPOLITAN NASHVILLE POLICE DEPT,20200029304,Davidson,Not in City Limit,1/13/2020 7:27:00 PM,2,0,0,36.280950,-86.749060,DICKERSON PKE,,,,1367.00,Feet,North,NESBITT DR,,,,0.00,N,Not at Intersection,N,Non-Junction,None,,,         ,Christopher,Littles,Clear,"Sideswipe, Same Direction",no,no,no,no,no,False
102623883,METROPOLITAN NASHVILLE POLICE DEPT,20200029236,Davidson,Nashville,1/13/2020 5:22:00 PM,2,0,0,36.084920,-86.703440,TRAVELERS INN DR,,,,0.00,,,HARDING PL,,,,0.00,Y,T-Intersection,N,Non-Junction,None,,,         ,Edward,Starke,Clear,Front to Rear,no,no,no,no,no,False
102623887,METROPOLITAN NASHVILLE POLICE DEPT,20200029310,Davidson,Nashville,1/13/2020 12:00:00 AM,3,0,0,36.134350,-86.723030,MURFREESBORO PKE,,,,414.00,Feet,West,PLUS PARK BLVD,,,,0.00,N,Not at Intersection,N,Non-Junction,None,,,         ,Joseph,Simon,Unknown,Unknown,no,no,no,yes,yes,False
102623922,METROPOLITAN NASHVILLE POLICE DEPT,20200029361,Davidson,Nashville,1/13/2020 6:35:00 PM,2,0,0,36.229330,-86.758490,BROADMOOR DR,,,,234.00,Feet,East,DICKERSON PKE,,,,0.00,N,Not at Intersection,N,Non-Junction,None,,,         ,Ty,Cummings,Clear,"Sideswipe, Same Direction",no,no,no,yes,yes,False
102623966,METROPOLITAN NASHVILLE POLICE DEPT,20200029307,Davidson,Nashville,1/13/2020 6:55:00 PM,2,0,0,36.152150,-86.634800,I 40,,,,0.00,,,,,,,218.60,N,Not at Intersection,N,Non-Junction,None,,,         ,Michael,Fox,Clear,Front to Rear,no,no,no,no,no,False
102624018,METROPOLITAN NASHVILLE POLICE DEPT,20200029700,Davidson,Nashville,1/13/2020 10:00:00 PM,2,1,0,36.176640,-86.771010,SPRING ST,,,,0.00,,,DICKERSON PKE,,,,0.00,Y,T-Intersection, ,Intersection-Related,None,,,         ,Edward,Holden,Clear,Angle,no,no,no,no,yes,False
102624019,METROPOLITAN NASHVILLE POLICE DEPT,20200029746,Davidson,Nashville,1/13/2020 10:55:00 PM,1,0,0,36.091770,-86.614570,CLEARLAKE DRW,,,,607.00,Feet,North,LAKE FOREST DR,,,,0.00,N,Not at Intersection,N,Non-Junction,None,,,         ,Bradley,Pope,Rain,Not Collision with Motor Vehicle in Transport,no,no,no,no,no,False
102624020,METROPOLITAN NASHVILLE POLICE DEPT,20200029692,Davidson,Nashville,1/13/2020 11:00:00 PM,1,0,0,36.208740,-86.833620,W HAMILTON AVE,,,,338.00,Feet,East,HAYNES PARK DR,,,,0.00,N,Not at Intersection,N,Non-Junction,None,,,         ,Thomas,Clingan,Clear,Not Collision with Motor Vehicle in Transport,no,no,no,no,yes,False
102624033,GOODLETTSVILLE POLICE DEPT,20-01496,Davidson,Goodlettsville,1/13/2020 6:28:00 PM,2,0,0,36.322260,-86.713310,S MAIN ST,,,,0.00,,,LONG HOLLOW PKE,,,,0.00,Y,Four-Way, ,Intersection,None,,,         ,Kenneth,Parks,Clear,Angle,no,no,no,no,no,False
102624035,METROPOLITAN NASHVILLE POLICE DEPT,20200029921,Davidson,Nashville,1/14/2020 1:01:00 AM,1,0,0,36.075720,-86.768060,I 65,,,,0.00,,,,,,,77.35,N,Not at Intersection, ,Non-Junction,None,,,         ,John,Frazier,Rain,Not Collision with Motor Vehicle in Transport,no,no,no,no,no,False
102624040,METROPOLITAN NASHVILLE POLICE DEPT,20200029990,Davidson,Nashville,1/14/2020 12:00:00 AM,1,0,0,36.103090,-86.714470,I 24,,,,0.00,,,,,,,54.30,N,Not at Intersection,N,Non-Junction,None,,,         ,Antoine,Maghamez,Rain,Not Collision with Motor Vehicle in Transport,no,no,no,no,no,False
102624044,METROPOLITAN NASHVILLE POLICE DEPT,20200030014,Davidson,Nashville,1/14/2020 1:49:00 AM,1,0,0,36.151610,-86.752190,I 40,,,,0.00,,,,,,,211.45,N,Not at Intersection, ,Non-Junction,None,,,         ,Joseph,Patricio,Rain,Not Collision with Motor Vehicle in Transport,no,no,no,no,no,False
102624047,METROPOLITAN NASHVILLE POLICE DEPT,20200030054,Davidson,Nashville,1/14/2020 12:00:00 AM,1,0,0,36.119660,-86.718400,EAST THOMPSON LN,,,,295.00,Feet,North,CURREY RD,,,,0.00,N,Not at Intersection,N,Non-Junction,None,,,         ,Antoine,Maghamez,Rain,Not Collision with Motor Vehicle in Transport,no,no,no,no,yes,False
102624048,METROPOLITAN NASHVILLE POLICE DEPT,20200030036,Davidson,Nashville,1/14/2020 2:13:00 AM,1,1,0,36.157920,-86.760430,I 24,,,,0.00,,,,,,,49.60,N,Not at Intersection,N,Non-Junction,None,,,         ,Joseph,Patricio,Rain,Not Collision with Motor Vehicle in Transport,no,no,no,no,no,False
102624052,METROPOLITAN NASHVILLE POLICE DEPT,20200030098,Davidson,Nashville,1/14/2020 3:05:00 AM,2,0,0,36.171690,-86.768190,I 24,,,,0.00,,,,,,,48.35,N,Not at Intersection,N,Non-Junction,None,,,         ,Kiana,Perry,Rain,"Sideswipe, Same Direction",no,no,no,no,no,False
102624055,METROPOLITAN NASHVILLE POLICE DEPT,20200030126,Davidson,Nashville,1/14/2020 3:22:00 AM,2,1,0,36.151790,-86.779250,8TH AVS,,,,0.00,Feet,West,GLEAVES ST,,,,0.00,N,Not at Intersection,N,Non-Junction,None,,,         ,Michael,Suagua,Rain,Angle,no,no,no,no,no,False
102624082,THP District 3 - Nashville,320002490,Davidson,Nashville,1/12/2020 1:25:00 PM,2,0,0,36.168790,-86.600490,OLD HICKORY BLVD,,,,101.00,Feet,North,MILLS RD,,,,0.00,N,Not at Intersection, ,Non-Junction,None,,,         ,Matthew,Merica,Cloudy,"Sideswipe, Same Direction",no,no,no,no,no,False
102624092,METROPOLITAN NASHVILLE POLICE DEPT,20200030287,Davidson,Nashville,1/14/2020 5:47:00 AM,2,0,0,36.153610,-86.757340,I 40,,,,0.00,,,,,,,211.15,N,Not at Intersection,N,Non-Junction,None,,,         ,Joseph,Patricio,Rain,Front to Rear,no,no,no,no,yes,False
102624096,METROPOLITAN NASHVILLE POLICE DEPT,20200030307,Davidson,Nashville,1/14/2020 5:50:00 AM,2,0,0,36.185870,-86.798040,I65 S EXT RAMP,,,,0.00,,,I 65,,,,0.00,Y,OTHER, ,Entrance/Exit Ramp Related,None,,,         ,Erik,Schall,Rain,Front to Rear,no,no,no,no,no,False
102624137,METROPOLITAN NASHVILLE POLICE DEPT,20200030359,Davidson,Not in City Limit,1/14/2020 6:55:00 AM,2,0,0,36.108080,-86.926940,I 40,,,,0.00,,,,,,,199.00,N,Not at Intersection,N,Non-Junction,None,,,         ,Curtis,Rich,Rain,Front to Rear,no,no,no,no,no,False
102624152,METROPOLITAN NASHVILLE POLICE DEPT,20200030384,Davidson,Nashville,1/14/2020 5:55:00 AM,2,1,0,36.172310,-86.874090,CENTENNIAL BLVD,,,,261.00,Feet,North,RAMP,,,,0.00,N,Not at Intersection,N,Non-Junction,None,,,         ,George,Spencer,Cloudy,"Sideswipe, Same Direction",no,no,no,no,no,False
102624153,METROPOLITAN NASHVILLE POLICE DEPT,20200030473,Davidson,Nashville,1/14/2020 7:39:00 AM,2,0,0,36.075270,-86.729810,EDMONDSON PKE,,,,767.00,Feet,South,MILNER DR,,,,0.00,N,Not at Intersection,N,"Driveway, Alley Access, etc",None,,,         ,Nathan,Kemp,Clear,Front to Rear,no,no,no,no,no,False
102624157,METROPOLITAN NASHVILLE POLICE DEPT,20200028695,Davidson,Antioch,1/13/2020 2:05:00 PM,2,2,0,36.026440,-86.588360,MURFREESBORO PKE,,,,0.00,,,HICKORY WOODS DR,,,,0.00,Y,T-Intersection,Y,Intersection-Related,None,,,         ,Thomas,White,Clear,Angle,no,no,no,no,no,False
102624179,METROPOLITAN NASHVILLE POLICE DEPT,2020-0030375,Davidson,Nashville,1/14/2020 6:44:00 AM,2,0,0,36.051010,-86.651180,MT VIEW RD,,,,0.00,,,CURTIS HOLLOW RD,,,,0.00,Y,T-Intersection, ,Intersection,None,,,         ,Stanley,Collins,Rain,Angle,no,no,no,no,no,False
102624182,METROPOLITAN NASHVILLE POLICE DEPT,20200030563,Davidson,Nashville,1/14/2020 8:13:00 AM,1,1,0,36.167460,-86.607780,I40 E EXT RAMP,,,,1037.00,Feet,East,I 40,,,,0.00,N,Not at Intersection,N,Entrance/Exit Ramp Related,None,,,         ,Michael,Dance,Rain,Not Collision with Motor Vehicle in Transport,no,no,no,no,no,False
102624184,METROPOLITAN NASHVILLE POLICE DEPT,20200030621,Davidson,Nashville,1/14/2020 8:07:00 AM,2,0,0,36.178010,-86.773520,I24 E ENT RAMP,,,,0.00,,,I 24,,,,0.00,Y,OTHER,Y,Entrance/Exit Ramp Related,None,,,         ,Ronald,Bright,Cloudy,Angle,no,no,no,no,yes,False