master_record_number,agency,agency_tracking_number,county,city,collision_date,vehicles_involved,number_injured,number_dead,latitude,longitude,roadway_name,roadway_suffix,roadway_number,roadway_local_id,distance_from_reference,miles-feet_indicator,direction_from_reference,intersection_road_name,intersection_road_name_suffix,intersection_road_number,intersection_local_id,mile_marker,intersection_indicator,intersect_type,interchange_related_indicator,relation_to_junction,work_zone_type,construction_maintenance_zone,construction_maintenance_zone_location,fatal_case_number,officer_first_name,officer_last_name,weather_condition(s),manner_of_crash,pedestrian,bicycle,scooter,parking,hitrun,mou
102624186,METROPOLITAN NASHVILLE POLICE DEPT,2020-0030533,Davidson,Nashville,1/14/2020 7:50:00 AM,3,0,0,36.171130,-86.798680,I 40,,,,0.00,,,,,,,207.90,N,Not at Intersection, ,,None,,,         ,Po,Cheng,,,no,no,no,no,no,False
102624200,METROPOLITAN NASHVILLE POLICE DEPT,20200030687,Davidson,Nashville,1/14/2020 9:13:00 AM,2,0,0,36.122040,-86.807110,I440 E ENT RAMP,,,,0.00,Feet,East,I 440,,,,0.00,N,Not at Intersection,N,Entrance/Exit Ramp Related,None,,,         ,Nathan,Kemp,Clear,Angle,no,no,no,no,no,False
102624203,METROPOLITAN NASHVILLE POLICE DEPT,20200030491,Davidson,Nashville,1/14/2020 7:31:00 AM,2,0,0,36.077000,-86.725530,NOLENSVILLE PKE,,,,34.00,Feet,South,WALLACE RD,,,,0.00,N,Not at Intersection, ,Non-Junction,None,,,         ,John,Braun,Cloudy,"Sideswipe, Same Direction",no,no,no,no,no,False
102624206,METROPOLITAN NASHVILLE POLICE DEPT,20200030635,Davidson,Nashville,1/14/2020 12:00:00 AM,1,0,0,36.062570,-86.923430,BELLEVUE RD,,,,66.00,Feet,East,HICKS RD,,,,0.00,N,Not at Intersection, ,Non-Junction,None,,,         ,Curtis,Rich,Unknown,Not Collision with Motor Vehicle in Transport,no,no,no,no,yes,False
102624216,METROPOLITAN NASHVILLE POLICE DEPT,20200030372,Davidson,Nashville,1/14/2020 6:45:00 AM,2,0,0,36.046730,-86.661150,I 24,,,,0.00,,,,,,,59.25,N,Not at Intersection,N,Non-Junction,None,,,         ,Jessie,Meadows,Rain,"Sideswipe, Same Direction",no,no,no,no,yes,False
102624218,METROPOLITAN NASHVILLE POLICE DEPT,20200030379,Davidson,Nashville,1/14/2020 6:24:00 AM,2,0,0,36.162110,-86.790610,11TH AVN,,,,0.00,Feet,West,CHARLOTTE AV,,,,0.00,N,Not at Intersection, ,Unknown,None,,,         ,Mark,Anderson,Rain,Other,no,no,no,no,no,False
102624237,METROPOLITAN NASHVILLE POLICE DEPT,20200030562,Davidson,Nashville,1/14/2020 8:07:00 AM,2,0,0,36.204850,-86.740980,ZOPHI ST,,,,26.00,Feet,West,CASPER AV,,,,0.00,N,Not at Intersection, ,Non-Junction,None,,,         ,Joseph,Progar,Cloudy,Angle,no,no,no,no,no,False
102624238,METROPOLITAN NASHVILLE POLICE DEPT,20200030479,Davidson,Nashville,1/14/2020 12:00:00 AM,1,0,0,36.110520,-86.740370,THOMPSON LN,,,,107.00,Feet,East,SIMMONS AV,,,,0.00,N,Not at Intersection,N,Non-Junction,None,,,         ,James,Thomas,Rain,Not Collision with Motor Vehicle in Transport,no,no,no,no,yes,False
102624244,METROPOLITAN NASHVILLE POLICE DEPT,20200030567,Davidson,Nashville,1/14/2020 8:15:00 AM,2,0,0,36.171880,-86.767870,I24 W EXT RAMP,,,,0.00,Feet,East,I 24,,,,0.00,N,Not at Intersection, ,Non-Junction,None,,,         ,Jessie,Meadows,Clear,Front to Rear,no,no,no,no,no,False
102624245,METROPOLITAN NASHVILLE POLICE DEPT,2020030629,Davidson,Nashville,1/14/2020 8:37:00 AM,2,0,0,36.168460,-86.600280,OLD HICKORY BLVD,,,,0.00,,,SELLS DR,,,,0.00,Y,Four-Way,Y,Intersection,None,,,         ,Joshua,Hausman,Clear,Angle,no,no,no,no,no,False
102624247,VANDERBILT UNIVERSITY POLICE,202000002273,Davidson,Nashville,1/14/2020 9:42:00 AM,2,0,0,36.140450,-86.801780,MEDICAL CENTER DR,,,,0.00,,,,,,,0.00,,Not at Intersection, ,,None,,,         ,Donald,McCormick,,,no,no,no,yes,no,Campus
102624250,METROPOLITAN NASHVILLE POLICE DEPT,20200030765,Davidson,Nashville,1/14/2020 9:47:00 AM,2,0,0,36.141260,-86.717010,I 40,,,,0.00,,,,,,,213.80,N,Not at Intersection,N,Non-Junction,None,,,         ,Michael,Dance,Cloudy,Front to Rear,no,no,no,no,yes,False
102624257,METROPOLITAN NASHVILLE POLICE DEPT,20200030632,Davidson,Nashville,1/14/2020 8:44:00 AM,2,0,0,36.173790,-86.762820,MAIN ST,,,,0.00,Feet,West,N 6TH ST,,,,0.00,N,Not at Intersection,N,Non-Junction,None,,,         ,Torrance,Bennett,Cloudy,Angle,no,no,no,no,yes,False
102624258,METROPOLITAN NASHVILLE POLICE DEPT,20200030760,Davidson,Nashville,1/14/2020 9:40:00 AM,2,0,0,36.167650,-86.805910,DR D B TODD JR BLVD,,,,0.00,,,MEHARRY BLVD,,,,0.00,Y,T-Intersection,N,Intersection,None,,,         ,Wesley,Young,Cloudy,Front to Rear,no,no,no,no,yes,False
102624260,METROPOLITAN NASHVILLE POLICE DEPT,20200030836,Davidson,Nashville,1/14/2020 10:21:00 AM,2,0,0,36.153450,-86.756880,I 40,,,,0.00,,,,,,,211.15,N,Not at Intersection,N,Non-Junction,None,,,         ,Michael,Dance,Cloudy,"Sideswipe, Same Direction",no,no,no,no,no,False
102624261,METROPOLITAN NASHVILLE POLICE DEPT,20200030398,Davidson,Nashville,1/14/2020 7:00:00 AM,3,0,0,36.181550,-86.754860,MCFERRIN AV,,,,109.00,Feet,South,MANSFIELD ST,,,,0.00,N,Not at Intersection,N,Non-Junction,None,,,         ,Russell,Freeman,Cloudy,HeadOn,no,no,no,no,no,False
102624269,METROPOLITAN NASHVILLE POLICE DEPT,20200030789,Davidson,Nashville,1/14/2020 9:55:00 AM,2,0,0,36.167010,-86.763750,S 4TH ST,,,,0.00,,,SHELBY AV,,,,0.00,Y,Five Point Or More, ,Intersection-Related,None,,,         ,Russell,Freeman,Cloudy,Front to Rear,no,no,no,no,no,False
102624274,METROPOLITAN NASHVILLE POLICE DEPT,20200030780,Davidson,Nashville,1/14/2020 9:55:00 AM,2,0,0,36.222610,-86.822820,AMES DR,,,,352.00,Feet,North,LYTLE DR,,,,0.00,N,Not at Intersection, ,Non-Junction,None,,,         ,Keith,Parlato,Cloudy,"Sideswipe, Same Direction",no,no,no,no,no,False
102624276,METROPOLITAN NASHVILLE POLICE DEPT,20200030728,Davidson,Nashville,1/14/2020 9:27:00 AM,1,0,0,36.142590,-86.765160,4TH AVS,,,,62.00,Feet,North,HART ST,,,,0.00,N,Not at Intersection,N,Non-Junction,None,,,         ,Jessie,Meadows,Clear,Not Collision with Motor Vehicle in Transport,no,no,no,no,no,False
102624279,METROPOLITAN NASHVILLE POLICE DEPT,20200030945,Davidson,Nashville,1/14/2020 11:24:00 AM,2,0,0,36.158690,-86.792240,14TH AVN,,,,110.00,Feet,South,I40 E EXT RAMP,,,,0.00,N,Not at Intersection, ,Non-Junction,None,,,         ,Nathan,Kemp,Clear,Front to Rear,no,no,no,no,no,False
102624283,METROPOLITAN NASHVILLE POLICE DEPT,20200030537,Davidson,Nashville,1/14/2020 8:00:00 AM,2,2,0,36.176880,-86.776180,COWAN ST,,,,0.00,Feet,West,SPRING ST,,,,0.00,N,Not at Intersection,Y,Unknown,None,,,         ,Mark,Anderson,Cloudy,Angle,no,no,no,no,no,False
102624302,BERRY HILL POLICE DEPT,20-0187,Davidson,Berry Hill,1/14/2020 7:36:00 AM,2,0,0,36.124580,-86.765430,BRANSFORD AV,,,,0.00,,,,,,,0.00,,, ,"Driveway, Alley Access, etc",None,,,         ,Ronnie,Hill,Cloudy,"Sideswipe, Same Direction",no,no,no,yes,no,False
102624303,METROPOLITAN NASHVILLE POLICE DEPT,20200030919,Davidson,Nashville,1/14/2020 11:05:00 AM,2,0,0,36.150150,-86.857950,WHITE BRIDGE PKE,,,,0.00,,,CHARLOTTE PKE,,,,0.00,Y,Four-Way, ,Intersection,None,,,         ,Curtis,Rich,Cloudy,Angle,no,no,no,no,no,False
102624315,METROPOLITAN NASHVILLE POLICE DEPT,20200030466,Davidson,Nashville,1/14/2020 7:38:00 AM,2,0,0,36.154510,-86.784690,11TH AVS,,,,175.00,Feet,North,LAUREL ST,,,,0.00,N,Not at Intersection,N,"Driveway, Alley Access, etc",None,,,         ,Wesley,Henderson,Cloudy,Angle,no,no,no,no,no,False
102624340,METROPOLITAN NASHVILLE POLICE DEPT,20200030886,Davidson,Nashville,1/14/2020 10:46:00 AM,2,1,0,36.124840,-86.752110,NOLENSVILLE PKE,,,,60.00,Feet,South,ROSEDALE AV,,,,0.00,N,Not at Intersection,N,Non-Junction,None,,,         ,Jessie,Meadows,Clear,Angle,no,no,no,no,no,False
102624341,METROPOLITAN NASHVILLE POLICE DEPT,20200031046,Davidson,Nashville,1/14/2020 11:56:00 AM,2,1,0,36.135930,-86.725240,MURFREESBORO PKE,,,,77.00,Feet,West,MURFREESBORO PKE EXT RAMP,,,,0.00,N,Not at Intersection, ,Non-Junction,None,,,         ,Jason,Hees,Clear,Front to Rear,no,no,no,no,no,False
102624342,VANDERBILT UNIVERSITY POLICE,200030964,Davidson,Nashville,1/14/2020 8:15:00 AM,1,1,0,36.140270,-86.801190,MEDICAL CENTER DR,,,,0.00,,,,,,,0.00,,,N,Non-Junction,None,,,         ,Joseph,Musick,Cloudy,Not Collision with Motor Vehicle in Transport,yes,no,no,yes,yes,Campus
102624347,METROPOLITAN NASHVILLE POLICE DEPT,20200031080,Davidson,Nashville,1/14/2020 12:38:00 PM,2,0,0,36.099470,-86.871660,HARDING PKE,,,,122.00,Feet,South,HIGHWAY 100,,,,0.00,N,Not at Intersection, ,Non-Junction,None,,,         ,Curtis,Rich,Cloudy,Front to Rear,no,no,no,no,no,False
102624374,METROPOLITAN NASHVILLE POLICE DEPT,20200031056,Davidson,Nashville,1/14/2020 12:20:00 PM,2,0,0,36.178230,-86.794780,ROSA L PARKS BLVD,,,,56.00,Feet,North,CHEATHAM PL,,,,0.00,N,Not at Intersection, ,Non-Junction,None,,,         ,Wesley,Young,Clear,"Sideswipe, Same Direction",no,no,no,no,no,False
102624378,METROPOLITAN NASHVILLE POLICE DEPT,2020-0028646,Davidson,Nashville,1/13/2020 1:48:00 PM,2,0,0,36.082200,-86.727120,NOLENSVILLE PKE,,,,154.00,Feet,South,WELSHWOOD DR,,,,0.00,N,Not at Intersection, ,Non-Junction,None,,,         ,Sean,Williams,Clear,Front to Rear,no,no,no,no,no,False
102624381,METROPOLITAN NASHVILLE POLICE DEPT,20200031063,Davidson,Nashville,1/14/2020 12:30:00 PM,2,2,0,36.040260,-86.816400,GRANNY WHITE PKE,,,,0.00,,,OLD HICKORY BLVD,,,,0.00,Y,Four-Way,N,Intersection,None,,,         ,Nathan,Kemp,Clear,Angle,no,no,no,no,no,False
102624382,METROPOLITAN NASHVILLE POLICE DEPT,20200031162,Davidson,Nashville,1/14/2020 12:59:00 PM,2,0,0,36.037480,-86.791150,OLD HICKORY BLVD,,,,50.00,Feet,West,EAST PARK DR,,,,0.00,N,Not at Intersection, ,,None,,,         ,Nathan,Kemp,,,no,no,no,no,no,False
102624384,METROPOLITAN NASHVILLE POLICE DEPT,20200031085,Davidson,Nashville,1/14/2020 12:44:00 PM,2,0,0,36.030470,-86.743980,EDMONDSON PKE,,,,0.00,,North,CLOVERLAND DR,,,,0.00,N,Not at Intersection, ,Non-Junction,None,,,         ,Gary,Sneed,Clear,Angle,no,no,no,no,no,False
102624387,METROPOLITAN NASHVILLE POLICE DEPT,20200031092,Davidson,Nashville,1/14/2020 12:45:00 PM,2,0,0,36.121800,-86.758810,I 440,,,,0.00,,,,,,,5.85,N,Not at Intersection,N,Non-Junction,Work Zone,Other,Activity Area,         ,Jackson,Smythe,Cloudy,Front to Rear,no,no,no,no,yes,False
102624389,METROPOLITAN NASHVILLE POLICE DEPT,20200031028,Davidson,Nashville,1/14/2020 10:45:00 AM,2,0,0,36.074790,-86.724850,NOLENSVILLE PKE,,,,97.00,Feet,South,FLORA MAXWELL RD,,,,0.00,N,Not at Intersection, ,Non-Junction,None,,,         ,Jessie,Meadows,Clear,Front to Rear,no,no,no,no,no,False
102624406,METROPOLITAN NASHVILLE POLICE DEPT,20200031108,Davidson,Nashville,1/14/2020 12:53:00 PM,2,0,0,36.145380,-86.814980,POSTON AV,,,,0.00,Feet,East,30TH AVN,,,,0.00,N,Not at Intersection, ,,Construction Zone,,,         ,Zaire,Murray,,,no,no,no,no,no,Campus
102624409,METROPOLITAN NASHVILLE POLICE DEPT,20200031090,Davidson,Nashville,1/14/2020 12:47:00 PM,2,1,0,36.174300,-86.751970,S 10TH ST,,,,38.00,Feet,North,FATHERLAND ST,,,,0.00,N,Not at Intersection,N,Non-Junction,None,,,         ,Michael,Agee,Cloudy,Front to Rear,no,no,no,no,no,False
102624413,METROPOLITAN NASHVILLE POLICE DEPT,20200031031,Davidson,Nashville,1/14/2020 12:15:00 PM,2,0,0,36.183440,-86.744890,EASTLAND AV,,,,0.00,,,N 14TH ST,,,,0.00,Y,Four-Way,N,Intersection,None,,,         ,Russell,Freeman,Clear,Angle,no,no,no,no,no,False
102624422,METROPOLITAN NASHVILLE POLICE DEPT,20200031082,Davidson,Not in City Limit,1/14/2020 12:30:00 PM,2,2,0,36.279590,-86.778800,OLD HICKORY BLVD,,,,1395.00,Feet,West,BRICK CHURCH PKE,,,,0.00,N,Not at Intersection,N,Non-Junction,None,,,         ,Floyd,Brown,Clear,"Sideswipe, Opposite Direction",no,no,no,no,no,False
102624441,METROPOLITAN NASHVILLE POLICE DEPT,20200031267,Davidson,Nashville,1/14/2020 1:50:00 PM,1,0,0,36.146300,-86.666540,DONELSON PKE,,,,130.00,Feet,North,ROYAL PKWY,,,,0.00,N,Not at Intersection, ,Non-Junction,None,,,         ,Larry,Benz,Clear,Not Collision with Motor Vehicle in Transport,no,no,no,no,no,False
102624486,METROPOLITAN NASHVILLE POLICE DEPT,20200031213,Davidson,Nashville,1/14/2020 12:20:00 PM,2,0,0,36.191910,-86.788140,GREAT CIRCLE RD,,,,345.00,Feet,West,CUMBERLAND BND,,,,0.00,N,Not at Intersection,N,Non-Junction,None,,,         ,Alec,Pellissier,Clear,Front to Rear,no,no,no,yes,yes,False
102624500,METROPOLITAN NASHVILLE POLICE DEPT,20200031354,Davidson,Nashville,1/14/2020 2:59:00 PM,2,0,0,36.232150,-86.724820,GALLATIN PKE,,,,73.00,Feet,South,INGLEWOOD DR,,,,0.00,N,Not at Intersection, ,Non-Junction,None,,,         ,Randy,Puckett,Clear,Front to Rear,no,no,no,no,no,False
102624501,METROPOLITAN NASHVILLE POLICE DEPT,20200031299,Davidson,Nashville,1/14/2020 2:28:00 PM,2,0,0,36.203280,-86.689490,BRILEY PKWYS,,,,418.00,Feet,West,CABIN HILL RD,,,,0.00,N,Not at Intersection,N,Non-Junction,None,,,         ,Michael,Dance,Clear,Front to Rear,no,no,no,no,yes,False
102624513,METROPOLITAN NASHVILLE POLICE DEPT,20200031380,Davidson,Not in City Limit,1/14/2020 3:10:00 PM,2,3,0,36.264120,-86.725420,OLD HICKORY BLVDW,,,,81.00,Feet,West,BEVERLY DR,,,,0.00,N,Not at Intersection,N,Non-Junction,None,,,         ,Christopher,Littles,Clear,Front to Rear,no,no,no,no,no,False
102624534,METROPOLITAN NASHVILLE POLICE DEPT,20200031370,Davidson,Nashville,1/14/2020 3:00:00 PM,2,0,0,36.091360,-86.828510,HARDING PL,,,,0.00,,,HILLSBORO PKE,,,,0.00,Y,OTHER, ,Intersection,None,,,         ,Douglas,Sykes,Clear,Front to Rear,no,no,no,no,no,False
102624541,METROPOLITAN NASHVILLE POLICE DEPT,20200031374,Davidson,Nashville,1/14/2020 2:49:00 PM,2,0,0,36.045610,-86.854830,OLD HICKORY BLVD,,,,104.00,Feet,East,CROMWELL DR,,,,0.00,N,Not at Intersection, ,,None,,,         ,FELIKS,ABRAHAMYAN,,,no,no,no,no,no,False
102624551,METROPOLITAN NASHVILLE POLICE DEPT,20200031337,Davidson,Nashville,1/14/2020 2:30:00 PM,2,0,0,36.168130,-86.816810,JEFFERSON ST,,,,1.00,Feet,West,26TH AVN,,,,0.00,N,Not at Intersection, ,,None,,,         ,Eric,McCoy,,,no,no,no,no,no,False
102624562,METROPOLITAN NASHVILLE POLICE DEPT,20200031543,Davidson,Not in City Limit,1/14/2020 3:00:00 PM,2,0,0,36.324030,-86.865780,I 24,,,,0.00,,,,,,,35.10,N,Not at Intersection, ,,None,,,         ,Brian,Woodard,,,no,no,no,no,no,False
102624564,METROPOLITAN NASHVILLE POLICE DEPT,20200031510,Davidson,Nashville,1/14/2020 3:45:00 PM,2,0,0,36.120010,-86.752440,MELROSE AV,,,,0.00,Feet,West,KLINE AV,,,,0.00,N,Not at Intersection,N,Non-Junction,None,,,         ,Conor,Cronin,Clear,Front to Rear,no,no,no,no,yes,False
102624565,METROPOLITAN NASHVILLE POLICE DEPT,20200031481,Davidson,Nashville,1/14/2020 4:13:00 PM,2,0,0,36.157240,-86.803030,US HWY 70,,,,96.00,Feet,West,JO JOHNSTON AVE,,,,0.00,N,Not at Intersection, ,Non-Junction,None,,,         ,Janelle,Keslar,Clear,Front to Rear,no,no,no,no,no,False
102624571,METROPOLITAN NASHVILLE POLICE DEPT,20200031402,Davidson,Nashville,1/14/2020 3:20:00 PM,3,0,0,36.042130,-86.653780,I 24,,,,0.00,,,,,,,59.75,N,Not at Intersection,N,Non-Junction,None,,,         ,Edward,Starke,Clear,Front to Rear,no,no,no,no,no,False
102624581,METROPOLITAN NASHVILLE POLICE DEPT,20200031420,Davidson,Nashville,1/14/2020 3:21:00 PM,2,0,0,36.121740,-86.750630,I440 E EXT RAMP,,,,0.00,,,NOLENSVILLE PKE,,,,0.00,Y,OTHER,Y,Entrance/Exit Ramp Related,None,,,         ,John,Chambers,Cloudy,Front to Rear,no,no,no,no,no,False
102624582,METROPOLITAN NASHVILLE POLICE DEPT,20200031471,Davidson,Nashville,1/14/2020 3:40:00 PM,2,0,0,36.174100,-86.608520,CENTRAL PKE,,,,0.00,,,FRIST BLVD,,,,0.00,Y,Four-Way,N,Intersection,None,,,         ,Destiny,Zunic,Clear,Angle,no,no,no,no,yes,False
102624584,METROPOLITAN NASHVILLE POLICE DEPT,20200031602,Davidson,Nashville,1/14/2020 4:36:00 PM,1,1,0,36.085120,-86.696890,PERIMETER HILL DR,,,,0.00,,,S PERIMETER PARK DR,,,,0.00,Y,T-Intersection,N,Intersection,None,,,         ,Patrick,Martin,Cloudy,Not Collision with Motor Vehicle in Transport,no,yes,no,no,yes,False
102624585,METROPOLITAN NASHVILLE POLICE DEPT,20200031559,Davidson,Nashville,1/14/2020 3:29:00 PM,2,0,0,36.146270,-86.809790,WEST END AV,,,,0.00,,,NATCHEZ TRC,,,,0.00,Y,Four-Way, ,Intersection-Related,None,,,         ,William,Hamblen,Clear,Front to Rear,no,no,no,no,no,Campus
102624586,METROPOLITAN NASHVILLE POLICE DEPT,20200031461,Davidson,Nashville,1/14/2020 2:48:00 PM,2,0,0,36.110270,-86.922840,I40 E EXT RAMP,,,,0.00,Feet,East,I 40,,,,0.00,N,Not at Intersection, ,,None,,,         ,Nathan,Glass,,,no,no,no,no,no,False
102624596,METROPOLITAN NASHVILLE POLICE DEPT,20200031476,Davidson,Nashville,1/14/2020 3:50:00 PM,2,0,0,36.225000,-86.694590,BRILEY PKWYN,,,,281.00,Feet,North,MUSIC CITY CIR,,,,0.00,N,Not at Intersection, ,,None,,,         ,Heather,Fox,,,no,no,no,no,no,False
102624607,METROPOLITAN NASHVILLE POLICE DEPT,20200031609,Davidson,Nashville,1/14/2020 4:17:00 PM,2,0,0,36.156430,-86.806680,CHARLOTTE AV,,,,75.00,Feet,West,21ST AVN,,,,0.00,N,Not at Intersection,N,Non-Junction,None,,,         ,FELIKS,ABRAHAMYAN,Clear,Front to Rear,no,no,no,no,yes,False
102624608,METROPOLITAN NASHVILLE POLICE DEPT,20200031475,Davidson,Nashville,1/14/2020 3:40:00 PM,2,0,0,36.069130,-86.691300,HAYWOOD LN,,,,184.00,Feet,West,I24 E EXT RAMP,,,,0.00,N,Not at Intersection, ,Entrance/Exit Ramp Related,None,,,         ,Joel,Bennett,Clear,"Sideswipe, Same Direction",no,no,no,no,no,False
102624616,METROPOLITAN NASHVILLE POLICE DEPT,20200031674,Davidson,Nashville,1/14/2020 4:55:00 PM,2,0,0,36.115620,-86.773190,I 65,,,,0.00,Feet,East,I 440,,,,0.00,N,Not at Intersection,Y,Entrance/Exit Ramp Related,None,,,         ,Goran,Manojlovic,Clear,Front to Rear,no,no,no,no,yes,False
102624617,METROPOLITAN NASHVILLE POLICE DEPT,20200031638,Davidson,Nashville,1/14/2020 4:51:00 PM,2,0,0,36.151900,-86.690650,BRILEY PKWYN,,,,70.00,Feet,East,ELM HILL PKE,,,,0.00,N,Not at Intersection, ,Non-Junction,None,,,         ,Jason,Milyaro Lucas,Clear,Front to Rear,no,no,no,no,yes,False
102624621,METROPOLITAN NASHVILLE POLICE DEPT,20200031690,Davidson,Nashville,1/14/2020 5:00:00 PM,2,0,0,36.175680,-86.766530,ELLINGTON PKWYN,,,,108.00,Feet,West,SPRING ST,,,,0.00,N,Not at Intersection,N,Non-Junction,None,,,         ,Marc,Kozen,Clear,Front to Rear,no,no,no,no,yes,False
102624623,METROPOLITAN NASHVILLE POLICE DEPT,20200031677,Davidson,Nashville,1/14/2020 5:00:00 PM,2,0,0,36.115670,-86.780780,I65 ENT RAMP,,,,0.00,Feet,East,I 440,,,,0.00,N,Not at Intersection, ,Non-Junction,None,,,         ,Conor,Cronin,Clear,Front to Rear,no,no,no,no,no,False
102624624,METROPOLITAN NASHVILLE POLICE DEPT,20200031684,Davidson,Nashville,1/14/2020 4:51:00 PM,2,0,0,36.125850,-86.732080,I 440,,,,0.00,,,,,,,7.30,N,Not at Intersection, ,,None,,,         ,Edward,Starke,,,no,no,no,no,no,False
102624633,METROPOLITAN NASHVILLE POLICE DEPT,20200031663,Davidson,Nashville,1/14/2020 5:03:00 PM,2,0,0,36.115880,-86.773570,I440 W ENT RAMP,,,,0.00,Feet,East,I 65,,,,0.00,N,Not at Intersection, ,Non-Junction,None,,,         ,Conor,Cronin,Clear,Front to Rear,no,no,no,no,no,False
102624637,METROPOLITAN NASHVILLE POLICE DEPT,20200031368,Davidson,Nashville,1/14/2020 3:05:00 PM,2,2,0,36.233100,-86.758650,MAPLEWOOD TRC,,,,0.00,,,US HWY 31W,,,,0.00,Y,Four-Way,N,Intersection,None,,,         ,Jeremy,Smith,Clear,Front to Rear,no,no,no,no,no,False
102624640,METROPOLITAN NASHVILLE POLICE DEPT,20200031483,Davidson,Nashville,1/14/2020 3:29:00 PM,3,2,0,36.150110,-86.700880,ELM HILL PKE,,,,201.00,Feet,West,ACORN DR,,,,0.00,N,Not at Intersection,N,Non-Junction,None,,,         ,Zachariah,Bush,Cloudy,Front to Rear,no,no,no,no,no,False
102624644,METROPOLITAN NASHVILLE POLICE DEPT,20200031754,Davidson,Nashville,1/14/2020 5:24:00 PM,2,0,0,36.119920,-86.802540,I 440,,,,0.00,,,,,,,3.00,N,Not at Intersection,N,Non-Junction,Work Zone,Laneclosure,Unknown,         ,John,Chambers,Cloudy,Front to Rear,no,no,no,no,yes,False
102624645,METROPOLITAN NASHVILLE POLICE DEPT,20200031735,Davidson,Nashville,1/14/2020 5:34:00 PM,1,1,0,36.154120,-86.777880,LAFAYETTE ST,,,,0.00,,,7TH AVS,,,,0.00,Y,OTHER,N,Intersection,None,,,         ,Erik,Wagner,Clear,Not Collision with Motor Vehicle in Transport,yes,no,no,no,no,False
102624648,METROPOLITAN NASHVILLE POLICE DEPT,20200031752,Davidson,Nashville,1/14/2020 4:48:00 PM,2,0,0,36.118950,-86.801300,I 440,,,,0.00,,,,,,,3.10,N,Not at Intersection,N,Non-Junction,None,,,         ,Benny,Pittman,Clear,"Sideswipe, Same Direction",no,no,no,no,yes,False
102624650,METROPOLITAN NASHVILLE POLICE DEPT,20200031723,Davidson,Goodlettsville,1/14/2020 5:29:00 PM,2,3,0,36.292150,-86.702910,GALLATIN PKEN,,,,31.00,Feet,West,RIVERGATE SQUARE PVTDR,,,,0.00,N,Not at Intersection,N,Non-Junction,None,,,         ,Christopher,Littles,Clear,Angle,no,no,no,no,no,False
102624651,METROPOLITAN NASHVILLE POLICE DEPT,20200031692,Davidson,Nashville,1/14/2020 4:36:00 PM,2,0,0,36.253580,-86.716530,GALLATIN PKES,,,,155.00,Feet,North,EMMITT AV,,,,0.00,N,Not at Intersection,N,Non-Junction,None,,,         ,Christopher,Littles,Clear,Front to Rear,no,no,no,no,yes,False
102624652,METROPOLITAN NASHVILLE POLICE DEPT,20200031537,Davidson,Nashville,1/14/2020 4:00:00 PM,2,0,0,36.165190,-86.781760,DEADERICK ST,,,,72.00,Feet,West,5TH AVE N,,,,0.00,N,Not at Intersection,N,Non-Junction,None,,,         ,Joseph,Bingham,Clear,"Sideswipe, Same Direction",no,no,no,no,yes,False
102624654,METROPOLITAN NASHVILLE POLICE DEPT,20200031895,Davidson,Nashville,1/14/2020 6:07:00 PM,2,0,0,36.125810,-86.728100,I440 W ENT RAMP,,,,0.00,Feet,East,I 440,,,,0.00,N,Not at Intersection, ,Non-Junction,None,,,         ,YUNUS,ADAK,Clear,Front to Rear,no,no,no,no,no,False
102624658,METROPOLITAN NASHVILLE POLICE DEPT,20200031778,Davidson,Goodlettsville,1/14/2020 5:33:00 PM,2,0,0,36.292710,-86.695260,MYATT DR,,,,540.00,Feet,South,SPRING BRANCH DR,,,,0.00,N,Not at Intersection,N,Non-Junction,None,,,         ,Samuel,Kersten,Cloudy,Angle,no,no,no,no,no,False
102624666,METROPOLITAN NASHVILLE POLICE DEPT,20200031867,Davidson,Nashville,1/14/2020 6:31:00 PM,2,0,0,36.072730,-86.692010,I 24,,,,0.00,,,,,,,56.75,N,Not at Intersection,N,Non-Junction,None,,,         ,Patrick,Martin,Cloudy,"Sideswipe, Same Direction",no,no,no,no,yes,False
102624675,METROPOLITAN NASHVILLE POLICE DEPT,20200031916,Davidson,Nashville,1/14/2020 6:39:00 PM,2,0,0,36.220740,-86.764370,TIMBERLINE CT,,,,0.00,Feet,East,PINE RIDGE DR,,,,0.00,N,Not at Intersection, ,Non-Junction,None,,,         ,Stephen,Johnston,Clear,Angle,no,no,no,no,no,False
102624677,METROPOLITAN NASHVILLE POLICE DEPT,20200031939,Davidson,Nashville,1/14/2020 6:30:00 PM,2,0,0,36.182590,-86.608930,OLD HICKORY BLVD,,,,290.00,Feet,West,FRIST BLVD,,,,0.00,N,Not at Intersection, ,,None,,,         ,Heather,Fox,,,no,no,no,no,no,False
102624678,METROPOLITAN NASHVILLE POLICE DEPT,20200031935,Davidson,Nashville,1/14/2020 6:34:00 PM,2,0,0,36.204480,-86.732150,MCGAVOCK PKE,,,,0.00,,,SCOTT AV,,,,0.00,Y,T-Intersection,N,Intersection,None,,,         ,Randy,Puckett,Clear,Angle,no,no,no,no,yes,False