master_record_number,agency,agency_tracking_number,county,city,collision_date,vehicles_involved,number_injured,number_dead,latitude,longitude,roadway_name,roadway_suffix,roadway_number,roadway_local_id,distance_from_reference,miles-feet_indicator,direction_from_reference,intersection_road_name,intersection_road_name_suffix,intersection_road_number,intersection_local_id,mile_marker,intersection_indicator,intersect_type,interchange_related_indicator,relation_to_junction,work_zone_type,construction_maintenance_zone,construction_maintenance_zone_location,fatal_case_number,officer_first_name,officer_last_name,weather_condition(s),manner_of_crash,pedestrian,bicycle,scooter,parking,hitrun,mou
102625244,METROPOLITAN NASHVILLE POLICE DEPT,20200034204,Davidson,Nashville,1/15/2020 2:05:00 PM,2,0,0,36.141590,-86.740710,MURFREESBORO PKE,,,,48.00,Feet,West,FOSTER AV,,,,0.00,N,Not at Intersection, ,,None,,,         ,Jason,Milyaro Lucas,,,no,no,no,no,no,False
102625257,METROPOLITAN NASHVILLE POLICE DEPT,20200034201,Davidson,Nashville,1/15/2020 1:58:00 PM,2,0,0,36.079600,-86.726320,NOLENSVILLE PKE,,,,0.00,,,HARDING PL,,,,0.00,Y,Four-Way, ,Non-Junction,None,,,         ,Brady,Reynolds,Cloudy,Front to Rear,no,no,no,no,no,False
102625284,BELLE MEADE POLICE DEPT,20-0017,Davidson,Belle Meade,1/15/2020 1:56:00 PM,2,2,0,36.098370,-86.856810,BELLE MEADE BLVD,,,,0.00,,,IROQUOIS AV,,,,0.00,Y,Four-Way,N,Intersection,None,,,         ,Mark,Hill,Cloudy,Angle,no,no,no,no,no,False
102625294,METROPOLITAN NASHVILLE POLICE DEPT,20200034112,Davidson,Nashville,1/15/2020 2:09:00 PM,3,6,0,36.151450,-86.672100,ELM HILL PKE,,,,270.00,Feet,West,HENEY DR,,,,0.00,N,Not at Intersection,N,"Driveway, Alley Access, etc",None,,,         ,Michael,Dance,Cloudy,Angle,no,no,no,no,yes,False
102625299,METROPOLITAN NASHVILLE POLICE DEPT,20200034262,Davidson,Nashville,1/15/2020 3:35:00 PM,2,0,0,36.130300,-86.837780,HARDING PKE,,,,0.00,,,WEST END AV,,,,0.00,Y,Four-Way,Y,Intersection,None,,,         ,Devonte,Coleman,Clear,Angle,no,no,no,no,no,False
102625300,METROPOLITAN NASHVILLE POLICE DEPT,20200034273,Davidson,Nashville,1/15/2020 3:37:00 PM,2,0,0,36.048710,-86.713660,NOLENSVILLE PKE,,,,31.00,Feet,South,HICKORYVIEW DR,,,,0.00,N,Not at Intersection, ,,None,,,         ,Patrick,Martin,,,no,no,no,no,no,False
102625320,METROPOLITAN NASHVILLE POLICE DEPT,20200034224,Davidson,Nashville,1/15/2020 2:52:00 PM,3,0,0,36.122500,-86.807280,I440 E EXT RAMP,,,,0.00,Feet,East,I 440,,,,0.00,N,Not at Intersection, ,Entrance/Exit Ramp Related,None,,,         ,Andrew,Mullen,Cloudy,Front to Rear,no,no,no,no,no,False
102625323,METROPOLITAN NASHVILLE POLICE DEPT,20200034394,Davidson,Not in City Limit,1/15/2020 3:25:00 PM,2,0,0,36.263070,-86.711920,STATE RT 45,,,,0.00,,,GALLATIN PKEN,,,,0.00,Y,Four-Way,N,Intersection-Related,None,,,         ,Rudy,Basaldua,Cloudy,Angle,no,no,no,no,yes,False
102625326,VANDERBILT UNIVERSITY POLICE,202000034227,Davidson,Nashville,1/15/2020 5:30:00 AM,2,0,0,36.142570,-86.805470,HIGHLAND AV,,,,193.00,Feet,West,24TH AVS,,,,0.00,N,Not at Intersection, ,Non-Junction,None,,,         ,Mark,Clear,Clear,"Sideswipe, Same Direction",no,no,no,yes,no,Campus
102625328,METROPOLITAN NASHVILLE POLICE DEPT,20200034267,Davidson,Nashville,1/15/2020 3:39:00 PM,2,0,0,36.047560,-86.713520,NOLENSVILLE PKE,,,,450.00,Feet,South,HICKORYVIEW DR,,,,0.00,N,Not at Intersection, ,,None,,,         ,FELIKS,ABRAHAMYAN,,,no,no,no,no,no,False
102625331,METROPOLITAN NASHVILLE POLICE DEPT,20200034226,Davidson,Nashville,1/15/2020 3:10:00 PM,2,0,0,36.140310,-86.829200,MURPHY RD,,,,0.00,,,37TH AVN,,,,0.00,Y,T-Intersection,N,Intersection-Related,None,,,         ,Torian,Cox,Rain,Angle,no,no,no,no,no,False
102625334,METROPOLITAN NASHVILLE POLICE DEPT,20200034143,Davidson,Nashville,1/15/2020 2:39:00 PM,2,1,0,36.132320,-86.894330,CHARLOTTE PKE,,,,298.00,Feet,West,I40 E ENT RAMP,,,,0.00,N,Not at Intersection,N,Non-Junction,None,,,         ,Jeremy,Huffine,Cloudy,Front to Rear,no,no,no,no,no,False
102625335,METROPOLITAN NASHVILLE POLICE DEPT,20200034278,Davidson,Nashville,1/15/2020 4:29:00 PM,2,0,0,36.074480,-86.920940,OLD HICKORY BLVD,,,,0.00,,,HIGHWAY 70S,,,,0.00,Y,Four-Way, ,Intersection-Related,None,,,         ,Lawrence,Whited,Cloudy,"Sideswipe, Same Direction",no,no,no,no,no,False
102625340,METROPOLITAN NASHVILLE POLICE DEPT,20200034266,Davidson,Goodlettsville,1/15/2020 3:38:00 PM,2,1,0,36.307200,-86.690510,LIBERTY LN,,,,533.00,Feet,South,VIETNAM VETERANS BLVDN,,,,0.00,N,Not at Intersection,N,OtherLocation,None,,,         ,Christopher,Littles,Cloudy,Angle,no,no,no,no,yes,False
102625341,METROPOLITAN NASHVILLE POLICE DEPT,20200034431,Davidson,Nashville,1/15/2020 4:01:00 PM,2,0,0,36.252380,-86.739680,I 65,,,,0.00,,,,,,,91.40,N,Not at Intersection, ,,None,,,         ,Christopher,Littles,,,no,no,no,no,no,False
102625343,METROPOLITAN NASHVILLE POLICE DEPT,20200034304,Davidson,Not in City Limit,1/15/2020 3:56:00 PM,2,2,0,36.263340,-86.711830,GALLATIN PKEN,,,,102.00,Feet,North,STATE RT 45,,,,0.00,N,Not at Intersection,N,Non-Junction,None,,,         ,Jarret,Sonnenberg,Clear,HeadOn,no,no,no,no,no,False
102625351,METROPOLITAN NASHVILLE POLICE DEPT,20200034501,Davidson,Nashville,1/15/2020 5:19:00 PM,2,0,0,36.077050,-86.736300,HARDING PL,,,,100.00,Feet,East,SHADESCREST DR,,,,0.00,N,Not at Intersection, ,Non-Junction,None,,,         ,Edward,Starke,Rain,Front to Rear,no,no,no,no,no,False
102625353,METROPOLITAN NASHVILLE POLICE DEPT,20200034477,Davidson,Nashville,1/15/2020 5:08:00 PM,2,0,0,36.154480,-86.779420,8TH AVS,,,,0.00,Feet,,LAFAYETTE ST,,,,0.00,Y,Traffic Circle, ,Intersection,None,,,         ,Philip,Claibourne,Clear,Angle,no,no,no,no,no,False
102625361,METROPOLITAN NASHVILLE POLICE DEPT,20200034373,Davidson,Nashville,1/15/2020 3:40:00 PM,2,0,0,36.227320,-86.759730,DICKERSON PKE,,,,763.00,Feet,South,BROADMOOR DR,,,,0.00,N,Not at Intersection,N,Non-Junction,None,,,         ,Wade,Johnson,Rain,Front to Rear,no,no,no,no,yes,False
102625363,METROPOLITAN NASHVILLE POLICE DEPT,20200032727,Davidson,Nashville,1/15/2020 2:16:00 AM,2,0,1,36.115590,-86.724840,I 24,,,,0.00,,,,,,,53.25,N,Not at Intersection,N,Non-Junction,None,,,20-0026  ,Russell,Ward,Rain,Not Collision with Motor Vehicle in Transport,no,no,no,no,yes,False
102625364,METROPOLITAN NASHVILLE POLICE DEPT,20200034356,Davidson,Not in City Limit,1/15/2020 3:56:00 PM,2,0,0,36.260370,-86.712860,GALLATIN PKES,,,,0.00,,,HICKORY ST,,,,0.00,Y,T-Intersection,Y,Intersection,None,,,         ,Benjamin,Williams,Clear,Other,no,no,no,no,yes,False
102625370,METROPOLITAN NASHVILLE POLICE DEPT,20200034469,Davidson,Not in City Limit,1/15/2020 5:09:00 PM,1,1,0,36.082320,-86.950620,I40 E ENT RAMP,,,,0.00,,,,,,,0.00,,,N,Non-Junction,None,,,         ,Nathan,Glass,Rain,Not Collision with Motor Vehicle in Transport,no,no,no,yes,no,False
102625371,METROPOLITAN NASHVILLE POLICE DEPT,20200034584,Davidson,Nashville,1/15/2020 4:53:00 PM,2,0,0,36.246110,-86.721510,GALLATIN PKES,,,,235.00,Feet,South,BERKLEY DR,,,,0.00,N,Not at Intersection, ,Non-Junction,None,,,         ,Christopher,Littles,Rain,Angle,no,no,no,no,no,False
102625372,METROPOLITAN NASHVILLE POLICE DEPT,20200034199,Davidson,Not in City Limit,1/15/2020 2:56:00 PM,1,1,0,36.318080,-86.876350,EATONS CREEK RD,,,,657.00,Feet,North,OLD CLARKSVILLE PKE,,,,0.00,N,Not at Intersection,N,Non-Junction,None,,,         ,Brian,Woodard,Cloudy,Not Collision with Motor Vehicle in Transport,no,no,no,yes,no,False
102625377,METROPOLITAN NASHVILLE POLICE DEPT,20200034162,Davidson,Nashville,1/15/2020 2:35:00 PM,2,0,0,36.154890,-86.758980,HERMITAGE AV,,,,153.00,Feet,West,DRIFTWOOD ST,,,,0.00,N,Not at Intersection,N,Non-Junction,None,,,         ,Derek,Sibley,Rain,"Sideswipe, Same Direction",no,no,no,no,yes,False
102625379,METROPOLITAN NASHVILLE POLICE DEPT,20200034533,Davidson,Nashville,1/15/2020 5:00:00 PM,2,0,0,36.152650,-86.793570,17TH AVE S,,,,0.00,,,MCGAVOCK ST,,,,0.00,Y,T-Intersection, ,Intersection,None,,,         ,Samuel,Sundra,Cloudy,Angle,no,no,no,no,no,False
102625382,METROPOLITAN NASHVILLE POLICE DEPT,20200034547,Davidson,Nashville,1/15/2020 5:26:00 PM,2,0,0,36.145150,-86.777460,I 65,,,,0.00,,,,,,,82.15,N,Not at Intersection, ,,None,,,         ,Douglas,Sykes,,,no,no,no,no,no,False
102625384,METROPOLITAN NASHVILLE POLICE DEPT,20200034576,Davidson,Nashville,1/15/2020 5:45:00 PM,1,0,0,36.187330,-86.600400,OLD LEBANON DIRT RD,,,,0.00,Feet,,AUTUMN KNOLL,,,,0.00,Y,T-Intersection,N,Non-Junction,None,,,         ,Heather,Fox,Rain,Not Collision with Motor Vehicle in Transport,no,no,no,no,yes,False
102625386,METROPOLITAN NASHVILLE POLICE DEPT,20200034642,Davidson,Nashville,1/15/2020 12:00:00 AM,2,0,0,36.178240,-86.751520,MAIN ST,,,,52.00,Feet,East,N 10TH ST,,,,0.00,N,Not at Intersection, ,Non-Junction,None,,,         ,Gordon,Stovall,Rain,"Sideswipe, Same Direction",no,no,no,no,no,False
102625394,METROPOLITAN NASHVILLE POLICE DEPT,20200034685,Davidson,Nashville,1/15/2020 6:44:00 PM,2,0,0,36.249910,-86.719050,GALLATIN PKES,,,,237.00,Feet,North,E PALESTINE AV,,,,0.00,N,Not at Intersection,N,Non-Junction,None,,,         ,Christopher,Littles,Rain,"Sideswipe, Same Direction",no,no,no,no,yes,False
102625395,METROPOLITAN NASHVILLE POLICE DEPT,20200034663,Davidson,Nashville,1/15/2020 6:30:00 PM,2,1,0,36.153820,-86.818180,28TH AVN,,,,50.00,Feet,South,CHARLOTTE AV,,,,0.00,N,Not at Intersection,Y,Non-Junction,None,,,         ,Daniel,Kallman,Rain,HeadOn,no,no,no,no,no,False
102625396,METROPOLITAN NASHVILLE POLICE DEPT,20200034675,Davidson,Nashville,1/15/2020 6:38:00 PM,2,0,0,36.084900,-86.703500,HARDING PL,,,,19.00,Feet,West,TRAVELERS INN DR,,,,0.00,N,Not at Intersection, ,Non-Junction,None,,,         ,Edward,Starke,Rain,Front to Rear,no,no,no,no,yes,False
102625405,METROPOLITAN NASHVILLE POLICE DEPT,20200034436,Davidson,Nashville,1/15/2020 4:48:00 PM,2,0,0,36.143370,-86.840460,NEBRASKA AV,,,,0.00,,,45TH AVN,,,,0.00,Y,Four-Way, ,Intersection-Related,None,,,         ,Torian,Cox,Clear,"Sideswipe, Opposite Direction",no,no,no,no,no,False
102625408,METROPOLITAN NASHVILLE POLICE DEPT,20200034720,Davidson,Nashville,1/15/2020 7:03:00 PM,1,0,0,36.078140,-86.670450,FRANKLIN LIMESTONE RD,,,,91.00,Feet,South,BILLINGSGATE RD,,,,0.00,N,Not at Intersection,N,Non-Junction,None,,,         ,Steffani,Dahlstrom,Rain,Not Collision with Motor Vehicle in Transport,no,no,no,no,no,False
102625412,METROPOLITAN NASHVILLE POLICE DEPT,20200034679,Davidson,Nashville,1/15/2020 6:41:00 PM,2,0,0,36.122630,-86.789700,HALCYON AV,,,,123.00,Feet,East,12TH AVS,,,,0.00,N,Not at Intersection, ,Non-Junction,None,,,         ,John,Timm,Rain,"Sideswipe, Same Direction",no,no,no,no,no,False
102625422,METROPOLITAN NASHVILLE POLICE DEPT,20200034681,Davidson,Antioch,1/15/2020 6:40:00 PM,3,1,0,36.043540,-86.585190,OLD HICKORY BLVD,,,,308.00,Feet,West,LAVERGNE COUCHVILLE PKE,,,,0.00,N,Not at Intersection,N,Non-Junction,None,,,         ,Cooper,HIll,Rain,Front to Rear,no,no,no,no,yes,False
102625430,METROPOLITAN NASHVILLE POLICE DEPT,20200034743,Davidson,Nashville,1/15/2020 6:42:00 PM,2,0,0,36.133240,-86.801270,PORTLAND AVE,,,,0.00,,,US HWY 431,,,,0.00,Y,Four-Way,N,Intersection,None,,,         ,Samuel,Sundra,Rain,Angle,no,no,no,no,no,False
102625431,METROPOLITAN NASHVILLE POLICE DEPT,20200034741,Davidson,Nashville,1/15/2020 6:09:00 PM,2,0,0,36.037640,-86.785540,STATE HWY 254,,,,124.00,Feet,East,RAMP,,,,0.00,N,Not at Intersection, ,,None,,,         ,Nicholas,Carroll,,,no,no,no,no,no,False
102625441,METROPOLITAN NASHVILLE POLICE DEPT,20200034689,Davidson,Nashville,1/15/2020 5:00:00 PM,2,0,0,36.194400,-86.622530,LEBANON PKE,,,,455.00,Feet,South,BONNAFORD DR,,,,0.00,N,Not at Intersection,N,Non-Junction,None,,,         ,Tyler,Hall,Clear,"Sideswipe, Same Direction",no,no,no,yes,yes,False
102625444,METROPOLITAN NASHVILLE POLICE DEPT,20200034198,Davidson,Nashville,1/15/2020 2:53:00 PM,2,0,0,36.169350,-86.680000,LEBANON PKE,,,,33.00,Feet,West,MCGAVOCK PKE,,,,0.00,N,Not at Intersection,N,Non-Junction,None,,,         ,Zachariah,Bush,Cloudy,"Sideswipe, Same Direction",no,no,no,no,no,False
102625446,METROPOLITAN NASHVILLE POLICE DEPT,20200034744,Davidson,Nashville,1/15/2020 7:10:00 PM,2,0,0,36.090850,-86.703980,I 24,,,,0.00,,,,,,,55.30,N,Not at Intersection,N,Non-Junction,None,,,         ,Patrick,Martin,Rain,Front to Rear,no,no,no,no,yes,False
102625447,METROPOLITAN NASHVILLE POLICE DEPT,20200034529,Davidson,Nashville,1/15/2020 5:31:00 PM,2,0,0,36.152480,-86.802700,ELLISTON,PL,US2311,2311,10.00,Feet,East,,,,,230.00,N,Not at Intersection,N,Non-Junction,None,,,         ,William,Hamblen,Rain,Unknown,no,no,no,yes,yes,Campus
102625460,METROPOLITAN NASHVILLE POLICE DEPT,20200034604,Davidson,Nashville,1/15/2020 6:07:00 PM,2,0,0,36.035340,-86.783020,I 65,,,,0.00,,,,,,,74.30,N,Not at Intersection, ,,None,,,         ,FELIKS,ABRAHAMYAN,,,no,no,no,no,no,False
102625464,METROPOLITAN NASHVILLE POLICE DEPT,20200034809,Davidson,Nashville,1/15/2020 7:38:00 PM,2,0,0,36.051400,-86.669700,I 24,,,,0.00,,,,,,,58.70,N,Not at Intersection, ,,None,,,         ,Edward,Starke,,,no,no,no,no,no,False
102625488,METROPOLITAN NASHVILLE POLICE DEPT,20200034724,Davidson,Nashville,1/15/2020 7:02:00 PM,1,1,0,36.162900,-86.648390,STEWARTS FERRY PKE,,,,58.00,Feet,East,MTMHI PVTDR,,,,0.00,N,Not at Intersection,N,Non-Junction,None,,,         ,Zachariah,Bush,Rain,Not Collision with Motor Vehicle in Transport,no,no,no,no,no,False
102625530,METROPOLITAN NASHVILLE POLICE DEPT,20200034749,Davidson,Nashville,1/15/2020 6:26:00 PM,2,0,0,36.055970,-86.715660,NOLENSVILLE PKE,,,,0.00,,,APRIL LN,,,,0.00,Y,T-Intersection,N,Intersection-Related,None,,,         ,John,Chambers,Rain,Angle,no,no,no,no,no,False
102625562,METROPOLITAN NASHVILLE POLICE DEPT,20200034509,Davidson,Nashville,1/15/2020 5:20:00 PM,2,0,0,36.162830,-86.761330,I 24,,,,0.00,,,,,,,49.30,N,Not at Intersection,N,Non-Junction,None,,,         ,Wayne,Helm,Cloudy,Front to Rear,no,no,no,no,no,False
102625563,METROPOLITAN NASHVILLE POLICE DEPT,20200034987,Davidson,Not in City Limit,1/15/2020 8:13:00 PM,1,0,0,36.333530,-86.841210,UNION HILL RD,,,,1569.00,Feet,South,MORGAN RD,,,,0.00,N,Not at Intersection, ,,None,,,         ,Brian,Woodard,,,no,no,no,no,no,False
102625569,METROPOLITAN NASHVILLE POLICE DEPT,20200034777,Davidson,Nashville,1/15/2020 7:17:00 PM,1,1,0,36.188490,-86.862690,BRILEY PKWYN,,,,261.00,Feet,South,BRILEY PKWYS,,,,0.00,N,Not at Intersection,N,Non-Junction,None,,,         ,Shannon,Forsyth,Rain,Not Collision with Motor Vehicle in Transport,no,no,no,no,no,False
102625572,METROPOLITAN NASHVILLE POLICE DEPT,20200034611,Davidson,Nashville,1/15/2020 5:53:00 PM,2,0,0,36.080150,-86.758480,TROUSDALE DR,,,,196.00,Feet,North,RICHMAR DR,,,,0.00,N,Not at Intersection, ,Non-Junction,None,,,         ,Brady,Reynolds,Cloudy,Front to Rear,no,no,no,no,no,False
102625573,METROPOLITAN NASHVILLE POLICE DEPT,20200034973,Davidson,Nashville,1/15/2020 8:45:00 PM,2,0,0,36.072370,-86.719090,HOPEWOOD CT,,,,403.00,Feet,East,HOPEWOOD DR,,,,0.00,N,Not at Intersection,N,Non-Junction,None,,,         ,Patrick,Martin,Cloudy,Rear to Rear,no,no,no,yes,yes,False
102625576,METROPOLITAN NASHVILLE POLICE DEPT,20200034378,Davidson,Antioch,1/15/2020 3:37:00 PM,2,1,0,36.049500,-86.601610,PIN HOOK RD,,,,481.00,Feet,West,HOBSON PKE,,,,0.00,N,Not at Intersection,N,Non-Junction,None,,,         ,Gabriel,Hamilton,Clear,Front to Rear,no,no,no,no,no,False
102625601,METROPOLITAN NASHVILLE POLICE DEPT,20200035050,Davidson,Nashville,1/15/2020 12:00:00 AM,2,0,0,36.214300,-86.799010,GROVER ST,,,,20.00,Feet,South,FRANCES ST,,,,0.00,N,Not at Intersection, ,Non-Junction,None,,,         ,Wesley,Carver,Cloudy,Angle,no,no,no,no,no,False
102625602,METROPOLITAN NASHVILLE POLICE DEPT,20200035060,Davidson,Nashville,1/15/2020 9:50:00 PM,2,0,0,36.152770,-86.823540,33RD AVN,,,,34.00,Feet,South,CHARLOTTE AV,,,,0.00,N,Not at Intersection,N,Non-Junction,None,,,         ,Devonte,Coleman,Clear,Front to Rear,no,no,no,no,yes,False
102625604,METROPOLITAN NASHVILLE POLICE DEPT,20200035039,Davidson,Goodlettsville,1/15/2020 9:40:00 PM,2,1,0,36.302140,-86.692720,TWIN HILLS DR,,,,0.00,,,GALLATIN PKEN,,,,0.00,Y,T-Intersection,N,Intersection,None,,,         ,Samuel,Kersten,Cloudy,Angle,no,no,no,no,no,False
102625607,METROPOLITAN NASHVILLE POLICE DEPT,20200035179,Davidson,Nashville,1/15/2020 11:18:00 PM,2,0,0,36.164760,-86.782790,6TH AVN,,,,0.00,Feet,West,DEADERICK ST,,,,0.00,N,Not at Intersection,N,Non-Junction,None,,,         ,Reginald,Pierre-Paul,Clear,"Sideswipe, Same Direction",no,no,no,no,yes,False
102625618,METROPOLITAN NASHVILLE POLICE DEPT,20200034553,Davidson,Nashville,1/15/2020 4:37:00 PM,2,0,0,36.154310,-86.816570,CHARLOTTE AV,,,,58.00,Feet,East,27TH AVN,,,,0.00,N,Not at Intersection,N,Non-Junction,None,,,         ,Jeremy,Huffine,Clear,Angle,no,no,no,no,no,False
102625633,METROPOLITAN NASHVILLE POLICE DEPT,20200035363,Davidson,Nashville,1/16/2020 12:00:00 AM,2,0,0,36.191790,-86.782380,I 65,,,,0.00,,,,,,,86.20,N,Not at Intersection,N,Non-Junction,Work Zone,,,         ,William,Erickson,Cloudy,Front to Rear,no,no,no,no,yes,False
102625639,METROPOLITAN NASHVILLE POLICE DEPT,20200035445,Davidson,Nashville,1/16/2020 2:00:00 AM,1,0,0,36.104600,-86.741990,NOLENSVILLE PKE,,,,191.00,Feet,North,MCIVER ST,,,,0.00,N,Not at Intersection,N,Non-Junction,None,,,         ,Tony,Mingsing,Clear,Not Collision with Motor Vehicle in Transport,no,no,no,yes,yes,False
102625701,METROPOLITAN NASHVILLE POLICE DEPT,20200035768,Davidson,Nashville,1/16/2020 4:57:00 AM,2,0,0,36.157110,-86.774670,4TH AVS,,,,0.00,,,KOREAN VETERANS BLVD,,,,0.00,Y,OTHER,N,Intersection-Related,None,,,         ,Billy,Price,Cloudy,"Sideswipe, Same Direction",no,no,no,no,yes,False
102625705,METROPOLITAN NASHVILLE POLICE DEPT,20200035891,Davidson,Nashville,1/16/2020 6:00:00 AM,2,0,0,36.151470,-86.751350,I40 W EXT RAMP,,,,0.00,Feet,East,I 40,,,,0.00,N,Not at Intersection, ,,None,,,         ,Meghan,Pope,,,no,no,no,no,no,False
102625710,METROPOLITAN NASHVILLE POLICE DEPT,20200035834,Davidson,Nashville,1/16/2020 5:41:00 AM,2,0,0,36.079150,-86.684240,ANTIOCH PKE,,,,9.00,Feet,North,CHEROKEE HILLS DR,,,,0.00,N,Not at Intersection,N,Non-Junction,None,,,         ,William,Williams,Clear,Angle,no,no,no,no,no,False
102625715,METROPOLITAN NASHVILLE POLICE DEPT,2020-0035859,Davidson,Nashville,1/16/2020 5:58:00 AM,2,0,0,36.142300,-86.734870,I 40,,,,0.00,,,,,,,212.80,N,Not at Intersection, ,,None,,,         ,Joshua,McGarvey,,,no,no,no,no,no,False
102625744,METROPOLITAN NASHVILLE POLICE DEPT,20200035898,Davidson,Nashville,1/16/2020 6:20:00 AM,2,0,0,36.196280,-86.776120,I 65,,,,0.00,,,,,,,86.60,N,Not at Intersection,N,Non-Junction,None,,,         ,Jacob,Dick,Clear,Front to Rear,no,no,no,no,no,False
102625760,METROPOLITAN NASHVILLE POLICE DEPT,20200036051,Davidson,Nashville,1/16/2020 7:30:00 AM,2,0,0,36.171290,-86.870960,BRILEY PKWY S EXT RAMP,,,,0.00,,,CENTENNIAL BLVD,,,,0.00,Y,T-Intersection, ,Entrance/Exit Ramp Related,None,,,         ,Curtis,Rich,Clear,Front to Rear,no,no,no,no,no,False
102625766,METROPOLITAN NASHVILLE POLICE DEPT,20200035937,Davidson,Nashville,1/16/2020 6:19:00 AM,2,0,0,36.089140,-86.627450,BELL RD,,,,0.00,,,NASHBORO BLVD,,,,0.00,Y,T-Intersection, ,Intersection,None,,,         ,Michael,Dance,Clear,Angle,no,no,no,no,no,False
102625770,METROPOLITAN NASHVILLE POLICE DEPT,20200035928,Davidson,Nashville,1/16/2020 6:45:00 AM,2,1,0,36.237250,-86.781010,BRILEY PKWY E ENT RAMP,,,,0.00,,,BRICK CHURCH PKE,,,,0.00,Y,T-Intersection,N,Non-Junction,None,,,         ,Keenan,McCann,Clear,Angle,no,no,no,no,no,False
102625771,METROPOLITAN NASHVILLE POLICE DEPT,20200035921,Davidson,Not in City Limit,1/16/2020 6:15:00 AM,1,1,0,36.208370,-86.933570,ASHLAND CITY HWY,,,,1302.00,Feet,West,OLD HYDES FERRY PKE,,,,0.00,N,Not at Intersection,N,Non-Junction,None,,,         ,Royce,McLester,Cloudy,Not Collision with Motor Vehicle in Transport,no,no,no,no,no,False
102625772,METROPOLITAN NASHVILLE POLICE DEPT,20200035894,Davidson,Nashville,1/16/2020 6:20:00 AM,3,0,0,36.117680,-86.725770,I 24,,,,0.00,,,,,,,53.10,N,Not at Intersection, ,Non-Junction,None,,,         ,Gerry,Hutcheson,Clear,Front to Rear,no,no,no,no,no,False
102625774,METROPOLITAN NASHVILLE POLICE DEPT,20200035985,Davidson,Nashville,1/16/2020 7:15:00 AM,2,0,0,36.233030,-86.768620,I 65,,,,0.00,,,,,,,89.25,N,Not at Intersection,N,Non-Junction,None,,,         ,Floyd,Brown,Cloudy,Front to Rear,no,no,no,no,no,False
102625777,BERRY HILL POLICE DEPT,20-0200,Davidson,Berry Hill,1/15/2020 9:27:00 AM,2,0,0,36.120820,-86.775270,FRANKLIN PKE,,,,0.00,Feet,East,KIRKWOOD AV,,,,0.00,N,Not at Intersection, ,"Driveway, Alley Access, etc",None,,,         ,Ronnie,Hill,Cloudy,HeadOn,no,no,no,no,no,False
102625784,METROPOLITAN NASHVILLE POLICE DEPT,20200035933,Davidson,Nashville,1/16/2020 6:35:00 AM,2,0,0,36.086910,-86.648680,MURFREESBORO PKE,,,,0.00,,,NASHBORO BLVD,,,,0.00,Y,Four-Way, ,,None,,,         ,Michael,Dance,,,no,no,no,no,no,False
102625788,METROPOLITAN NASHVILLE POLICE DEPT,20200036014,Davidson,Nashville,1/16/2020 7:30:00 AM,4,1,0,36.200520,-86.868570,BRILEY PKWYS,,,,2185.00,Feet,South,BRILEY PKWYN,,,,0.00,N,Not at Intersection,N,Non-Junction,None,,,         ,Wesley,Young,Clear,Front to Rear,no,no,no,no,no,False
102625791,METROPOLITAN NASHVILLE POLICE DEPT,20200035924,Davidson,Nashville,1/16/2020 6:31:00 AM,2,0,0,36.193880,-86.835630,JOHN MALLETTE DR,,,,0.00,,,MANCHESTER AV,,,,0.00,Y,Four-Way,N,Non-Junction,None,,,         ,James,Wray,Clear,Other,no,no,no,no,no,False
102625794,METROPOLITAN NASHVILLE POLICE DEPT,20200035975,Davidson,Nashville,1/16/2020 12:00:00 AM,2,0,0,36.077480,-86.626020,GALESBURG DR,,,,171.00,Feet,South,DESPLANE DR,,,,0.00,N,Not at Intersection,N,Non-Junction,None,,,         ,Michael,Dance,Clear,"Sideswipe, Opposite Direction",no,no,no,no,yes,False
102625798,METROPOLITAN NASHVILLE POLICE DEPT,2020 0036065,Davidson,Nashville,1/16/2020 7:35:00 AM,2,0,0,36.124160,-86.812080,I 440,,,,0.00,,,,,,,2.50,N,Not at Intersection, ,Non-Junction,Construction Zone,,,         ,Paul,Junkmann,Cloudy,"Sideswipe, Same Direction",no,no,no,no,no,False
102625801,METROPOLITAN NASHVILLE POLICE DEPT,20200035902,Davidson,Nashville,1/16/2020 6:22:00 AM,3,3,0,36.061910,-86.638320,BELL RD,,,,577.00,Feet,West,BELL CREST DR,,,,0.00,N,Not at Intersection,N,Non-Junction,None,,,         ,Jose,Oliveros,Clear,HeadOn,no,no,no,no,no,False
102625807,METROPOLITAN NASHVILLE POLICE DEPT,20200035926,Davidson,Nashville,1/16/2020 6:33:00 AM,2,0,0,36.090000,-86.703020,I 24,,,,0.00,,,,,,,55.40,N,Not at Intersection,N,Non-Junction,None,,,         ,Robert,Higgins,Clear,Front to Rear,no,no,no,no,no,False
102625811,METROPOLITAN NASHVILLE POLICE DEPT,20200036117,Davidson,Not in City Limit,1/16/2020 8:17:00 AM,2,0,0,36.264220,-86.727900,OLD HICKORY BLVDW,,,,217.00,Feet,West,E MARTHONA RD,,,,0.00,N,Not at Intersection, ,Non-Junction,None,,,         ,Ian,Wilson,Clear,"Sideswipe, Same Direction",no,no,no,no,no,False
102625817,METROPOLITAN NASHVILLE POLICE DEPT,20200036045,Davidson,Nashville,1/16/2020 6:47:00 AM,3,0,0,36.068300,-86.632230,MURFREESBORO PKE,,,,436.00,Feet,North,FOREST VIEW DR,,,,0.00,N,Not at Intersection,N,Non-Junction,None,,,         ,Matthew,Swindell,Clear,Front to Rear,no,no,no,no,no,False