master_record_number,agency,agency_tracking_number,county,city,collision_date,vehicles_involved,number_injured,number_dead,latitude,longitude,roadway_name,roadway_suffix,roadway_number,roadway_local_id,distance_from_reference,miles-feet_indicator,direction_from_reference,intersection_road_name,intersection_road_name_suffix,intersection_road_number,intersection_local_id,mile_marker,intersection_indicator,intersect_type,interchange_related_indicator,relation_to_junction,work_zone_type,construction_maintenance_zone,construction_maintenance_zone_location,fatal_case_number,officer_first_name,officer_last_name,weather_condition(s),manner_of_crash,pedestrian,bicycle,scooter,parking,hitrun,mou
102628082,METROPOLITAN NASHVILLE POLICE DEPT,20200042020,Davidson,Nashville,1/18/2020 1:55:00 PM,3,0,0,36.143680,-86.816070,HEDRICK ST,,,,57.00,Feet,East,31ST AVN,,,,0.00,N,Not at Intersection,N,Non-Junction,None,,,         ,Michelle,Norris,Cloudy,Front to Rear,no,no,no,no,no,Campus
102628098,METROPOLITAN NASHVILLE POLICE DEPT,20200042101,Davidson,Nashville,1/18/2020 2:14:00 PM,2,0,0,36.185850,-86.798000,I65 S EXT RAMP,,,,0.00,Feet,East,I 65,,,,0.00,N,Not at Intersection, ,Non-Junction,None,,,         ,Jerica,Gladston,Cloudy,Front to Rear,no,no,no,no,no,False
102628101,METROPOLITAN NASHVILLE POLICE DEPT,20200042079,Davidson,Nashville,1/18/2020 1:50:00 PM,2,0,0,36.175310,-86.798260,CHEATHAM PL,,,,0.00,,,ARTHUR AV,,,,0.00,Y,Four-Way, ,,None,,,         ,Anna,Clayton,,,no,no,no,no,no,False
102628102,METROPOLITAN NASHVILLE POLICE DEPT,20200042147,Davidson,Not in City Limit,1/18/2020 3:30:00 PM,2,0,0,36.274610,-86.689390,MYATT DR,,,,520.00,Feet,South,MYATT CENTER LN,,,,0.00,N,Not at Intersection, ,,None,,,         ,Kyle,Eicholtz,,,no,no,no,no,no,False
102628105,METROPOLITAN NASHVILLE POLICE DEPT,20200042019,Davidson,Nashville,1/18/2020 1:44:00 PM,2,0,0,36.161400,-86.824310,32ND AVN,,,,330.00,Feet,North,BATAVIA ST,,,,0.00,N,Not at Intersection,N,Non-Junction,None,,,         ,Bianca,Crawford,Cloudy,Angle,no,no,no,no,yes,False
102628106,METROPOLITAN NASHVILLE POLICE DEPT,20200042058,Davidson,Nashville,1/18/2020 1:51:00 PM,1,0,0,36.132160,-86.723660,PLUS PARK BLVD,,,,243.00,Feet,South,PAVILION BLVD,,,,0.00,N,Not at Intersection,N,Non-Junction,None,,,         ,Andrew,Brazee,Clear,Not Collision with Motor Vehicle in Transport,no,no,no,no,no,False
102628113,METROPOLITAN NASHVILLE POLICE DEPT,20200042103,Davidson,Nashville,1/18/2020 2:20:00 PM,2,0,0,36.169400,-86.679560,LEBANON PKE,,,,102.00,Feet,East,MCGAVOCK PKE,,,,0.00,N,Not at Intersection, ,,None,,,         ,Douglas,Mann,,,no,no,no,no,no,False
102628114,METROPOLITAN NASHVILLE POLICE DEPT,20200042123,Davidson,Nashville,1/18/2020 2:15:00 PM,2,0,0,36.168580,-86.784680,US HWY 31,,,,158.00,Feet,East,6TH AVE N,,,,0.00,N,Not at Intersection,N,Non-Junction,None,,,         ,Joseph,Bingham,Cloudy,Front to Rear,no,no,no,no,yes,False
102628116,METROPOLITAN NASHVILLE POLICE DEPT,20200042100,Davidson,Nashville,1/18/2020 3:03:00 PM,1,0,0,36.036740,-86.783390,I65 S EXT RAMP,,,,0.00,Feet,East,I 65,,,,0.00,N,Not at Intersection,N,Non-Junction,None,,,         ,Brady,Reynolds,Cloudy,Not Collision with Motor Vehicle in Transport,no,no,no,no,no,False
102628147,METROPOLITAN NASHVILLE POLICE DEPT,20200042224,Davidson,Nashville,1/18/2020 4:15:00 PM,2,0,0,36.192880,-86.623830,JUAREZ DR,,,,0.00,Feet,East,LEBANON PKE,,,,0.00,N,Not at Intersection, ,,None,,,         ,Tyler,Hall,,,no,no,no,no,no,False
102628181,METROPOLITAN NASHVILLE POLICE DEPT,20200042313,Davidson,Nashville,1/18/2020 4:37:00 PM,2,0,0,36.147780,-86.806680,US HWY 70S,,,,76.00,Feet,West,24TH AVE S,,,,0.00,N,Not at Intersection, ,Non-Junction,None,,,         ,Zachary,Plese,Clear,Angle,no,no,no,no,yes,Campus
102628182,METROPOLITAN NASHVILLE POLICE DEPT,20200042263,Davidson,Nashville,1/18/2020 4:35:00 PM,2,0,0,36.209940,-86.776040,I 65,,,,0.00,,,,,,,87.60,N,Not at Intersection,N,Non-Junction,None,,,         ,Daniel,Kallman,Clear,Front to Rear,no,no,no,no,yes,False
102628184,METROPOLITAN NASHVILLE POLICE DEPT,20200042225,Davidson,Nashville,1/18/2020 4:20:00 PM,2,0,0,36.191880,-86.783110,I 65,,,,0.00,,,,,,,86.15,N,Not at Intersection,N,Non-Junction,None,,,         ,Blake,McKay,Clear,"Sideswipe, Same Direction",no,no,no,no,yes,False
102628185,METROPOLITAN NASHVILLE POLICE DEPT,20200042270,Davidson,Nashville,1/18/2020 4:39:00 PM,2,0,0,36.163440,-86.787640,CHARLOTTE AV,,,,0.00,,,ROSA L PARKS BLVD,,,,0.00,Y,OTHER, ,Non-Junction,None,,,         ,Gabriel,Vasquez,Clear,Front to Rear,no,no,no,no,no,False
102628187,METROPOLITAN NASHVILLE POLICE DEPT,20200042316,Davidson,Nashville,1/18/2020 5:06:00 PM,1,1,0,36.147560,-86.868790,CHARLOTTE PKE,,,,5.00,Feet,East,CROLEY DR,,,,0.00,N,Not at Intersection,N,Non-Junction,None,,,         ,Devonte,Coleman,Clear,Not Collision with Motor Vehicle in Transport,no,no,no,no,no,False
102628189,METROPOLITAN NASHVILLE POLICE DEPT,20200042363,Davidson,Nashville,1/18/2020 5:34:00 PM,2,0,0,36.150640,-86.800900,WEST END AV,,,,112.00,Feet,East,21ST AVN,,,,0.00,N,Not at Intersection, ,Non-Junction,None,,,         ,Katelin,Ehrhardt,Clear,"Sideswipe, Same Direction",no,no,no,no,no,Campus
102628191,METROPOLITAN NASHVILLE POLICE DEPT,20200042409,Davidson,Nashville,1/18/2020 5:51:00 PM,2,0,0,36.139350,-86.819150,MURPHY RD,,,,15.00,Feet,South,WEST END AV,,,,0.00,N,Not at Intersection,N,Non-Junction,None,,,         ,Benny,Pittman,Clear,"Sideswipe, Same Direction",no,no,no,no,yes,False
102628195,METROPOLITAN NASHVILLE POLICE DEPT,20200042218,Davidson,Nashville,1/18/2020 4:10:00 PM,2,1,0,36.169900,-86.793110,10TH AVN,,,,70.00,Feet,South,LOCKLAYER ST,,,,0.00,N,Not at Intersection,N,Non-Junction,None,,,         ,Chad,Connors,Cloudy,Front to Rear,no,no,no,no,no,False
102628198,METROPOLITAN NASHVILLE POLICE DEPT,20200042161,Davidson,Nashville,1/18/2020 3:40:00 PM,2,0,0,36.196060,-86.835190,CLARKSVILLE PKE,,,,10.00,Feet,West,ASHTON AV,,,,0.00,N,Not at Intersection, ,,None,,,         ,Wesley,Carver,,,no,no,no,no,no,False
102628199,METROPOLITAN NASHVILLE POLICE DEPT,20200042325,Davidson,Nashville,1/18/2020 5:14:00 PM,2,1,0,36.061400,-86.638940,BELL RD,,,,433.00,Feet,East,HICKORY HIGHLANDS DR,,,,0.00,N,Not at Intersection,N,Non-Junction,None,,,         ,Joel,Bennett,Rain,HeadOn,no,no,no,yes,no,False
102628211,METROPOLITAN NASHVILLE POLICE DEPT,20200042431,Davidson,Nashville,1/18/2020 6:13:00 PM,2,0,0,36.173590,-86.602150,OLD HICKORY BLVD,,,,0.00,,,CENTRAL PKE,,,,0.00,Y,Four-Way, ,Non-Junction,None,,,         ,Tyler,Hall,Clear,"Sideswipe, Same Direction",no,no,no,no,no,False
102628219,METROPOLITAN NASHVILLE POLICE DEPT,20200042312,Davidson,Nashville,1/18/2020 5:07:00 PM,2,3,0,36.215810,-86.737860,HART LN,,,,74.00,Feet,South,SAUNDERS AVE,,,,0.00,N,Not at Intersection,N,Non-Junction,None,,,         ,Stephen,Johnston,Clear,Front to Rear,no,no,no,no,no,False
102628227,METROPOLITAN NASHVILLE POLICE DEPT,20200042371,Davidson,Goodlettsville,1/18/2020 12:00:00 AM,1,1,0,36.287500,-86.707330,W MONTICELLO AV,,,,614.00,Feet,West,GALLATIN PKEN,,,,0.00,N,Not at Intersection,N,Non-Junction,None,,,         ,David,Williford,Clear,Not Collision with Motor Vehicle in Transport,yes,no,no,no,no,False
102628229,METROPOLITAN NASHVILLE POLICE DEPT,20200042498,Davidson,Nashville,1/18/2020 6:50:00 PM,2,0,0,36.161870,-86.779340,COMMERCE ST,,,,0.00,,,5TH AVN,,,,0.00,Y,Four-Way, ,Non-Junction,None,,,         ,Gabriel,Vasquez,Clear,Front to Rear,no,no,no,no,no,False
102628230,METROPOLITAN NASHVILLE POLICE DEPT,20200042510,Davidson,Nashville,1/18/2020 7:02:00 PM,2,0,0,36.138180,-86.806680,BLAKEMORE AV,,,,134.00,Feet,East,25TH AVS,,,,0.00,N,Not at Intersection, ,Non-Junction,None,,,         ,Benny,Pittman,Clear,"Sideswipe, Same Direction",no,no,no,no,no,Campus
102628231,METROPOLITAN NASHVILLE POLICE DEPT,20200042234,Davidson,Nashville,1/18/2020 3:50:00 PM,2,0,0,36.045170,-86.699770,BELL RD,,,,566.00,Feet,East,BENZING RD,,,,0.00,N,Not at Intersection,N,Non-Junction,None,,,         ,Andrew,Ramirez,Clear,Angle,no,no,no,no,yes,False
102628232,METROPOLITAN NASHVILLE POLICE DEPT,20200042466,Davidson,Nashville,1/18/2020 6:30:00 PM,1,0,0,36.046490,-86.699920,BENZING RD,,,,589.00,Feet,East,BELL RD,,,,0.00,N,Not at Intersection,N,Non-Junction,None,,,         ,Andrew,Ramirez,Clear,Not Collision with Motor Vehicle in Transport,no,no,no,no,yes,False
102628245,METROPOLITAN NASHVILLE POLICE DEPT,20200042570,Davidson,Nashville,1/18/2020 7:28:00 PM,2,0,0,36.116630,-86.771370,I 440,,,,0.00,,,,,,,5.00,N,Not at Intersection,N,Non-Junction,None,,,         ,Hillary,Sherman,Clear,"Sideswipe, Same Direction",no,no,no,no,yes,False
102628249,METROPOLITAN NASHVILLE POLICE DEPT,20200042419,Davidson,Nashville,1/18/2020 6:04:00 PM,2,1,0,36.154630,-86.779160,8TH AVS,,,,0.00,,,LAFAYETTE ST,,,,0.00,Y,Traffic Circle,N,Intersection,None,,,         ,James,Hill,Clear,Angle,no,no,no,no,no,False
102628253,METROPOLITAN NASHVILLE POLICE DEPT,20200042574,Davidson,Nashville,1/18/2020 7:25:00 PM,2,0,0,36.162390,-86.776520,3RD AVE N,,,,218.00,Feet,South,COMMERCE ST,,,,0.00,N,Not at Intersection, ,Non-Junction,None,,,         ,Brent,Morris,Clear,"Sideswipe, Same Direction",no,no,no,no,no,False
102628258,METROPOLITAN NASHVILLE POLICE DEPT,20200042473,Davidson,Nashville,1/18/2020 6:15:00 PM,3,0,0,36.154270,-86.848670,DELAWARE AV,,,,0.00,,,51ST AVN,,,,0.00,Y,Four-Way,N,Intersection,None,,,         ,Matthew,Turppa,Cloudy,Front to Rear,no,no,no,no,no,False
102628259,METROPOLITAN NASHVILLE POLICE DEPT,20200042472,Davidson,Nashville,1/18/2020 6:43:00 PM,2,0,0,36.253230,-86.716800,GALLATIN PKES,,,,3.00,Feet,North,MADISON SQ,,,,0.00,N,Not at Intersection,N,Non-Junction,None,,,         ,Bryan,Musgrave,Clear,Front to Rear,no,no,no,no,no,False
102628270,METROPOLITAN NASHVILLE POLICE DEPT,20200042575,Davidson,Nashville,1/18/2020 7:41:00 PM,2,2,0,36.115680,-86.695650,MURFREESBORO PKE,,,,474.00,Feet,West,PINEWAY DR,,,,0.00,N,Not at Intersection,N,Non-Junction,None,,,         ,Andrew,Brazee,Clear,Angle,no,no,no,no,no,False
102628281,METROPOLITAN NASHVILLE POLICE DEPT,20200042653,Davidson,Nashville,1/18/2020 8:26:00 PM,2,1,0,36.210000,-86.726080,GREENFIELD AV,,,,167.00,Feet,West,OXFORD ST,,,,0.00,N,Not at Intersection,N,Non-Junction,None,,,         ,Randy,Puckett,Clear,Angle,no,no,no,no,yes,False
102628295,METROPOLITAN NASHVILLE POLICE DEPT,20200042357,Davidson,Nashville,1/18/2020 5:31:00 PM,2,0,0,36.139370,-86.880910,ANNEX AV,,,,175.00,Feet,North,CHARLOTTE PKE,,,,0.00,N,Not at Intersection, ,Non-Junction,None,,,         ,Andrew,McCarron,Clear,Not Collision with Motor Vehicle in Transport,no,no,no,no,no,False
102628315,METROPOLITAN NASHVILLE POLICE DEPT,20200042765,Davidson,Nashville,1/18/2020 9:35:00 PM,2,0,0,36.087920,-86.731330,NOLENSVILLE PKE,,,,501.00,Feet,North,ELYSIAN FIELDS CT,,,,0.00,N,Not at Intersection, ,Non-Junction,None,,,         ,Brady,Reynolds,Clear,Angle,no,no,no,no,no,False
102628319,METROPOLITAN NASHVILLE POLICE DEPT,20200042750,Davidson,Nashville,1/18/2020 9:16:00 PM,2,0,0,36.131310,-86.907160,CHARLOTTE PKE PVTDR,,,,0.00,,,,,,,0.00,,,N,Non-Junction,None,,,         ,Nathan,Glass,Clear,"Sideswipe, Opposite Direction",no,no,no,yes,yes,False
102628325,METROPOLITAN NASHVILLE POLICE DEPT,20200042804,Davidson,Antioch,1/18/2020 9:30:00 PM,2,0,0,36.013740,-86.609630,HEIL QUAKER BLVD,,,,498.00,Feet,East,FIRESTONE PKWY,,,,0.00,N,Not at Intersection, ,Non-Junction,None,,,         ,Dalton,Crum,Clear,Front to Rear,no,no,no,no,no,False
102628341,METROPOLITAN NASHVILLE POLICE DEPT,20200042821,Davidson,Nashville,1/18/2020 9:35:00 PM,2,1,0,36.039000,-86.782520,I 65,,,,0.00,,,,,,,74.60,N,Not at Intersection,N,Non-Junction,None,,,         ,Nicholas,Carroll,Clear,Other,no,no,no,no,no,False
102628379,METROPOLITAN NASHVILLE POLICE DEPT,20200042862,Davidson,Nashville,1/18/2020 12:00:00 AM,2,1,0,36.171630,-86.752300,S 10TH ST,,,,96.00,Feet,North,SHELBY AV,,,,0.00,N,Not at Intersection,N,Non-Junction,None,,,         ,Colin,Bleem,Clear,Angle,no,no,no,no,no,False
102628384,METROPOLITAN NASHVILLE POLICE DEPT,20200042895,Davidson,Nashville,1/18/2020 11:05:00 PM,1,0,0,36.050850,-86.668750,I 24,,,,0.00,,,,,,,58.75,N,Not at Intersection,N,Non-Junction,None,,,         ,Kevin,Breeding,Clear,Not Collision with Motor Vehicle in Transport,no,no,no,no,no,False
102628388,METROPOLITAN NASHVILLE POLICE DEPT,20200042888,Davidson,Nashville,1/18/2020 10:01:00 PM,2,0,0,36.157980,-86.773630,3RD AVS,,,,138.00,Feet,North,KOREAN VETERANS BLVD,,,,0.00,N,Not at Intersection,N,Non-Junction,None,,,         ,Blake,Lutz,Clear,Angle,no,no,no,no,yes,False
102628398,METROPOLITAN NASHVILLE POLICE DEPT,20200042867,Davidson,Nashville,1/18/2020 10:36:00 PM,1,0,0,36.238610,-86.783990,I24 W ENT RAMP,,,,0.00,Feet,East,I 24,,,,0.00,N,Not at Intersection,Y,Entrance/Exit Ramp Related,None,,,         ,Derrick,Toney,Clear,Not Collision with Motor Vehicle in Transport,no,no,no,no,no,False
102628424,METROPOLITAN NASHVILLE POLICE DEPT,20200042889,Davidson,Nashville,1/18/2020 11:03:00 PM,2,2,0,36.065210,-86.628910,MURFREESBORO PKE,,,,198.00,Feet,North,HAMILTON CHURCH RD,,,,0.00,N,Not at Intersection,N,Non-Junction,None,,,         ,Bryce,Hatten,Clear,Front to Rear,no,no,no,no,no,False
102628428,METROPOLITAN NASHVILLE POLICE DEPT,20200042997,Davidson,Nashville,1/19/2020 12:04:00 AM,1,0,0,36.113470,-86.771890,I440 E ENT RAMP,,,,0.00,Feet,East,I 65,,,,0.00,N,Not at Intersection, ,Non-Junction,Construction Zone,,,         ,John,Frazier,Clear,Not Collision with Motor Vehicle in Transport,no,no,no,no,no,False
102628433,METROPOLITAN NASHVILLE POLICE DEPT,20200042996,Davidson,Nashville,1/18/2020 11:40:00 PM,2,0,0,36.044640,-86.659590,I24 E ENT RAMP,,,,0.00,,,I 24,,,,0.00,Y,Y-Intersection,Y,Entrance/Exit Ramp Related,None,,,         ,Luke,Steigerwalt,Clear,"Sideswipe, Same Direction",no,no,no,no,no,False
102628434,METROPOLITAN NASHVILLE POLICE DEPT,20200042896,Davidson,Nashville,1/18/2020 11:05:00 PM,2,0,0,36.156580,-86.787480,12TH AVS,,,,0.00,,,BROADWAY,,,,0.00,Y,Four-Way, ,Intersection,None,,,         ,Daniel,Russett,Clear,"Sideswipe, Same Direction",no,no,no,no,no,False
102628470,METROPOLITAN NASHVILLE POLICE DEPT,20200043008,Davidson,Nashville,1/19/2020 12:10:00 AM,2,0,0,36.025180,-86.717600,BRADFORD HILLS DR,,,,105.00,Feet,West,BRADFORD HILLS CV,,,,0.00,N,Not at Intersection,N,Non-Junction,None,,,         ,Angeline,Comilla,Clear,"Sideswipe, Opposite Direction",no,no,no,no,no,False
102628471,METROPOLITAN NASHVILLE POLICE DEPT,20200043182,Davidson,Nashville,1/19/2020 1:45:00 AM,1,0,0,36.167940,-86.609920,I40 W ENT RAMP,,,,0.00,,,I 40,,,,0.00,Y,OTHER,N,Non-Junction,None,,,         ,Samuel,Fredericks,Clear,Not Collision with Motor Vehicle in Transport,no,no,no,no,no,False
102628496,METROPOLITAN NASHVILLE POLICE DEPT,20200043143,Davidson,Nashville,1/19/2020 12:26:00 AM,2,0,0,36.160560,-86.778230,BROADWAY,,,,68.00,Feet,East,5TH AVS,,,,0.00,N,Not at Intersection, ,Non-Junction,None,,,         ,Blake,Lutz,Clear,Angle,no,no,no,no,no,False
102628530,METROPOLITAN NASHVILLE POLICE DEPT,20200043384,Davidson,Nashville,1/19/2020 3:40:00 AM,1,0,0,36.141960,-86.711960,I 40,,,,0.00,,,,,,,214.10,N,Not at Intersection,N,Non-Junction,None,,,         ,Bradley,Pope,Clear,Not Collision with Motor Vehicle in Transport,no,no,no,no,no,False
102628537,METROPOLITAN NASHVILLE POLICE DEPT,20200043383,Davidson,Nashville,1/19/2020 12:00:00 AM,1,0,0,36.058480,-86.665460,OTTENVILLE AV,,,,442.00,Feet,West,MOSS RD,,,,0.00,N,Not at Intersection,N,Non-Junction,None,,,         ,Robert,Leverick,Clear,Not Collision with Motor Vehicle in Transport,no,no,no,no,yes,False
102628538,METROPOLITAN NASHVILLE POLICE DEPT,20200043365,Davidson,Not in City Limit,1/19/2020 12:00:00 AM,1,0,0,36.136090,-86.933650,RIVER ROAD PKE,,,,67.00,Feet,East,OLD RIVER RD,,,,0.00,N,Not at Intersection,Y,Non-Junction,None,,,         ,Christian,Downen,Clear,Not Collision with Motor Vehicle in Transport,no,no,no,no,yes,False
102628557,METROPOLITAN NASHVILLE POLICE DEPT,20200043409,Davidson,Nashville,1/19/2020 4:25:00 AM,2,0,0,36.204660,-86.777570,BRICK CHURCH PKE,,,,298.00,Feet,South,I65 S ENT RAMP,,,,0.00,N,Not at Intersection,N,OtherLocation,None,,,         ,Jacob,Dick,Clear,Angle,no,no,no,yes,yes,False
102628560,METROPOLITAN NASHVILLE POLICE DEPT,20200043475,Davidson,Not in City Limit,1/19/2020 5:22:00 AM,1,1,0,36.108390,-86.926790,I 40,,,,0.00,,,,,,,199.00,N,Not at Intersection,N,Non-Junction,None,,,         ,David,Moser,Clear,Not Collision with Motor Vehicle in Transport,no,no,no,no,no,False
102628565,METROPOLITAN NASHVILLE POLICE DEPT,20200043490,Davidson,Nashville,1/19/2020 12:00:00 AM,1,0,0,36.158150,-86.772230,KOREAN VETERANS BLVD,,,,114.00,Feet,West,HERMITAGE AV,,,,0.00,N,Not at Intersection,N,Non-Junction,None,,,         ,Damon,Hutcheson,Clear,Not Collision with Motor Vehicle in Transport,no,no,no,no,yes,False
102628567,METROPOLITAN NASHVILLE POLICE DEPT,20200023450,Davidson,Nashville,1/10/2020 11:50:00 PM,1,1,0,36.140040,-86.723950,I 40,,,,0.00,,,,,,,213.45,N,Not at Intersection,N,Non-Junction,None,,,         ,Amy,Hirschmann,Rain,Not Collision with Motor Vehicle in Transport,no,no,no,no,no,False
102628580,METROPOLITAN NASHVILLE POLICE DEPT,20200043499,Davidson,Nashville,1/19/2020 5:44:00 AM,1,0,0,36.072800,-86.609600,ANDERSON,RD,,,0.00,,,TOWNE VILLAGE,RD,,,0.00,Y,T-Intersection,N,Intersection,None,,,         ,Austin,Binner,Clear,Not Collision with Motor Vehicle in Transport,no,no,no,no,yes,False
102628633,METROPOLITAN NASHVILLE POLICE DEPT,20200043555,Davidson,Nashville,1/19/2020 6:17:00 AM,1,0,0,36.238300,-86.785910,I 24,,,,0.00,,,,,,,43.55,N,Not at Intersection,N,Non-Junction,None,,,         ,William,Coy,Clear,Not Collision with Motor Vehicle in Transport,no,no,no,no,no,False
102628663,METROPOLITAN NASHVILLE POLICE DEPT,20200043677,Davidson,Nashville,1/19/2020 8:21:00 AM,2,1,0,36.059820,-86.759200,OAKLEY DR,,,,0.00,,,TROUSDALE DR,,,,0.00,Y,Four-Way,N,Non-Junction,None,,,         ,Tony,Folad,Clear,Angle,no,no,no,no,no,False
102628696,METROPOLITAN NASHVILLE POLICE DEPT,20200043788,Davidson,Nashville,1/19/2020 12:00:00 AM,1,0,0,36.232830,-86.778120,EWING LN,,,,713.00,Feet,North,EWING DR,,,,0.00,N,Not at Intersection,N,Non-Junction,None,,,         ,William,Coy,Unknown,Not Collision with Motor Vehicle in Transport,no,no,no,no,yes,False
102628737,METROPOLITAN NASHVILLE POLICE DEPT,20200043865,Davidson,Nashville,1/19/2020 10:50:00 AM,2,0,0,36.154710,-86.773120,LEA AV,,,,0.00,,,4TH AVS,,,,0.00,Y,Four-Way, ,Non-Junction,None,,,         ,Marvin,Williams,Clear,Front to Rear,no,no,no,no,no,False
102628779,METROPOLITAN NASHVILLE POLICE DEPT,20200043898,Davidson,Old Hickory,1/19/2020 11:15:00 AM,2,1,0,36.274130,-86.671200,SCENIC VIEW RD,,,,0.00,,,SHELBY ST,,,,0.00,Y,T-Intersection,N,Intersection,None,,,         ,Ricardo,Cruz,Clear,HeadOn,no,no,no,no,no,False
102628806,METROPOLITAN NASHVILLE POLICE DEPT,20200043860,Davidson,Antioch,1/19/2020 10:55:00 AM,3,5,0,36.021760,-86.628520,I 24,,,,0.00,,,,,,,61.90,N,Not at Intersection,N,Non-Junction,None,,,         ,Nicholas,Carter,Clear,Front to Rear,no,no,no,no,no,False
102628816,METROPOLITAN NASHVILLE POLICE DEPT,20200044005,Davidson,Nashville,1/19/2020 12:50:00 PM,2,0,0,36.150530,-86.856390,CHARLOTTE PKE,,,,303.00,Feet,East,ORLANDO AV,,,,0.00,N,Not at Intersection, ,,None,,,         ,Alexis,Pond,,,no,no,no,no,no,False
102628846,METROPOLITAN NASHVILLE POLICE DEPT,20200043948,Davidson,Nashville,1/19/2020 10:50:00 AM,2,0,0,36.121530,-86.727320,I 24,,,,0.00,,,,,,,52.80,N,Not at Intersection,N,Non-Junction,None,,,         ,William,Burnett,Clear,"Sideswipe, Same Direction",no,no,no,no,no,False
102628848,METROPOLITAN NASHVILLE POLICE DEPT,20200043983,Davidson,Nashville,1/19/2020 12:37:00 PM,4,1,0,36.167200,-86.783900,6TH AVN,,,,318.00,Feet,South,5TH AVN,,,,0.00,N,Not at Intersection,N,Non-Junction,None,,,         ,Mathew,Clement,Clear,Front to Rear,no,no,no,yes,no,False
102628854,METROPOLITAN NASHVILLE POLICE DEPT,20200043993,Davidson,Nashville,1/19/2020 12:11:00 PM,2,1,0,36.161650,-86.783920,ROSA L PARKS AV,,,,0.00,,,ROSA L PARKS BLVD,,,,0.00,Y,OTHER,N,Non-Junction,None,,,         ,Marvin,Williams,Clear,Front to Rear,no,no,no,no,no,False
102628862,METROPOLITAN NASHVILLE POLICE DEPT,20200044067,Davidson,Nashville,1/19/2020 1:58:00 PM,2,0,0,36.168010,-86.817780,JEFFERSON ST,,,,254.00,Feet,West,I40 W ENT RAMP,,,,0.00,N,Not at Intersection, ,Non-Junction,None,,,         ,Cody,Jaworski,Clear,Front to Rear,no,no,no,no,no,False
102628868,METROPOLITAN NASHVILLE POLICE DEPT,20200044036,Davidson,Nashville,1/19/2020 1:18:00 PM,2,0,0,36.084300,-86.705430,HARDING PL,,,,143.00,Feet,East,LINBAR DR,,,,0.00,N,Not at Intersection,N,Non-Junction,None,,,         ,Robert,Higgins,Clear,Front to Rear,no,no,no,no,no,False
102628878,METROPOLITAN NASHVILLE POLICE DEPT,20200044023,Davidson,Nashville,1/19/2020 1:16:00 PM,2,2,0,36.173820,-86.685060,REVERE PL,,,,0.00,,,CASTLEWOOD DR,,,,0.00,Y,T-Intersection,N,Intersection-Related,None,,,         ,Jason,Thomas,Clear,Angle,no,no,no,no,no,False
102628894,METROPOLITAN NASHVILLE POLICE DEPT,20200044046,Davidson,Nashville,1/19/2020 1:30:00 PM,2,0,0,36.040230,-86.767910,OLD HICKORY BLVD,,,,137.00,Feet,East,SEVEN SPRINGS WAY,,,,0.00,N,Not at Intersection,N,Non-Junction,None,,,         ,Tony,Folad,Clear,Front to Rear,no,no,no,no,no,False
102628908,METROPOLITAN NASHVILLE POLICE DEPT,20200043561,Davidson,Nashville,1/19/2020 6:20:00 AM,2,0,0,36.197910,-86.775870,I 65,,,,0.00,,,,,,,86.70,N,Not at Intersection, ,Non-Junction,None,,,         ,Jamel,Griffin,Clear,"Sideswipe, Same Direction",no,no,no,no,yes,False
102628915,METROPOLITAN NASHVILLE POLICE DEPT,20200044051,Davidson,Nashville,1/19/2020 12:46:00 PM,2,0,0,36.087450,-86.649020,MURFREESBORO PKE,,,,220.00,Feet,North,RANSOM PL,,,,0.00,N,Not at Intersection, ,Non-Junction,None,,,         ,Luis,Pena,Clear,"Sideswipe, Same Direction",no,no,no,no,no,False
102628919,METROPOLITAN NASHVILLE POLICE DEPT,20200043962,Davidson,Nashville,1/19/2020 12:00:00 PM,3,0,0,36.160250,-86.782960,COMMERCE ST,,,,0.00,,,ROSA L PARKS BLVD,,,,0.00,Y,T-Intersection, ,Intersection,None,,,         ,Kimberly,Forsyth,Clear,Front to Rear,no,no,no,no,yes,False
102628951,METROPOLITAN NASHVILLE POLICE DEPT,20200044092,Davidson,Nashville,1/19/2020 2:35:00 PM,2,0,0,36.136930,-86.795950,WEDGEWOOD AV,,,,59.00,Feet,West,17TH AVS,,,,0.00,N,Not at Intersection, ,,None,,,         ,Benny,Pittman,,,no,no,no,no,no,Campus
102628957,METROPOLITAN NASHVILLE POLICE DEPT,20200044090,Davidson,Nashville,1/19/2020 2:44:00 PM,2,2,0,36.099700,-86.924290,OLD HICKORY BLVD,,,,845.00,Feet,North,RIDGELAKE PKWY,,,,0.00,N,Not at Intersection,N,Non-Junction,None,,,         ,Nathan,Glass,Clear,Front to Rear,no,no,no,no,yes,False
102628982,METROPOLITAN NASHVILLE POLICE DEPT,20200044136,Davidson,Goodlettsville,1/19/2020 3:04:00 PM,2,0,0,36.302750,-86.691850,RIVERGATE MARKETPLACE PVTDR,,,,0.00,,,GALLATIN PKEN,,,,0.00,Y,Four-Way,N,Intersection,None,,,         ,Samuel,Kersten,Clear,Front to Rear,no,no,no,no,no,False