master_record_number,agency,agency_tracking_number,county,city,collision_date,vehicles_involved,number_injured,number_dead,latitude,longitude,roadway_name,roadway_suffix,roadway_number,roadway_local_id,distance_from_reference,miles-feet_indicator,direction_from_reference,intersection_road_name,intersection_road_name_suffix,intersection_road_number,intersection_local_id,mile_marker,intersection_indicator,intersect_type,interchange_related_indicator,relation_to_junction,work_zone_type,construction_maintenance_zone,construction_maintenance_zone_location,fatal_case_number,officer_first_name,officer_last_name,weather_condition(s),manner_of_crash,pedestrian,bicycle,scooter,parking,hitrun,mou
102628992,METROPOLITAN NASHVILLE POLICE DEPT,20200044195,Davidson,Nashville,1/19/2020 3:45:00 PM,1,1,0,36.133810,-86.810500,BARTON AV,,,,295.00,Feet,East,NATCHEZ TRC,,,,0.00,N,Not at Intersection,N,Non-Junction,None,,,         ,Benny,Pittman,Clear,Not Collision with Motor Vehicle in Transport,yes,no,no,yes,no,False
102628996,METROPOLITAN NASHVILLE POLICE DEPT,20200044156,Davidson,Nashville,1/19/2020 12:00:00 AM,2,0,0,36.074450,-86.675350,ARTELIA DR,,,,297.00,Feet,East,HAWAIIAN VIEW,,,,0.00,N,Not at Intersection,N,Non-Junction,None,,,         ,Joel,Bennett,Clear,Unknown,no,no,no,no,yes,False
102628998,METROPOLITAN NASHVILLE POLICE DEPT,20200044212,Davidson,Nashville,1/19/2020 3:58:00 PM,2,1,0,36.221700,-86.761670,HART LN,,,,0.00,,,DICKERSON PKE,,,,0.00,Y,Four-Way,N,Intersection,None,,,         ,David,Lang,Clear,Front to Rear,no,no,no,no,no,False
102629003,METROPOLITAN NASHVILLE POLICE DEPT,20200044224,Davidson,Not in City Limit,1/19/2020 4:09:00 PM,2,0,0,36.264190,-86.732320,S GRAYCROFT AV,,,,94.00,Feet,South,N GRAYCROFT AV,,,,0.00,N,Not at Intersection,N,Non-Junction,None,,,         ,Rodney,Phipps,Clear,Angle,no,no,no,no,no,False
102629011,METROPOLITAN NASHVILLE POLICE DEPT,20200044266,Davidson,Nashville,1/19/2020 4:04:00 PM,2,0,0,36.072460,-86.635980,BELL RD,,,,222.00,Feet,North,MURFREESBORO PKE,,,,0.00,N,Not at Intersection,N,Non-Junction,None,,,         ,Joseph,Simon,Clear,"Sideswipe, Same Direction",no,no,no,no,yes,False
102629025,GOODLETTSVILLE POLICE DEPT,20-02225,Davidson,Goodlettsville,1/19/2020 5:30:00 PM,2,0,0,36.338450,-86.717720,N MAIN ST,,,,0.00,,,OLD SPRINGFIELD PKE,,,,0.00,Y,T-Intersection, ,Intersection,None,,,         ,Thomas,Eisenbraun,Clear,Angle,no,no,no,no,no,False
102629033,METROPOLITAN NASHVILLE POLICE DEPT,20200044379,Davidson,Nashville,1/19/2020 6:00:00 PM,2,0,0,36.248050,-86.720330,DUE WEST AVE,,,,0.00,,,GALLATIN PKES,,,,0.00,Y,Four-Way, ,Intersection-Related,None,,,         ,Eric,Wegener,Clear,Front to Rear,no,no,no,no,no,False
102629035,METROPOLITAN NASHVILLE POLICE DEPT,20200044359,Davidson,Nashville,1/19/2020 5:40:00 PM,2,0,0,36.051830,-86.714450,NOLENSVILLE PKE,,,,119.00,Feet,North,OCALA DR,,,,0.00,N,Not at Intersection, ,Non-Junction,None,,,         ,Brady,Reynolds,Clear,Front to Rear,no,no,no,no,no,False
102629043,METROPOLITAN NASHVILLE POLICE DEPT,20200044383,Davidson,Nashville,1/19/2020 5:58:00 PM,2,0,0,36.119700,-86.802260,-- UNKNOWN RAMP/ROAD --,,,,0.00,Feet,East,I 440,,,,0.00,N,Not at Intersection, ,,Construction Zone,,,         ,Zachary,Plese,,,no,no,no,no,no,False
102629044,METROPOLITAN NASHVILLE POLICE DEPT,20200044436,Davidson,Nashville,1/19/2020 6:05:00 PM,2,0,0,36.045390,-86.703100,OLD HICKORY BLVD,,,,150.00,Feet,East,EULALA DR,,,,0.00,N,Not at Intersection,N,Non-Junction,None,,,         ,Joshua,Dale,Clear,Front to Rear,no,no,no,no,no,False
102629049,METROPOLITAN NASHVILLE POLICE DEPT,20200044407,Davidson,Nashville,1/19/2020 6:25:00 PM,2,2,0,36.155690,-86.789740,I40 E EXT RAMP,,,,0.00,,,BROADWAY,,,,0.00,Y,Four-Way,N,Intersection,None,,,         ,James,Hill,Clear,Angle,no,no,no,no,no,False
102629087,METROPOLITAN NASHVILLE POLICE DEPT,20200044410,Davidson,Nashville,1/19/2020 6:28:00 PM,2,0,0,36.168540,-86.600330,OLD HICKORY BLVD,,,,0.00,Feet,,MILLS RD,,,,0.00,Y,Four-Way,Y,Intersection,None,,,         ,Jarrett,Ipox,Clear,Angle,no,no,no,no,no,False
102629089,METROPOLITAN NASHVILLE POLICE DEPT,20200044500,Davidson,Nashville,1/19/2020 7:35:00 PM,2,0,0,36.076920,-86.725960,EDMONDSON PKE,,,,134.00,Feet,West,WALLACE RD,,,,0.00,N,Not at Intersection,N,Non-Junction,None,,,         ,Brady,Reynolds,Clear,Front to Rear,no,no,no,no,yes,False
102629095,METROPOLITAN NASHVILLE POLICE DEPT,20200044430,Davidson,Not in City Limit,1/19/2020 6:30:00 PM,2,0,0,36.080570,-86.955240,I40 E EXT RAMP,,,,0.00,,,I 40,,,,0.00,Y,T-Intersection, ,,None,,,         ,Nathan,Glass,,,no,no,no,no,no,False
102629096,METROPOLITAN NASHVILLE POLICE DEPT,20200044097,Davidson,Nashville,1/19/2020 1:50:00 PM,2,0,0,36.026300,-86.712930,NOLENSVILLE PKE,,,,186.00,Feet,South,LORDS CHAPEL DR,,,,0.00,N,Not at Intersection, ,Non-Junction,None,,,         ,Brandon,Hughes,Clear,Front to Rear,no,no,no,no,no,False
102629102,METROPOLITAN NASHVILLE POLICE DEPT,20200044327,Davidson,Nashville,1/19/2020 5:26:00 PM,2,0,0,36.159410,-86.775010,DEMONBREUN ST,,,,92.00,Feet,East,ALMOND ST,,,,0.00,N,Not at Intersection, ,,None,,,         ,Miles,Posey,,,no,no,no,no,no,False
102629105,METROPOLITAN NASHVILLE POLICE DEPT,20200044502,Davidson,Nashville,1/19/2020 7:20:00 PM,2,0,0,36.164510,-86.781060,5TH AVN,,,,0.00,,,UNION ST,,,,0.00,Y,Four-Way,N,Intersection,None,,,         ,Gabriel,Vasquez,Clear,Angle,no,no,no,no,no,False
102629107,METROPOLITAN NASHVILLE POLICE DEPT,20200044520,Davidson,Nashville,1/19/2020 7:27:00 PM,2,0,0,36.249190,-86.734460,DUE WEST AVW,,,,0.00,,,S GRAYCROFT AV,,,,0.00,Y,Four-Way,N,Intersection,None,,,         ,David,Williford,Clear,Front to Rear,no,no,no,no,yes,False
102629134,METROPOLITAN NASHVILLE POLICE DEPT,20200044444,Davidson,Nashville,1/19/2020 6:55:00 PM,2,1,0,36.146220,-86.666560,DONELSON PKE,,,,100.00,Feet,North,ROYAL PKWY,,,,0.00,N,Not at Intersection,N,Non-Junction,None,,,         ,Peter,Kinsey,Clear,Angle,no,no,no,no,no,False
102629139,METROPOLITAN NASHVILLE POLICE DEPT,20200044512,Davidson,Nashville,1/19/2020 7:30:00 PM,2,0,0,36.154270,-86.792890,16TH AVS,,,,0.00,,,BROADWAY,,,,0.00,Y,Y-Intersection,Y,Intersection-Related,None,,,         ,Benny,Pittman,Clear,"Sideswipe, Opposite Direction",no,no,no,no,yes,False
102629243,METROPOLITAN NASHVILLE POLICE DEPT,20200044582,Davidson,Nashville,1/19/2020 7:45:00 PM,2,0,0,36.071760,-86.636060,MURFREESBORO PKE,,,,55.00,Feet,South,BELL RD,,,,0.00,N,Not at Intersection, ,Non-Junction,None,,,         ,Andrew,Ramirez,Clear,Front to Rear,no,no,no,no,no,False
102629244,METROPOLITAN NASHVILLE POLICE DEPT,20200044532,Davidson,Nashville,1/19/2020 7:52:00 PM,2,0,0,36.156090,-86.791130,GRUNDY ST,,,,0.00,,,15TH AVN,,,,0.00,Y,T-Intersection,Y,Intersection-Related,None,,,         ,Benny,Pittman,Clear,Front to Rear,no,no,no,no,no,False
102629245,METROPOLITAN NASHVILLE POLICE DEPT,20200044482,Davidson,Nashville,1/19/2020 7:25:00 PM,2,3,0,36.074240,-86.921750,HIGHWAY 70S,,,,70.00,Feet,East,OLD HARDING PKE,,,,0.00,N,Not at Intersection,N,Non-Junction,None,,,         ,Jeremy,Huffine,Clear,Angle,no,no,no,no,no,False
102629251,METROPOLITAN NASHVILLE POLICE DEPT,20200044599,Davidson,Nashville,1/19/2020 7:02:00 PM,2,0,0,36.155900,-86.788790,13TH AVS,,,,40.00,Feet,South,I40 W ENT RAMP,,,,0.00,N,Not at Intersection,N,Entrance/Exit Ramp Related,None,,,         ,Miles,Posey,Clear,"Sideswipe, Same Direction",no,no,no,no,yes,False
102629255,METROPOLITAN NASHVILLE POLICE DEPT,20200044633,Davidson,Nashville,1/19/2020 9:25:00 PM,2,0,0,36.247650,-86.783690,I 24,,,,0.00,,,,,,,42.85,N,Not at Intersection,N,Non-Junction,None,,,         ,Zachary,Scott,Clear,Front to Rear,no,no,no,no,no,False
102629259,GOODLETTSVILLE POLICE DEPT,20-02240,Davidson,Goodlettsville,1/19/2020 8:22:00 PM,2,1,0,36.295300,-86.716570,I 65,,,,0.00,,,,,,,94.70,N,Not at Intersection,N,Non-Junction,None,,,         ,Marcus,Zugelder,Clear,"Sideswipe, Same Direction",no,no,no,no,no,False
102629266,METROPOLITAN NASHVILLE POLICE DEPT,2020-0043885,Davidson,Nashville,1/19/2020 12:00:00 AM,2,4,0,36.214610,-86.604660,LEBANON PKE,,,,0.00,,,SHUTE LN,,,,0.00,Y,T-Intersection,N,Intersection-Related,None,,,         ,Frank,Walker,Clear,Angle,no,no,no,no,no,False
102629281,METROPOLITAN NASHVILLE POLICE DEPT,20200044315,Davidson,Nashville,1/19/2020 5:15:00 PM,2,1,0,36.186110,-86.798370,ROSA L PARKS BLVD,,,,0.00,,,I65 S EXT RAMP,,,,0.00,Y,T-Intersection,N,Intersection,None,,,         ,Jacob,Krispin,Clear,Front to Rear,no,no,no,no,yes,False
102629300,Nashville Airport Police,2020-0227,Davidson,Nashville,1/19/2020 10:41:00 PM,2,0,0,36.133410,-86.665080,BNA DR,,,,0.00,,,TERMINAL DR,,,,0.00,Y,OTHER, ,SharedUsePathOrTrail,None,,,         ,Tyler,Drown,Clear,Front to Rear,no,no,no,yes,no,False
102629334,METROPOLITAN NASHVILLE POLICE DEPT,20200044745,Davidson,Nashville,1/19/2020 10:50:00 PM,2,1,0,36.184760,-86.798170,ROSA L PARKS BLVD,,,,0.00,Feet,,I65 S ENT RAMP,,,,0.00,Y,OTHER,N,Intersection,None,,,         ,Joshua,Green,Clear,Front to Rear,no,no,no,no,no,False
102629385,METROPOLITAN NASHVILLE POLICE DEPT,20200045099,Davidson,Nashville,1/20/2020 1:14:00 AM,2,0,0,36.045560,-86.628020,MT VIEW RD,,,,153.00,Feet,East,ASHEFORD TRC,,,,0.00,N,Not at Intersection,N,Non-Junction,None,,,         ,Douglas,Meringer,Clear,Front to Rear,no,no,no,no,yes,False
102629388,METROPOLITAN NASHVILLE POLICE DEPT,20200045340,Davidson,Nashville,1/20/2020 4:58:00 AM,2,0,0,36.160760,-86.793690,14TH AVN,,,,0.00,,,CHARLOTTE AV,,,,0.00,Y,Four-Way,Y,Intersection,None,,,         ,Brenna,Hosey,Clear,"Sideswipe, Same Direction",no,no,no,no,yes,False
102629397,METROPOLITAN NASHVILLE POLICE DEPT,20200045432,Davidson,Nashville,1/20/2020 6:11:00 AM,2,1,0,36.157180,-86.759770,I24 W ENT RAMP,,,,0.00,Feet,East,I 24,,,,0.00,N,Not at Intersection,N,Non-Junction,None,,,         ,Joseph,Patricio,Snow,Front to Rear,no,no,no,no,no,False
102629411,METROPOLITAN NASHVILLE POLICE DEPT,20200045411,Davidson,Nashville,1/20/2020 5:45:00 AM,1,0,0,36.160700,-86.760200,I 24,,,,0.00,,,,,,,49.45,N,Not at Intersection, ,Non-Junction,None,,,         ,Eric,Cunningham,Snow,Not Collision with Motor Vehicle in Transport,no,no,no,no,no,False
102629418,METROPOLITAN NASHVILLE POLICE DEPT,20200045433,Davidson,Nashville,1/20/2020 6:04:00 AM,2,0,0,36.037400,-86.786570,FRANKLIN PKE,,,,0.00,Feet,,OLD HICKORY BLVD,,,,0.00,Y,Four-Way,Y,Intersection,None,,,         ,Tony,Mingsing,Clear,Angle,no,no,no,no,no,False
102629422,METROPOLITAN NASHVILLE POLICE DEPT,20200045397,Davidson,Nashville,1/20/2020 5:40:00 AM,2,0,0,36.175940,-86.788480,5TH AVN,,,,342.00,Feet,South,MONROE ST,,,,0.00,N,Not at Intersection,N,Non-Junction,None,,,         ,Christopher,Royer,Clear,Angle,no,no,no,no,yes,False
102629434,METROPOLITAN NASHVILLE POLICE DEPT,20200045456,Davidson,Nashville,1/20/2020 6:33:00 AM,1,0,0,36.146670,-86.878560,I 40,,,,0.00,,,,,,,202.70,N,Not at Intersection,N,Non-Junction,None,,,         ,Curtis,Rich,Clear,Not Collision with Motor Vehicle in Transport,no,no,no,no,no,False
102629443,METROPOLITAN NASHVILLE POLICE DEPT,20200045503,Davidson,Nashville,1/20/2020 7:17:00 AM,1,0,0,36.236810,-86.709310,PENNINGTON BEND RD,,,,560.00,Feet,North,BRILEY PKWYW,,,,0.00,N,Not at Intersection, ,Non-Junction,None,,,         ,Tien,Nguyen,Blowing Snow,Not Collision with Motor Vehicle in Transport,no,no,no,no,no,False
102629451,METROPOLITAN NASHVILLE POLICE DEPT,20200045496,Davidson,Not in City Limit,1/20/2020 7:05:00 AM,1,0,0,36.325440,-86.878950,I 24,,,,0.00,,,,,,,34.40,N,Not at Intersection, ,Non-Junction,None,,,         ,Jeanine,Sarno,Snow,Not Collision with Motor Vehicle in Transport,no,no,no,no,no,False
102629455,METROPOLITAN NASHVILLE POLICE DEPT,20200045465,Davidson,Nashville,1/20/2020 5:37:00 AM,2,0,0,36.044770,-86.661530,BELL RD,,,,0.00,,,CANE RIDGE RD,,,,0.00,Y,Four-Way,N,Non-Junction,None,,,         ,Caleb,Jernigan,Snow,Front to Rear,no,no,no,no,yes,False
102629460,METROPOLITAN NASHVILLE POLICE DEPT,20200045467,Davidson,Nashville,1/20/2020 6:50:00 AM,2,0,0,36.033710,-86.671650,HICKORY PARK DR,,,,0.00,,,SHIRE DR,,,,0.00,Y,T-Intersection,Y,Intersection,None,,,         ,Thomas,White,Cloudy,Angle,no,no,no,no,no,False
102629464,METROPOLITAN NASHVILLE POLICE DEPT,20200045594,Davidson,Nashville,1/20/2020 8:04:00 AM,2,0,0,36.090320,-86.687830,OLD EZELL RD,,,,78.00,Feet,West,HARDING PL,,,,0.00,N,Not at Intersection, ,"Driveway, Alley Access, etc",None,,,         ,Patrick,Martin,Snow,Rear to Side,no,no,no,no,no,False
102629472,METROPOLITAN NASHVILLE POLICE DEPT,20200044081,Davidson,Nashville,1/19/2020 2:15:00 PM,2,0,0,36.158200,-86.791030,I 40,,,,0.00,,,,,,,209.00,N,Not at Intersection,N,Non-Junction,None,,,         ,Cynthia,Quirouette,Clear,Front to Rear,no,no,no,no,no,False
102629484,METROPOLITAN NASHVILLE POLICE DEPT,20200045598,Davidson,Nashville,1/20/2020 8:00:00 AM,2,1,0,36.182620,-86.797800,I65 N EXT RAMP,,,,0.00,,,I 65,,,,0.00,Y,Y-Intersection,N,Entrance/Exit Ramp Related,None,,,         ,Bianca,Crawford,Blowing Snow,Front to Rear,no,no,no,no,no,False
102629515,METROPOLITAN NASHVILLE POLICE DEPT,20200045793,Davidson,Antioch,1/20/2020 10:03:00 AM,2,0,0,36.024300,-86.611530,TELEDYNE PL,,,,1609.00,Feet,West,HEIL QUAKER BLVD,,,,0.00,N,Not at Intersection,N,Non-Junction,None,,,         ,Patrick,Martin,Cloudy,Not Collision with Motor Vehicle in Transport,no,no,no,no,yes,False
102629539,METROPOLITAN NASHVILLE POLICE DEPT,20200045854,Davidson,Nashville,1/20/2020 10:38:00 AM,2,1,0,36.083980,-86.895320,HARDING PKE,,,,373.00,Feet,South,BROOKMONT TER,,,,0.00,N,Not at Intersection,N,Non-Junction,None,,,         ,Douglas,Atwood,Cloudy,Angle,no,no,no,no,no,False
102629546,METROPOLITAN NASHVILLE POLICE DEPT,20200045773,Davidson,Nashville,1/20/2020 9:51:00 AM,1,1,0,36.154250,-86.760280,OLD HERMITAGE AV,,,,0.00,,,,,,,0.00,,Not at Intersection,N,Non-Junction,None,,,         ,Michael,Dance,Snow,Not Collision with Motor Vehicle in Transport,no,no,no,no,no,False
102629548,METROPOLITAN NASHVILLE POLICE DEPT,20200045621,Davidson,Nashville,1/20/2020 8:26:00 AM,2,0,0,36.186180,-86.753090,SEYMOUR AV,,,,109.00,Feet,West,LAURENT ST,,,,0.00,N,Not at Intersection, ,Non-Junction,None,,,         ,Megan,Lamon,Snow,Angle,no,no,no,no,yes,False
102629556,METROPOLITAN NASHVILLE POLICE DEPT,20200045920,Davidson,Nashville,1/20/2020 11:09:00 AM,2,0,0,36.110940,-86.745220,THOMPSON LN,,,,0.00,Feet,,NOLENSVILLE PKE,,,,0.00,Y,Four-Way,N,Intersection-Related,None,,,         ,Justin,Pinkelton,Cloudy,Front to Rear,no,no,no,no,yes,False
102629571,METROPOLITAN NASHVILLE POLICE DEPT,20200045949,Davidson,Nashville,1/20/2020 11:45:00 AM,2,0,0,36.174100,-86.608520,CENTRAL PKE,,,,0.00,,,FRIST BLVD,,,,0.00,Y,Four-Way, ,Intersection,None,,,         ,Michael,Dance,Cloudy,Front to Rear,no,no,no,no,no,False
102629576,METROPOLITAN NASHVILLE POLICE DEPT,2020-0045733,Davidson,Nashville,1/19/2020 6:00:00 PM,1,1,0,36.156340,-86.782110,9TH AVS,,,,0.00,Feet,North,DEMONBREUN ST,,,,0.00,N,Not at Intersection,N,Non-Junction,None,,,         ,Po,Cheng,Unknown,Not Collision with Motor Vehicle in Transport,yes,no,no,no,yes,False
102629597,METROPOLITAN NASHVILLE POLICE DEPT,20200046030,Davidson,Nashville,1/20/2020 12:29:00 PM,2,0,0,36.106740,-86.922280,OLD HICKORY BLVD,,,,120.00,Feet,North,TOLBERT RD,,,,0.00,N,Not at Intersection, ,Non-Junction,None,,,         ,Curtis,Rich,Cloudy,Angle,no,no,no,no,no,False
102629662,METROPOLITAN NASHVILLE POLICE DEPT,20200046111,Davidson,Nashville,1/20/2020 1:17:00 PM,2,0,0,36.069230,-86.690920,I24 E EXT RAMP,,,,0.00,Feet,East,I 24,,,,0.00,N,Not at Intersection,N,Entrance/Exit Ramp Related,None,,,         ,Patrick,Martin,Cloudy,Front to Rear,no,no,no,no,yes,False
102629683,METROPOLITAN NASHVILLE POLICE DEPT,20200046099,Davidson,Goodlettsville,1/20/2020 1:05:00 PM,2,0,0,36.296520,-86.699520,GALLATIN PKEN,,,,177.00,Feet,South,RIVERGATE PKWY,,,,0.00,N,Not at Intersection, ,Non-Junction,None,,,         ,Brandon,Bilbrey,Cloudy,Front to Rear,no,no,no,no,no,False
102629696,METROPOLITAN NASHVILLE POLICE DEPT,20200046152,Davidson,Nashville,1/20/2020 12:45:00 PM,2,0,0,36.125940,-86.904430,I 40,,,,0.00,,,,,,,200.60,N,Not at Intersection, ,,None,,,         ,Charles,Boles,,,no,no,no,no,no,False
102629758,METROPOLITAN NASHVILLE POLICE DEPT,20200045884,Davidson,Nashville,1/20/2020 10:30:00 AM,2,0,0,36.152400,-86.836500,CHARLOTTE AV,,,,165.00,Feet,East,42ND AVN,,,,0.00,N,Not at Intersection, ,Non-Junction,None,,,         ,Brian,Myatt,Cloudy,"Sideswipe, Opposite Direction",no,no,no,yes,yes,False
102629783,METROPOLITAN NASHVILLE POLICE DEPT,20200046285,Davidson,Nashville,1/20/2020 3:00:00 PM,2,0,0,36.135810,-86.885150,BROOK HOLLOW RD,,,,0.00,,,CHARLOTTE PKE,,,,0.00,Y,Four-Way,N,Intersection,None,,,         ,Devonte,Coleman,Cloudy,Angle,no,no,no,no,no,False
102629818,METROPOLITAN NASHVILLE POLICE DEPT,20200046395,Davidson,Nashville,1/20/2020 3:50:00 PM,2,0,0,36.143490,-86.814440,WEST END,AVE,,3000,50.00,Feet,North,,,,,300.00,N,Not at Intersection,N,Non-Junction,None,,,         ,William,Hamblen,Cloudy,Angle,no,no,no,yes,yes,Campus
102629820,METROPOLITAN NASHVILLE POLICE DEPT,20200046404,Davidson,Nashville,1/20/2020 3:45:00 PM,2,0,0,36.150690,-86.767950,LAFAYETTE ST,,,,0.00,,,2ND AVS,,,,0.00,Y,Four-Way, ,Intersection-Related,None,,,         ,Derek,Sibley,Snow,Angle,no,no,no,no,no,False
102629833,METROPOLITAN NASHVILLE POLICE DEPT,20200046408,Davidson,Nashville,1/20/2020 4:00:00 PM,2,0,0,36.146190,-86.668500,ROYAL PKWY,,,,238.00,Feet,West,CLARIDGE DR,,,,0.00,N,Not at Intersection, ,Non-Junction,None,,,         ,Peter,Kinsey,Cloudy,"Sideswipe, Same Direction",no,no,no,no,no,False
102629838,METROPOLITAN NASHVILLE POLICE DEPT,20200046377,Davidson,Nashville,1/20/2020 3:52:00 PM,2,2,0,36.207070,-86.856840,ASHLAND CITY HWY,,,,352.00,Feet,West,ASHLAND PLACE DR,,,,0.00,N,Not at Intersection,N,Non-Junction,None,,,         ,Shannon,Forsyth,Cloudy,Other,no,no,no,no,no,False
102629839,METROPOLITAN NASHVILLE POLICE DEPT,2020-0046381,Davidson,Nashville,1/20/2020 3:50:00 PM,3,1,0,36.177430,-86.813880,23RD AVN,,,,297.00,Feet,North,OSAGE ST,,,,0.00,N,Not at Intersection,N,Non-Junction,None,,,         ,Brian,Warstadt,Cloudy,HeadOn,no,no,no,no,no,False
102629840,METROPOLITAN NASHVILLE POLICE DEPT,20200046292,Davidson,Nashville,1/20/2020 12:00:00 AM,1,0,0,36.112750,-86.922810,OLD HICKORY BLVD,,,,107.00,Feet,North,I40 W EXT RAMP,,,,0.00,N,Not at Intersection,N,Non-Junction,None,,,         ,William,Vanbergen,Unknown,Unknown,no,no,no,yes,no,False
102629846,METROPOLITAN NASHVILLE POLICE DEPT,20200046478,Davidson,Nashville,1/20/2020 3:59:00 PM,2,0,0,36.165730,-86.612910,I 40,,,,0.00,,,,,,,220.15,N,Not at Intersection, ,,None,,,         ,David,Stanley,,,no,no,no,no,no,False
102629851,METROPOLITAN NASHVILLE POLICE DEPT,20200046541,Davidson,Not in City Limit,1/20/2020 5:11:00 PM,2,0,0,36.279520,-86.708750,GALLATIN PKEN,,,,70.00,Feet,North,ONE MILE PKWY,,,,0.00,N,Not at Intersection, ,Non-Junction,None,,,         ,Christopher,Littles,Cloudy,Angle,no,no,no,no,no,False
102629867,METROPOLITAN NASHVILLE POLICE DEPT,20200046533,Davidson,Nashville,1/20/2020 5:05:00 PM,2,1,0,36.172840,-86.765340,JAMES ROBERTSON PKWY,,,,0.00,,,SPRING ST,,,,0.00,Y,Four-Way,N,Intersection,None,,,         ,Jeremy,Smith,Clear,Front to Rear,no,no,no,no,yes,False
102629888,METROPOLITAN NASHVILLE POLICE DEPT,20200046643,Davidson,Nashville,1/20/2020 12:00:00 AM,2,0,0,36.150670,-86.758510,CANNON ST,,,,116.00,Feet,West,LEWIS ST,,,,0.00,N,Not at Intersection,N,Non-Junction,None,,,         ,Derek,Sibley,Unknown,Unknown,no,no,no,no,yes,False
102629890,METROPOLITAN NASHVILLE POLICE DEPT,20200046659,Davidson,Nashville,1/20/2020 6:09:00 PM,2,0,0,36.140700,-86.732200,I 40,,,,0.00,,,,,,,213.00,N,Not at Intersection, ,,None,,,         ,Jason,Milyaro Lucas,,,no,no,no,no,no,False
102629895,METROPOLITAN NASHVILLE POLICE DEPT,20200046479,Davidson,Nashville,1/20/2020 4:44:00 PM,2,0,0,36.188130,-86.797580,DOMINICAN DR,,,,226.00,Feet,West,FRENCH LANDING DR,,,,0.00,N,Not at Intersection, ,Non-Junction,None,,,         ,Jonathan,Sharp,Cloudy,Angle,no,no,no,no,no,False
102629896,METROPOLITAN NASHVILLE POLICE DEPT,20200046339,Davidson,Nashville,1/20/2020 3:25:00 PM,1,1,0,36.062040,-86.705340,PACKARD DR,,,,373.00,Feet,South,HICKORY GLADE DR,,,,0.00,N,Not at Intersection,N,Non-Junction,None,,,         ,John,Jones,Clear,Not Collision with Motor Vehicle in Transport,no,no,no,no,no,False
102629904,METROPOLITAN NASHVILLE POLICE DEPT,20200046468,Davidson,Nashville,1/20/2020 4:30:00 PM,2,0,0,36.116290,-86.798530,I 440,,,,0.00,,,,,,,3.35,N,Not at Intersection, ,Non-Junction,None,,,         ,Conor,Cronin,Clear,Front to Rear,no,no,no,no,no,False
102629905,METROPOLITAN NASHVILLE POLICE DEPT,20200046675,Davidson,Nashville,1/20/2020 6:10:00 PM,2,0,0,36.111080,-86.771110,THOMPSON LN,,,,30.00,Feet,South,I440 ENT RAMP,,,,0.00,N,Not at Intersection, ,Non-Junction,None,,,         ,Conor,Cronin,Clear,Not Collision with Motor Vehicle in Transport,no,no,no,no,no,False
102629913,METROPOLITAN NASHVILLE POLICE DEPT,20200046625,Davidson,Antioch,1/20/2020 5:54:00 PM,2,1,0,36.012890,-86.620850,I24 E EXT RAMP,,,,0.00,,,I 24,,,,0.00,Y,T-Intersection,Y,Entrance/Exit Ramp Related,None,,,         ,Cooper,HIll,Clear,Front to Rear,no,no,no,no,no,False
102629914,METROPOLITAN NASHVILLE POLICE DEPT,20200046414,Davidson,Antioch,1/20/2020 4:00:00 PM,3,0,0,36.049310,-86.600000,PIN HOOK RD,,,,0.00,Feet,East,HOBSON PKE,,,,0.00,N,Not at Intersection,N,Non-Junction,None,,,         ,Andrew,Ramirez,Clear,Angle,no,no,no,no,no,False
102629915,METROPOLITAN NASHVILLE POLICE DEPT,20200046558,Davidson,Antioch,1/20/2020 5:00:00 PM,2,0,0,36.047840,-86.612050,MURFREESBORO PKE,,,,1284.00,Feet,North,MOUNTAIN SPRINGS RD,,,,0.00,N,Not at Intersection,N,"Driveway, Alley Access, etc",None,,,         ,Dalton,Crum,Clear,Angle,no,no,no,no,no,False
102629921,VANDERBILT UNIVERSITY POLICE,20200046602,Davidson,Nashville,1/20/2020 5:15:00 PM,3,0,0,36.138450,-86.804740,24TH AVS,,,,0.00,,,,,,,0.00,,Not at Intersection, ,,None,,,         ,Cheryl,Bradley,,,no,no,no,yes,no,Campus
102629922,METROPOLITAN NASHVILLE POLICE DEPT,20200046687,Davidson,Not in City Limit,1/20/2020 5:20:00 PM,2,0,0,36.326630,-86.869190,US HWY 431,,,,49.00,Feet,North,RAMP,,,,0.00,N,Not at Intersection, ,Non-Junction,None,,,         ,Gabriel,Centeno,Clear,"Sideswipe, Same Direction",no,no,no,no,no,False
102629923,METROPOLITAN NASHVILLE POLICE DEPT,20200046624,Davidson,Nashville,1/20/2020 5:27:00 PM,2,0,0,36.174110,-86.608670,CENTRAL PKE,,,,44.00,Feet,West,FRIST BLVD,,,,0.00,N,Not at Intersection,N,Non-Junction,None,,,         ,Michael,Fox,Clear,"Sideswipe, Same Direction",no,no,no,no,yes,False
102629931,METROPOLITAN NASHVILLE POLICE DEPT,20200046690,Davidson,Nashville,1/20/2020 6:22:00 PM,2,1,0,36.152380,-86.800060,20TH AVN,,,,0.00,,,HAYES ST,,,,0.00,Y,Four-Way,Y,Intersection,None,,,         ,Benny,Pittman,Clear,HeadOn,no,no,no,no,no,Campus
102629933,METROPOLITAN NASHVILLE POLICE DEPT,20200046712,Davidson,Nashville,1/20/2020 6:32:00 PM,2,0,0,36.086210,-86.700070,I 24,,,,0.00,,,,,,,55.70,N,Not at Intersection,N,Non-Junction,None,,,         ,Eric,Laury,Clear,Front to Rear,no,no,no,no,yes,False