master_record_number,agency,agency_tracking_number,county,city,collision_date,vehicles_involved,number_injured,number_dead,latitude,longitude,roadway_name,roadway_suffix,roadway_number,roadway_local_id,distance_from_reference,miles-feet_indicator,direction_from_reference,intersection_road_name,intersection_road_name_suffix,intersection_road_number,intersection_local_id,mile_marker,intersection_indicator,intersect_type,interchange_related_indicator,relation_to_junction,work_zone_type,construction_maintenance_zone,construction_maintenance_zone_location,fatal_case_number,officer_first_name,officer_last_name,weather_condition(s),manner_of_crash,pedestrian,bicycle,scooter,parking,hitrun,mou
102629937,METROPOLITAN NASHVILLE POLICE DEPT,20200046821,Davidson,Nashville,1/20/2020 6:30:00 PM,2,0,0,36.067750,-86.631620,MURFREESBORO PKE,,,,168.00,Feet,North,FOREST VIEW DR,,,,0.00,N,Not at Intersection, ,Non-Junction,None,,,         ,Cooper,HIll,Clear,"Sideswipe, Same Direction",no,no,no,no,no,False
102630001,METROPOLITAN NASHVILLE POLICE DEPT,20200046988,Davidson,Nashville,1/20/2020 9:20:00 PM,2,0,0,36.080400,-86.717930,HARDING PL,,,,0.00,Feet,,RECOVERY RD,,,,0.00,Y,Four-Way, ,Intersection,None,,,         ,Molly,Page,Clear,Front to Rear,no,no,no,no,no,False
102630074,METROPOLITAN NASHVILLE POLICE DEPT,20200046963,Davidson,Nashville,1/20/2020 8:34:00 PM,3,0,0,36.128370,-86.803080,US HWY 431,,,,23.00,Feet,South,SUNSET PL,,,,0.00,N,Not at Intersection,N,Non-Junction,None,,,         ,Zachary,Plese,Clear,Front to Rear,no,no,no,no,no,False
102630075,METROPOLITAN NASHVILLE POLICE DEPT,20200047114,Davidson,Nashville,1/20/2020 11:03:00 PM,2,1,0,36.096160,-86.655620,MURFREESBORO PKE,,,,0.00,,,SMITH SPRINGS RD,,,,0.00,Y,Four-Way, ,Intersection,None,,,         ,Luke,Steigerwalt,Clear,Front to Rear,no,no,no,no,no,False
102630091,METROPOLITAN NASHVILLE POLICE DEPT,20200047102,Davidson,Nashville,1/20/2020 10:45:00 PM,1,0,0,36.067070,-86.724070,NORTHCREST DR,,,,70.00,Feet,West,NORTHCREST CT,,,,0.00,N,Not at Intersection,N,Non-Junction,None,,,         ,Melvin,Brown III,Clear,Not Collision with Motor Vehicle in Transport,no,no,no,no,yes,False
102630158,METROPOLITAN NASHVILLE POLICE DEPT,20200047680,Davidson,Nashville,1/21/2020 12:00:00 AM,2,0,0,36.113050,-86.800030,WOODMONT BLVD,,,,0.00,Feet,,BELMONT BLVD,,,,0.00,Y,Four-Way,N,Intersection,None,,,         ,Jose,Salazar,Clear,Other,no,no,no,no,no,False
102630160,METROPOLITAN NASHVILLE POLICE DEPT,20200047624,Davidson,Antioch,1/21/2020 4:16:00 AM,2,2,0,36.021530,-86.628720,I 24,,,,0.00,,,,,,,61.90,N,Not at Intersection,N,Non-Junction,None,,,         ,Holly,Davis,Clear,"Sideswipe, Same Direction",no,no,no,no,no,False
102630173,METROPOLITAN NASHVILLE POLICE DEPT,20200047832,Davidson,Nashville,1/21/2020 7:02:00 AM,2,0,0,36.167660,-86.663320,LEBANON PKE,,,,0.00,,,DONELSON PKE,,,,0.00,Y,Four-Way, ,Intersection-Related,None,,,         ,Tien,Nguyen,Clear,Front to Rear,no,no,no,no,no,False
102630185,METROPOLITAN NASHVILLE POLICE DEPT,2020-0047755,Davidson,Not in City Limit,1/21/2020 6:00:00 AM,2,0,0,36.031920,-86.992430,HIGHWAY 100,,,,210.00,Feet,West,OLD HARDING PKE,,,,0.00,N,Not at Intersection,N,Non-Junction,None,,,         ,Timothy,Edwards,Clear,"Sideswipe, Opposite Direction",no,no,no,no,yes,False
102630201,VANDERBILT UNIVERSITY POLICE,20200044041,Davidson,Nashville,1/19/2020 1:22:00 PM,2,0,0,36.106620,-86.764620,POWELL AV,,,,991.00,Feet,North,POWELL PL,,,,0.00,N,Not at Intersection, ,Non-Junction,None,,,         ,Anthony,Jones,Clear,Rear to Rear,no,no,no,yes,no,False
102630206,METROPOLITAN NASHVILLE POLICE DEPT,20200047966,Davidson,Nashville,1/21/2020 7:50:00 AM,2,0,0,36.037670,-86.636970,OLD FRANKLIN RD,,,,906.00,Feet,North,DANA WAY,,,,0.00,N,Not at Intersection, ,"Driveway, Alley Access, etc",None,,,         ,Nicholas,Carter,Cloudy,Angle,no,no,no,no,yes,False
102630216,METROPOLITAN NASHVILLE POLICE DEPT,20200048022,Davidson,Nashville,1/21/2020 8:13:00 AM,2,0,0,36.152240,-86.786830,I 40,,,,0.00,,,,,,,209.40,N,Not at Intersection, ,Non-Junction,None,,,         ,Mathew,Clement,Clear,Front to Rear,no,no,no,no,no,False
102630222,METROPOLITAN NASHVILLE POLICE DEPT,20200048088,Davidson,Nashville,1/21/2020 8:45:00 AM,2,0,0,36.100400,-86.764240,I 65,,,,0.00,,,,,,,79.10,N,Not at Intersection, ,,None,,,         ,Walter,Cothran,,,no,no,no,no,no,False
102630242,METROPOLITAN NASHVILLE POLICE DEPT,20200045601,Davidson,Nashville,1/20/2020 8:08:00 AM,2,0,0,36.224200,-86.782200,BRICK CHURCH PKE,,,,4.00,Feet,South,BRICK CHURCH PARK DR,,,,0.00,N,Not at Intersection, ,Entrance/Exit Ramp Related,None,,,         ,Pamela,Caulder,Blowing Snow,"Sideswipe, Opposite Direction",no,no,no,no,no,False
102630243,METROPOLITAN NASHVILLE POLICE DEPT,20200048120,Davidson,Nashville,1/21/2020 9:03:00 AM,2,0,0,36.177300,-86.604180,OLD HICKORY BLVD,,,,0.00,,,HERMITAGE WOODS DR,,,,0.00,Y,OTHER, ,Intersection,None,,,         ,Michael,Dance,Cloudy,Front to Rear,no,no,no,no,no,False
102630247,METROPOLITAN NASHVILLE POLICE DEPT,20200044026,Davidson,Nashville,1/19/2020 1:06:00 PM,2,0,0,36.082300,-86.766030,I65 S ENT RAMP,,,,0.00,,,I 65,,,,0.00,Y,OTHER, ,,None,,,         ,Charles,Embry,,,no,no,no,no,no,False
102630265,METROPOLITAN NASHVILLE POLICE DEPT,20200048058,Davidson,Nashville,1/21/2020 8:32:00 AM,2,0,0,36.155370,-86.781160,9TH AVS,,,,0.00,Feet,East,CLARK PL,,,,0.00,N,Not at Intersection, ,,None,,,         ,Wesley,Henderson,,,no,no,no,no,no,False
102630266,METROPOLITAN NASHVILLE POLICE DEPT,20200048063,Davidson,Nashville,1/21/2020 8:15:00 AM,2,0,0,36.126880,-86.753140,VIVELLE AV,,,,0.00,Feet,East,NOLENSVILLE PKE,,,,0.00,N,Not at Intersection,N,Non-Junction,None,,,         ,Melissa,Lomax,Clear,"Sideswipe, Same Direction",no,no,no,no,yes,False
102630269,METROPOLITAN NASHVILLE POLICE DEPT,20200048101,Davidson,Nashville,1/21/2020 8:08:00 AM,4,0,0,36.056430,-86.644090,THE OVERLOOK PVTDR,,,,0.00,,,,,,,0.00,,, ,Non-Junction,None,,,         ,Jason,Hees,Clear,Angle,no,no,no,yes,no,False
102630270,METROPOLITAN NASHVILLE POLICE DEPT,20200048025,Davidson,Nashville,1/21/2020 8:18:00 AM,2,0,0,36.107590,-86.743530,NOLENSVILLE PKE,,,,0.00,,,TIMMONS ST,,,,0.00,Y,OTHER,N,Intersection,None,,,         ,Cynthia,Quirouette,Cloudy,Angle,no,no,no,no,no,False
102630271,METROPOLITAN NASHVILLE POLICE DEPT,20200047957,Davidson,Nashville,1/21/2020 7:55:00 AM,2,0,0,36.179610,-86.741520,N 16TH ST,,,,55.00,Feet,South,ORDWAY PL,,,,0.00,N,Not at Intersection, ,Non-Junction,None,,,         ,Michael,Agee,Cloudy,"Sideswipe, Same Direction",no,no,no,no,no,False
102630274,METROPOLITAN NASHVILLE POLICE DEPT,20200047860,Davidson,Nashville,1/21/2020 7:04:00 AM,3,1,0,36.085410,-86.727050,PARAGON MILLS RD,,,,0.00,,,TRAVIS DR,,,,0.00,Y,T-Intersection,N,Intersection,None,,,         ,Patrick,Martin,Cloudy,"Sideswipe, Same Direction",no,no,no,no,no,False
102630276,METROPOLITAN NASHVILLE POLICE DEPT,20200048174,Davidson,Nashville,1/21/2020 8:57:00 AM,2,0,0,36.147730,-86.759170,LAFAYETTE ST,,,,168.00,Feet,West,LEWIS ST,,,,0.00,N,Not at Intersection, ,Non-Junction,None,,,         ,Tien,Nguyen,Clear,"Sideswipe, Opposite Direction",no,no,no,no,no,False
102630278,METROPOLITAN NASHVILLE POLICE DEPT,20200048237,Davidson,Nashville,1/21/2020 6:30:00 AM,2,0,0,36.145190,-86.816440,31ST AVE N,,,,0.00,,,BELLWOOD AVE,,,,0.00,Y,T-Intersection, ,Non-Junction,None,,,         ,Walter,Cothran,Clear,Front to Rear,no,no,no,no,yes,False
102630279,BERRY HILL POLICE DEPT,20-0018,Davidson,Berry Hill,1/2/2020 1:38:00 PM,2,0,0,36.126280,-86.776640,CRAIGHEAD ST,,,,132.00,Feet,East,FRANKLIN PKE,,,,0.00,N,Not at Intersection, ,Non-Junction,None,,,         ,Ronnie,Hill,Rain,"Sideswipe, Same Direction",no,no,no,no,no,False
102630307,METROPOLITAN NASHVILLE POLICE DEPT,20200048153,Davidson,Nashville,1/21/2020 9:24:00 AM,3,0,0,36.131400,-86.726960,I24E,,,,411.00,Feet,North,I24 W ENT RAMP,,,,0.00,N,Not at Intersection,N,Non-Junction,None,,,         ,Patrick,Martin,Clear,Front to Rear,no,no,no,no,no,False
102630317,METROPOLITAN NASHVILLE POLICE DEPT,20200048299,Davidson,Nashville,1/21/2020 10:17:00 AM,2,0,0,36.148170,-86.767520,3RD AVS,,,,29.00,Feet,North,CAMERON ST,,,,0.00,N,Not at Intersection, ,Non-Junction,None,,,         ,Patrick,Martin,Clear,"Sideswipe, Same Direction",no,no,no,no,no,False
102630329,METROPOLITAN NASHVILLE POLICE DEPT,20200048095,Davidson,Nashville,1/21/2020 8:47:00 AM,1,0,0,36.183760,-86.608880,ANDREW JACKSON WAY,,,,0.00,,,,,,,0.00,,,N,Non-Junction,None,,,         ,Joshua,Hausman,Clear,Not Collision with Motor Vehicle in Transport,no,no,no,yes,yes,False
102630339,METROPOLITAN NASHVILLE POLICE DEPT,20200048455,Davidson,Nashville,1/21/2020 10:58:00 AM,4,0,0,36.153920,-86.757270,I 40,,,,0.00,,,,,,,211.15,N,Not at Intersection,N,Non-Junction,None,,,         ,Tien,Nguyen,Clear,Front to Rear,no,no,no,no,yes,False
102630343,METROPOLITAN NASHVILLE POLICE DEPT,20200048314,Davidson,Nashville,1/21/2020 10:39:00 AM,2,0,0,36.173560,-86.600910,BURNING TREE DR,,,,0.00,,,,,,,0.00,,,N,Non-Junction,None,,,         ,Michael,Dance,Clear,Front to Rear,no,no,no,yes,yes,False
102630354,METROPOLITAN NASHVILLE POLICE DEPT,20200048477,Davidson,Nashville,1/21/2020 11:51:00 AM,2,0,0,36.052420,-86.644700,BELL RD,,,,99.00,Feet,North,EAGLE VIEW BLVD,,,,0.00,N,Not at Intersection, ,Non-Junction,None,,,         ,Patrick,Martin,Clear,Front to Rear,no,no,no,no,no,False
102630358,METROPOLITAN NASHVILLE POLICE DEPT,20200048407,Davidson,Nashville,1/21/2020 11:10:00 AM,2,0,0,36.156880,-86.798940,18TH AVN,,,,18.00,Feet,South,PATTERSON ST,,,,0.00,N,Not at Intersection, ,Non-Junction,None,,,         ,Zaire,Murray,Clear,Angle,no,no,no,no,no,False
102630387,METROPOLITAN NASHVILLE POLICE DEPT,20200048634,Davidson,Nashville,1/21/2020 1:00:00 PM,2,0,0,36.137210,-86.796930,18TH AVE S,,,,9.00,Feet,North,WEDGEWOOD AVE,,,,0.00,N,Not at Intersection, ,Non-Junction,None,,,         ,Walter,Cothran,Clear,Angle,no,no,no,no,yes,Campus
102630395,METROPOLITAN NASHVILLE POLICE DEPT,20200048412,Davidson,Nashville,1/21/2020 10:54:00 AM,2,0,0,36.165550,-86.780940,DEADERICK ST,,,,202.00,Feet,West,4TH AVN,,,,0.00,N,Not at Intersection, ,Non-Junction,None,,,         ,Frank,Campbell,Clear,Angle,no,no,no,no,no,False
102630401,METROPOLITAN NASHVILLE POLICE DEPT,20200048487,Davidson,Nashville,1/18/2020 8:00:00 PM,2,0,0,36.156900,-86.765850,ROLLING MILL HILL RD,,,,176.00,Feet,West,ACADEMY PL,,,,0.00,N,Not at Intersection, ,Non-Junction,None,,,         ,Henry,Perez,Unknown,Front to Rear,no,no,no,no,yes,False
102630403,METROPOLITAN NASHVILLE POLICE DEPT,20200045518,Davidson,Madison,1/20/2020 7:27:00 AM,2,0,0,36.262630,-86.775910,BRICK CHURCH PIKE,,,,0.00,,,BELLSHIRE DR,,,,0.00,Y,T-Intersection,N,Non-Junction,None,,,         ,Frederick,Nelson,Clear,"Sideswipe, Same Direction",no,no,no,no,yes,False
102630408,METROPOLITAN NASHVILLE POLICE DEPT,20200048528,Davidson,Nashville,1/21/2020 11:57:00 AM,2,1,0,36.145650,-86.666670,DONELSON PKE,,,,111.00,Feet,South,ROYAL PKWY,,,,0.00,N,Not at Intersection,N,Non-Junction,None,,,         ,Katelyn,Argeroplos,Clear,Front to Rear,no,no,no,no,no,False
102630414,METROPOLITAN NASHVILLE POLICE DEPT,20200048572,Davidson,Nashville,1/21/2020 12:33:00 PM,2,0,0,36.177180,-86.774560,N 1ST ST,,,,97.00,Feet,North,SPRING ST,,,,0.00,N,Not at Intersection, ,Non-Junction,None,,,         ,Joseph,Progar,Clear,Front to Rear,no,no,no,no,no,False
102630415,METROPOLITAN NASHVILLE POLICE DEPT,20200048379,Davidson,Nashville,1/21/2020 11:10:00 AM,3,1,0,36.156380,-86.806920,CHARLOTTE AV,,,,99.00,Feet,East,22ND AVN,,,,0.00,N,Not at Intersection,N,Non-Junction,None,,,         ,Wesley,Young,Clear,Front to Rear,no,no,no,no,no,False
102630449,METROPOLITAN NASHVILLE POLICE DEPT,20200048657,Davidson,Nashville,1/21/2020 1:10:00 PM,2,2,0,36.164900,-86.794850,12TH AVN,,,,0.00,,,CLINTON ST,,,,0.00,Y,Four-Way,N,Intersection,None,,,         ,Wesley,Young,Clear,Angle,no,no,no,no,no,False
102630450,METROPOLITAN NASHVILLE POLICE DEPT,20200048583,Davidson,Nashville,1/21/2020 12:37:00 PM,2,0,0,36.135940,-86.726720,I 24,,,,0.00,,,,,,,52.20,N,Not at Intersection, ,Non-Junction,None,,,         ,Matthew,Swindell,Clear,Front to Rear,no,no,no,no,no,False
102630452,METROPOLITAN NASHVILLE POLICE DEPT,20200048663,Davidson,Nashville,1/21/2020 1:17:00 PM,2,0,0,36.136040,-86.792260,WEDGEWOOD AV,,,,96.00,Feet,West,15TH AVS,,,,0.00,N,Not at Intersection, ,Non-Junction,None,,,         ,William,Caillouette,Clear,Front to Rear,no,no,no,no,no,False
102630455,METROPOLITAN NASHVILLE POLICE DEPT,20200048585,Davidson,Nashville,1/21/2020 12:40:00 PM,2,0,0,36.149950,-86.858740,US HWY 70,,,,124.00,Feet,West,RAMP,,,,0.00,N,Not at Intersection, ,Non-Junction,None,,,         ,Brandon,O'Guin,Clear,"Sideswipe, Same Direction",no,no,no,no,no,False
102630460,METROPOLITAN NASHVILLE POLICE DEPT,20200048400,Davidson,Nashville,1/21/2020 11:15:00 AM,2,0,0,36.206960,-86.776530,-- UNKNOWN RAMP/ROAD --,,,,0.00,,,I 65,,,,0.00,Y,OTHER,N,OtherLocation,None,,,         ,Daniel,Wadham,Clear,"Sideswipe, Same Direction",no,no,no,no,no,False
102630466,METROPOLITAN NASHVILLE POLICE DEPT,20200048731,Davidson,Nashville,1/21/2020 1:49:00 PM,2,1,0,36.149090,-86.667740,ELM HILL PKE,,,,37.00,Feet,West,NELSON PL,,,,0.00,N,Not at Intersection,N,Non-Junction,None,,,         ,Tien,Nguyen,Clear,Angle,no,no,no,no,no,False
102630470,METROPOLITAN NASHVILLE POLICE DEPT,20200048702,Davidson,Nashville,1/21/2020 1:37:00 PM,3,1,0,36.199570,-86.620610,OLD HICKORY BLVD,,,,29.00,Feet,North,LEBANON PKE WB EXT RAMP,,,,0.00,N,Not at Intersection,N,Non-Junction,None,,,         ,Michael,Dance,Clear,Front to Rear,no,no,no,no,yes,False
102630500,BERRY HILL POLICE DEPT,20-0280,Davidson,Berry Hill,1/21/2020 1:15:00 AM,3,0,0,36.127040,-86.775910,CRAIGHEAD ST,,,,0.00,,,,,,,0.00,,,N,Non-Junction,None,,,         ,Ronnie,Hill,Cloudy,Angle,no,no,no,yes,no,False
102630552,METROPOLITAN NASHVILLE POLICE DEPT,20200048775,Davidson,Nashville,1/21/2020 1:15:00 PM,2,1,0,36.039340,-86.785660,FRANKLIN PKE,,,,0.00,,,FRANKLIN PIKE CIR,,,,0.00,Y,Four-Way,N,Intersection,None,,,         ,Earl,Davis,Clear,Angle,no,no,no,no,no,False
102630559,METROPOLITAN NASHVILLE POLICE DEPT,20200045871,Davidson,Nashville,1/20/2020 10:51:00 AM,2,0,0,36.206580,-86.777390,W TRINITY LN,,,,151.00,Feet,East,I65 S ENT RAMP,,,,0.00,N,Not at Intersection, ,Non-Junction,None,,,         ,Pamela,Caulder,Snow,"Sideswipe, Same Direction",no,no,no,no,no,False
102630562,METROPOLITAN NASHVILLE POLICE DEPT,20200047944,Davidson,Nashville,1/21/2020 7:45:00 AM,2,0,0,36.238760,-86.787760,EXIT 18B,,,,0.00,,,I 24,,,,0.00,Y,OTHER, ,Entrance/Exit Ramp Related,None,,,         ,Daniel,Wadham,Clear,Front to Rear,no,no,no,no,no,False
102630573,METROPOLITAN NASHVILLE POLICE DEPT,20200048858,Davidson,Nashville,1/21/2020 3:00:00 PM,2,0,0,36.184120,-86.610360,ANDREW JACKSON PKWY,,,,191.00,Feet,North,OLD HICKORY BLVD,,,,0.00,N,Not at Intersection,N,Non-Junction,None,,,         ,Heather,Fox,Clear,Angle,no,no,no,no,no,False
102630577,METROPOLITAN NASHVILLE POLICE DEPT,20200048959,Davidson,Not in City Limit,1/21/2020 3:36:00 PM,2,0,0,36.262210,-86.712210,GALLATIN PKES,,,,0.00,,,E OLD HICKORY BLVD,,,,0.00,Y,Four-Way,N,Intersection,None,,,         ,Christopher,Littles,Clear,Angle,no,no,no,no,yes,False
102630581,METROPOLITAN NASHVILLE POLICE DEPT,20200048893,Davidson,Nashville,1/21/2020 3:10:00 PM,2,0,0,36.162380,-86.760940,I 24,,,,0.00,,,,,,,49.30,N,Not at Intersection, ,Non-Junction,None,,,         ,Tyler,Manivong,Clear,Front to Rear,no,no,no,no,no,False
102630619,METROPOLITAN NASHVILLE POLICE DEPT,20200048836,Davidson,Nashville,1/21/2020 2:37:00 PM,2,0,0,36.044830,-86.724760,OLD HICKORY BLVD,,,,0.00,,,ENCLAVE CIR,,,,0.00,Y,Four-Way, ,,None,,,         ,FELIKS,ABRAHAMYAN,,,no,no,no,no,no,False
102630628,METROPOLITAN NASHVILLE POLICE DEPT,20200048916,Davidson,Nashville,1/21/2020 3:21:00 PM,2,0,0,36.155460,-86.779870,US HWY 31,,,,149.00,Feet,South,CLARK PL,,,,0.00,N,Not at Intersection, ,Non-Junction,None,,,         ,Joseph,Bingham,Clear,"Sideswipe, Same Direction",no,no,no,no,no,False
102630630,METROPOLITAN NASHVILLE POLICE DEPT,20200048834,Davidson,Nashville,1/21/2020 6:10:00 AM,1,0,0,36.130416,-86.901812,6940 CHARLOTTE PK,,,,30.00,Feet,North,CHARLOTTE PK,,,,0.00,N,Not at Intersection,N,Non-Junction,None,,,         ,Jeremy,Huffine,Clear,Not Collision with Motor Vehicle in Transport,no,no,no,yes,yes,False
102630636,METROPOLITAN NASHVILLE POLICE DEPT,20200049137,Davidson,Nashville,1/21/2020 4:34:00 PM,2,0,0,36.152610,-86.683510,MCGAVOCK PKE,,,,82.00,Feet,South,ELM HILL PKE,,,,0.00,N,Not at Intersection, ,Non-Junction,None,,,         ,Jason,Milyaro Lucas,Clear,Front to Rear,no,no,no,no,yes,False
102630639,METROPOLITAN NASHVILLE POLICE DEPT,20200049138,Davidson,Nashville,1/21/2020 4:38:00 PM,2,0,0,36.123220,-86.794530,BELMONT BLVD,,,,30.00,Feet,South,DALLAS AV,,,,0.00,N,Not at Intersection, ,Non-Junction,None,,,         ,Benny,Pittman,Clear,Front to Rear,no,no,no,no,no,False
102630641,METROPOLITAN NASHVILLE POLICE DEPT,20200048871,Davidson,Nashville,1/21/2020 3:00:00 PM,2,0,0,36.134700,-86.820600,I440 E ENT RAMP,,,,0.00,,,I 440,,,,0.00,Y,OTHER,N,Entrance/Exit Ramp Related,Construction Zone,Work On Shoulder Or Median,Advanced Warning Area,         ,Andrew,Mullen,Clear,Front to Rear,no,no,no,no,no,False
102630649,GOODLETTSVILLE POLICE DEPT,20-02411,Davidson,Goodlettsville,1/21/2020 3:10:00 PM,2,1,0,36.300730,-86.700950,RIVERGATE MALL PVTDR,,,,0.00,,,RIVERGATE MALL PVTDR,,,,0.00,Y,OTHER,N,"Driveway, Alley Access, etc",None,,,         ,Charles,Hauskin,Clear,Angle,no,no,no,yes,no,False
102630650,METROPOLITAN NASHVILLE POLICE DEPT,20200049108,Davidson,Nashville,1/21/2020 12:00:00 AM,2,0,0,36.165510,-86.760180,SUMMER PL,,,,255.00,Feet,East,S 5TH ST,,,,0.00,N,Not at Intersection,N,Non-Junction,None,,,         ,Randy,Puckett,Unknown,Unknown,no,no,no,yes,yes,False
102630653,METROPOLITAN NASHVILLE POLICE DEPT,20200049112,Davidson,Nashville,1/21/2020 3:56:00 PM,2,0,0,36.072670,-86.691970,I 24,,,,0.00,,,,,,,56.75,N,Not at Intersection, ,Non-Junction,None,,,         ,Laura,Williams,Clear,Angle,no,no,no,no,no,False
102630668,METROPOLITAN NASHVILLE POLICE DEPT,20200048977,Davidson,Nashville,1/21/2020 3:45:00 PM,2,0,0,36.134739,-86.930114,RIVER ROAD,,,,0.00,,,RIVER ROAD PIKE,,,,0.00,Y,Y-Intersection,N,Intersection-Related,None,,,         ,Jeremy,Huffine,Clear,Front to Rear,no,no,no,no,no,False
102630669,METROPOLITAN NASHVILLE POLICE DEPT,20200048948,Davidson,Nashville,1/21/2020 3:35:00 PM,2,0,0,36.172590,-86.790970,ROSA L PARKS BLVD,,,,504.00,Feet,North,LOCKLAYER ST,,,,0.00,N,Not at Intersection, ,Non-Junction,None,,,         ,William,Gibbs,Clear,Angle,no,no,no,no,no,False
102630670,METROPOLITAN NASHVILLE POLICE DEPT,20200049207,Davidson,Nashville,1/21/2020 4:35:00 PM,2,0,0,36.110630,-86.717020,BRILEY PKWYS,,,,102.00,Feet,South,BRILEY PKWYN,,,,0.00,N,Not at Intersection, ,Non-Junction,None,,,         ,YUNUS,ADAK,Clear,Front to Rear,no,no,no,no,no,False
102630671,METROPOLITAN NASHVILLE POLICE DEPT,20200049080,Davidson,Nashville,1/21/2020 3:46:00 PM,2,0,0,36.108320,-86.812350,HILLSBORO PKE,,,,148.00,Feet,South,GLEN ECHO RD,,,,0.00,N,Not at Intersection,N,Non-Junction,None,,,         ,Brady,Reynolds,Clear,Front to Rear,no,no,no,no,yes,False
102630695,METROPOLITAN NASHVILLE POLICE DEPT,20200049150,Davidson,Nashville,1/21/2020 4:35:00 PM,2,0,0,36.175380,-86.602970,OLD HICKORY BLVD,,,,344.00,Feet,North,BURNING TREE DR,,,,0.00,N,Not at Intersection, ,,None,,,         ,Heather,Fox,,,no,no,no,no,no,False
102630698,METROPOLITAN NASHVILLE POLICE DEPT,20200048983,Davidson,Nashville,1/21/2020 3:24:00 PM,2,0,0,36.128900,-86.802810,21ST AVS,,,,124.00,Feet,South,ASHWOOD AV,,,,0.00,N,Not at Intersection,N,Non-Junction,None,,,         ,FELIKS,ABRAHAMYAN,Clear,Angle,no,no,no,no,no,False
102630699,METROPOLITAN NASHVILLE POLICE DEPT,20200049199,Davidson,Nashville,1/21/2020 4:00:00 PM,2,0,0,36.168590,-86.796530,I 40,,,,0.00,,,,,,,208.15,N,Not at Intersection,N,Non-Junction,None,,,         ,Brian,Warstadt,Clear,Front to Rear,no,no,no,no,yes,False
102630703,METROPOLITAN NASHVILLE POLICE DEPT,20200049288,Davidson,Not in City Limit,1/21/2020 5:35:00 PM,3,0,0,36.270800,-86.689710,MYATT DR,,,,481.00,Feet,South,ANDERSON LN,,,,0.00,N,Not at Intersection,N,Non-Junction,None,,,         ,Christopher,Littles,Clear,Front to Rear,no,no,no,no,no,False
102630708,METROPOLITAN NASHVILLE POLICE DEPT,20200049244,Davidson,Nashville,1/21/2020 5:20:00 PM,3,0,0,36.167600,-86.762220,S 5TH ST,,,,0.00,Feet,,SHELBY AV,,,,0.00,Y,Four-Way,N,Intersection-Related,None,,,         ,Ethan,Usherwood,Clear,Front to Rear,no,no,no,no,yes,False
102630712,METROPOLITAN NASHVILLE POLICE DEPT,20200049086,Davidson,Nashville,1/21/2020 3:40:00 PM,2,0,0,36.199610,-86.770190,DICKERSON PKE,,,,227.00,Feet,South,GATEWOOD AV,,,,0.00,N,Not at Intersection,N,Non-Junction,None,,,         ,Ty,Cummings,Clear,Front to Rear,no,no,no,no,yes,False
102630715,METROPOLITAN NASHVILLE POLICE DEPT,20200049229,Davidson,Nashville,1/21/2020 5:00:00 PM,2,0,0,36.164770,-86.794020,I 40,,,,0.00,,,,,,,208.45,N,Not at Intersection, ,Non-Junction,None,,,         ,Brian,Warstadt,Clear,Front to Rear,no,no,no,no,no,False
102630717,METROPOLITAN NASHVILLE POLICE DEPT,20200049218,Davidson,Nashville,1/21/2020 5:05:00 PM,2,0,0,36.161160,-86.773670,SHELBY STREET BRIDGE,,,,0.00,,,US HWY 70,,,,0.00,Y,Four-Way, ,Intersection,None,,,         ,Derek,Betty,Clear,"Sideswipe, Same Direction",no,no,no,no,no,False
102630731,METROPOLITAN NASHVILLE POLICE DEPT,20200049168,Davidson,Nashville,1/21/2020 4:25:00 PM,1,1,0,36.173250,-86.802160,HEIMAN ST,,,,0.00,,,14TH AVN,,,,0.00,Y,OTHER,N,Intersection,None,,,         ,Andrew,Mullen,Clear,Not Collision with Motor Vehicle in Transport,no,no,no,no,yes,False
102630732,METROPOLITAN NASHVILLE POLICE DEPT,20200049237,Davidson,Nashville,1/21/2020 10:00:00 AM,2,0,0,36.184180,-86.797060,7TH AVN,,,,163.00,Feet,South,I65 N ENT RAMP,,,,0.00,N,Not at Intersection, ,Non-Junction,None,,,         ,Eric,McCoy,Clear,Angle,no,no,no,no,yes,False
102630750,METROPOLITAN NASHVILLE POLICE DEPT,20200048941,Davidson,Nashville,1/21/2020 3:30:00 PM,2,0,0,36.155090,-86.779680,8TH AVS,,,,170.00,Feet,West,CLARK PL,,,,0.00,N,Not at Intersection, ,,None,,,         ,Erik,Wagner,,,no,no,no,no,no,False
102630751,METROPOLITAN NASHVILLE POLICE DEPT,20200049401,Davidson,Nashville,1/21/2020 5:39:00 PM,2,0,0,36.141860,-86.652710,I 40,,,,0.00,,,,,,,217.60,N,Not at Intersection, ,Non-Junction,None,,,         ,Deandera,Payne,Clear,Front to Rear,no,no,no,no,no,False
102630759,METROPOLITAN NASHVILLE POLICE DEPT,20200049287,Davidson,Nashville,1/21/2020 5:35:00 PM,2,0,0,36.161630,-86.760470,I 24,,,,0.00,,,,,,,49.40,N,Not at Intersection, ,Non-Junction,None,,,         ,Randy,Puckett,Clear,Angle,no,no,no,no,no,False
102630760,METROPOLITAN NASHVILLE POLICE DEPT,20200049129,Davidson,Nashville,1/21/2020 3:15:00 PM,2,0,0,36.074140,-86.638320,MURFREESBORO PKE,,,,156.00,Feet,South,RURAL HILL RD,,,,0.00,N,Not at Intersection,N,Non-Junction,None,,,         ,John,Jones,Clear,"Sideswipe, Same Direction",no,no,no,no,no,False