master_record_number,agency,agency_tracking_number,county,city,collision_date,vehicles_involved,number_injured,number_dead,latitude,longitude,roadway_name,roadway_suffix,roadway_number,roadway_local_id,distance_from_reference,miles-feet_indicator,direction_from_reference,intersection_road_name,intersection_road_name_suffix,intersection_road_number,intersection_local_id,mile_marker,intersection_indicator,intersect_type,interchange_related_indicator,relation_to_junction,work_zone_type,construction_maintenance_zone,construction_maintenance_zone_location,fatal_case_number,officer_first_name,officer_last_name,weather_condition(s),manner_of_crash,pedestrian,bicycle,scooter,parking,hitrun,mou
102631411,METROPOLITAN NASHVILLE POLICE DEPT,20200051554,Davidson,Nashville,1/22/2020 12:52:00 PM,2,0,0,36.205600,-86.613690,LEBANON PKE,,,,207.00,Feet,South,MONACO DR,,,,0.00,N,Not at Intersection, ,Non-Junction,None,,,         ,Michael,Dance,Clear,Front to Rear,no,no,no,no,no,False
102631424,METROPOLITAN NASHVILLE POLICE DEPT,20200051453,Davidson,Nashville,1/22/2020 11:54:00 AM,2,1,0,36.123930,-86.781320,VAULX LN,,,,0.00,,,INVERNESS AV,,,,0.00,Y,Four-Way,N,Intersection,None,,,         ,Brent,Bauer,Cloudy,Angle,no,no,no,no,no,False
102631436,METROPOLITAN NASHVILLE POLICE DEPT,20200051527,Davidson,Nashville,1/22/2020 12:35:00 PM,2,0,0,36.088580,-86.751710,TROUSDALE DR,,,,518.00,Feet,South,GRASSMERE PK,,,,0.00,N,Not at Intersection,N,Non-Junction,None,,,         ,Natalia,Johnson,Cloudy,"Sideswipe, Opposite Direction",no,no,no,no,no,False
102631437,METROPOLITAN NASHVILLE POLICE DEPT,20200051629,Davidson,Nashville,1/22/2020 1:25:00 PM,2,0,0,36.175050,-86.805760,COCKRILL ST,,,,117.00,Feet,West,16TH AVN,,,,0.00,N,Not at Intersection,N,Non-Junction,None,,,         ,Wesley,Young,Clear,"Sideswipe, Opposite Direction",no,no,no,no,yes,False
102631440,METROPOLITAN NASHVILLE POLICE DEPT,20200051551,Davidson,Antioch,1/22/2020 12:53:00 PM,2,0,0,36.028030,-86.590120,MURFREESBORO PKE,,,,150.00,Feet,South,LAVERGNE COUCHVILLE PKE,,,,0.00,N,Not at Intersection, ,Non-Junction,None,,,         ,Patrick,Martin,Clear,Angle,no,no,no,no,no,False
102631445,METROPOLITAN NASHVILLE POLICE DEPT,20200051622,Davidson,Belle Meade,1/22/2020 1:16:00 PM,2,0,0,36.114690,-86.861560,HARDING PKE,,,,141.00,Feet,North,CLARENDON AV,,,,0.00,N,Not at Intersection, ,,None,,,         ,Curtis,Rich,,,no,no,no,no,no,False
102631449,METROPOLITAN NASHVILLE POLICE DEPT,20200051589,Davidson,Nashville,1/22/2020 1:02:00 PM,2,0,0,36.134280,-86.779500,WEDGEWOOD AV,,,,122.00,Feet,West,8TH AVS,,,,0.00,N,Not at Intersection, ,Non-Junction,None,,,         ,Brent,Bauer,Cloudy,Angle,no,no,no,no,no,False
102631472,METROPOLITAN NASHVILLE POLICE DEPT,20200051633,Davidson,Antioch,1/22/2020 1:25:00 PM,2,0,0,36.016670,-86.621010,OLD HICKORY BLVD,,,,338.00,Feet,West,FIRESTONE PKWY,,,,0.00,N,Not at Intersection,N,Non-Junction,None,,,         ,Patrick,Martin,Cloudy,Rear to Side,no,no,no,yes,no,False
102631473,METROPOLITAN NASHVILLE POLICE DEPT,2020048364,Davidson,Nashville,1/21/2020 11:02:00 AM,2,0,0,36.154270,-86.792890,16TH AVS,,,,0.00,,,BROADWAY,,,,0.00,Y,Four-Way, ,,None,,,         ,Cory,West,,,no,no,no,no,no,False
102631482,METROPOLITAN NASHVILLE POLICE DEPT,20200051653,Davidson,Nashville,1/22/2020 1:40:00 PM,2,0,0,36.051660,-86.713680,OCALA DR,,,,207.00,Feet,East,NOLENSVILLE PKE,,,,0.00,N,Not at Intersection,N,Non-Junction,None,,,         ,Gary,Sneed,Cloudy,Angle,no,no,no,no,yes,False
102631495,METROPOLITAN NASHVILLE POLICE DEPT,20200051609,Davidson,Nashville,1/22/2020 1:21:00 PM,5,1,0,36.143960,-86.722570,ELM HILL PKE,,,,0.00,,,SPENCE LN,,,,0.00,Y,Four-Way,N,Intersection-Related,None,,,         ,Tien,Nguyen,Cloudy,Front to Rear,no,no,no,no,no,False
102631497,METROPOLITAN NASHVILLE POLICE DEPT,20200051705,Davidson,Not in City Limit,1/22/2020 2:05:00 PM,2,0,0,36.308030,-86.821020,I 24,,,,0.00,,,,,,,38.00,N,Not at Intersection, ,,None,,,         ,Jordan,Vrbas,,,no,no,no,no,no,False
102631540,METROPOLITAN NASHVILLE POLICE DEPT,20200051594,Davidson,Nashville,1/22/2020 1:00:00 PM,4,2,0,36.126880,-86.763420,CRAIGHEAD ST,,,,667.00,Feet,West,WAYCROSS DR,,,,0.00,N,Not at Intersection,N,Non-Junction,None,,,         ,Melissa,Lomax,Clear,HeadOn,no,no,no,no,no,False
102631554,METROPOLITAN NASHVILLE POLICE DEPT,20200051772,Davidson,Nashville,1/22/2020 2:20:00 PM,2,0,0,36.045280,-86.628400,ASHEFORD TRC,,,,0.00,,,MT VIEW RD,,,,0.00,Y,T-Intersection, ,Non-Junction,None,,,         ,Steven,Williams,Cloudy,"Sideswipe, Same Direction",no,no,no,no,no,False
102631559,METROPOLITAN NASHVILLE POLICE DEPT,20200051608,Davidson,Nashville,1/22/2020 1:21:00 PM,2,2,0,36.118910,-86.726450,I 24,,,,0.00,,,,,,,53.00,N,Not at Intersection,N,Non-Junction,None,,,         ,Matthew,Swindell,Clear,Front to Rear,no,no,no,no,no,False
102631580,METROPOLITAN NASHVILLE POLICE DEPT,20200051842,Davidson,Nashville,1/22/2020 12:00:00 AM,2,0,0,36.234470,-86.798090,CREEKBEND DR,,,,73.00,Feet,East,BRIDGEPOINT DR,,,,0.00,N,Not at Intersection,N,Non-Junction,None,,,         ,Chase,Harriman,Unknown,"Sideswipe, Opposite Direction",no,no,no,no,yes,False
102631604,METROPOLITAN NASHVILLE POLICE DEPT,20200051881,Davidson,Nashville,1/22/2020 3:30:00 PM,2,0,0,36.249830,-86.719110,GALLATIN PKES,,,,181.00,Feet,North,E PALESTINE AV,,,,0.00,N,Not at Intersection,N,Non-Junction,None,,,         ,Christopher,Littles,Cloudy,"Sideswipe, Same Direction",no,no,no,no,no,False
102631605,METROPOLITAN NASHVILLE POLICE DEPT,20200051669,Davidson,Nashville,1/22/2020 1:50:00 PM,3,4,0,36.045130,-86.628540,MT VIEW RD,,,,70.00,Feet,South,ASHEFORD TRC,,,,0.00,N,Not at Intersection,N,Non-Junction,None,,,         ,Lee,Davis,Clear,Angle,no,no,no,no,no,False
102631632,METROPOLITAN NASHVILLE POLICE DEPT,20200051802,Davidson,Nashville,1/22/2020 3:01:00 PM,2,0,0,36.145730,-86.776990,I 65,,,,0.00,,,,,,,82.20,N,Not at Intersection, ,Non-Junction,None,,,         ,David,Snowden,Cloudy,"Sideswipe, Same Direction",no,no,no,no,no,False
102631633,METROPOLITAN NASHVILLE POLICE DEPT,20200051940,Davidson,Nashville,1/22/2020 12:00:00 AM,2,0,0,36.126650,-86.711150,US HWY 41,,,,0.00,,,THOMPSON LN,,,,0.00,Y,Four-Way, ,Intersection-Related,None,,,         ,Adam,Gartner,Cloudy,Front to Rear,no,no,no,no,no,False
102631636,METROPOLITAN NASHVILLE POLICE DEPT,20200051943,Davidson,Nashville,1/22/2020 3:54:00 PM,3,0,0,36.046830,-86.860800,OLD HICKORY BLVD,,,,598.00,Feet,East,HILLSBORO PKE,,,,0.00,N,Not at Intersection,N,Non-Junction,None,,,         ,FELIKS,ABRAHAMYAN,Clear,Angle,no,no,no,no,no,False
102631644,METROPOLITAN NASHVILLE POLICE DEPT,20200051924,Davidson,Nashville,1/22/2020 1:42:00 PM,2,0,0,36.082170,-86.651950,UNA ANTIOCH PKE,,,,0.00,Feet,,PICCADILLY ROW,,,,0.00,Y,T-Intersection, ,Intersection,None,,,         ,Joel,Bennett,Clear,Angle,no,no,no,no,no,False
102631655,METROPOLITAN NASHVILLE POLICE DEPT,20200052045,Davidson,Nashville,1/22/2020 4:15:00 PM,2,0,0,36.196450,-86.775620,I 65,,,,0.00,,,,,,,86.60,N,Not at Intersection,N,Non-Junction,None,,,         ,Chase,Harriman,Clear,Front to Rear,no,no,no,no,yes,False
102631656,METROPOLITAN NASHVILLE POLICE DEPT,20200051931,Davidson,Nashville,1/22/2020 12:00:00 AM,2,0,0,36.221200,-86.807040,PAIGE CT,,,,151.00,Feet,South,REVELS DR,,,,0.00,N,Not at Intersection, ,Non-Junction,None,,,         ,Wesley,Carver,Cloudy,Angle,no,no,no,no,yes,False
102631659,METROPOLITAN NASHVILLE POLICE DEPT,20200051767,Davidson,Nashville,1/22/2020 2:33:00 PM,2,0,0,36.150400,-86.856910,CHARLOTTE PKE,,,,142.00,Feet,East,ORLANDO AV,,,,0.00,N,Not at Intersection, ,Non-Junction,None,,,         ,Je-Marc,Sears,Clear,"Sideswipe, Same Direction",no,no,no,no,no,False
102631663,METROPOLITAN NASHVILLE POLICE DEPT,20200052034,Davidson,Nashville,1/22/2020 4:58:00 PM,2,0,0,36.208160,-86.757230,JONES AV,,,,301.00,Feet,South,JONES CIR,,,,0.00,N,Not at Intersection, ,,None,,,         ,Ethan,Usherwood,,,no,no,no,yes,no,False
102631673,METROPOLITAN NASHVILLE POLICE DEPT,20200052083,Davidson,Nashville,1/22/2020 4:20:00 PM,3,0,0,36.134890,-86.759560,NOLENSVILLE PKE,,,,0.00,Feet,North,WALSH RD,,,,0.00,N,Not at Intersection,N,Non-Junction,None,,,         ,Conor,Cronin,Clear,Front to Rear,no,no,no,no,no,False
102631676,METROPOLITAN NASHVILLE POLICE DEPT,20200052152,Davidson,Nashville,1/22/2020 4:00:00 PM,2,0,0,36.154760,-86.788220,-- UNKNOWN RAMP/ROAD --,,,,0.00,Feet,East,I 40,,,,0.00,N,Not at Intersection, ,Non-Junction,None,,,         ,Samuel,Sundra,Clear,Front to Rear,no,no,no,no,no,False
102631678,METROPOLITAN NASHVILLE POLICE DEPT,20200051858,Davidson,Nashville,1/22/2020 2:55:00 PM,2,0,0,36.161120,-86.799940,17TH AVN,,,,81.00,Feet,South,JO JOHNSTON AV,,,,0.00,N,Not at Intersection, ,Non-Junction,None,,,         ,Christopher,Augustin,Cloudy,Rear to Rear,no,no,no,yes,no,False
102631682,METROPOLITAN NASHVILLE POLICE DEPT,20200052203,Davidson,Nashville,1/22/2020 5:35:00 PM,2,1,0,36.132610,-86.726870,I24E,,,,844.00,Feet,North,I24 W EXT RAMP,,,,0.00,N,Not at Intersection,N,Non-Junction,None,,,         ,Ciarra,Rench,Clear,Front to Rear,no,no,no,no,no,False
102631688,METROPOLITAN NASHVILLE POLICE DEPT,20200052184,Davidson,Antioch,1/22/2020 5:28:00 PM,2,2,0,36.032330,-86.594960,MURFREESBORO PKE,,,,327.00,Feet,North,PARKS RETREAT DR,,,,0.00,N,Not at Intersection,N,Non-Junction,None,,,         ,Cooper,HIll,Clear,Angle,no,no,no,no,no,False
102631689,METROPOLITAN NASHVILLE POLICE DEPT,20200052048,Davidson,Nashville,1/22/2020 4:15:00 PM,2,0,0,36.192890,-86.790990,VANTAGE WAY,,,,0.00,,,GREAT CIRCLE RD,,,,0.00,Y,Four-Way, ,Intersection-Related,None,,,         ,Jonathan,Sharp,Cloudy,"Sideswipe, Same Direction",no,no,no,no,no,False
102631691,METROPOLITAN NASHVILLE POLICE DEPT,20200052181,Davidson,Nashville,1/22/2020 5:00:00 PM,2,0,0,36.181300,-86.824210,ED TEMPLE BLVD,,,,127.00,Feet,North,BUCHANAN ST,,,,0.00,N,Not at Intersection,N,Non-Junction,None,,,         ,Brian,Warstadt,Clear,Front to Rear,no,no,no,no,no,False
102631694,METROPOLITAN NASHVILLE POLICE DEPT,20200052270,Davidson,Nashville,1/22/2020 5:20:00 PM,2,0,0,36.146040,-86.777010,I40 W ENT RAMP,,,,0.00,Feet,East,I 65,,,,0.00,N,Not at Intersection, ,Non-Junction,None,,,         ,Conor,Cronin,Clear,Front to Rear,no,no,no,no,no,False
102631695,METROPOLITAN NASHVILLE POLICE DEPT,20200052208,Davidson,Nashville,1/22/2020 5:30:00 PM,2,0,0,36.157320,-86.802710,CHARLOTTE AV,,,,0.00,,,JO JOHNSTON AV,,,,0.00,Y,T-Intersection,Y,Intersection,None,,,         ,Benny,Pittman,Clear,Angle,no,no,no,no,no,False
102631696,METROPOLITAN NASHVILLE POLICE DEPT,20200052149,Davidson,Nashville,1/22/2020 4:49:00 PM,2,0,0,36.115880,-86.784800,I 440,,,,0.00,,,,,,,4.25,N,Not at Intersection,N,Non-Junction,Construction Zone,Other,Activity Area,         ,Douglas,Sykes,Clear,Front to Rear,no,no,no,no,yes,False
102631698,METROPOLITAN NASHVILLE POLICE DEPT,20200052303,Davidson,Nashville,1/22/2020 6:08:00 PM,2,0,0,36.155910,-86.789060,EXIT 209,,,,0.00,,,I 40,,,,0.00,Y,Four-Way, ,Intersection,None,,,         ,Samuel,Sundra,Clear,"Sideswipe, Same Direction",no,no,no,no,no,False
102631699,METROPOLITAN NASHVILLE POLICE DEPT,20200052305,Davidson,Nashville,1/22/2020 5:47:00 PM,2,0,0,36.169100,-86.682410,FAIRWAY DR,,,,14.00,Feet,North,LEBANON PKE,,,,0.00,N,Not at Intersection,N,Non-Junction,None,,,         ,Jason,Milyaro Lucas,Clear,Angle,no,no,no,no,no,False
102631704,METROPOLITAN NASHVILLE POLICE DEPT,20200052107,Davidson,Nashville,1/22/2020 4:51:00 PM,2,0,0,36.176800,-86.784590,2ND AVN,,,,0.00,,,MADISON ST,,,,0.00,Y,Four-Way,N,Intersection,None,,,         ,Roy,Sain Jr.,Clear,"Sideswipe, Opposite Direction",no,no,no,no,yes,False
102631706,METROPOLITAN NASHVILLE POLICE DEPT,20200052217,Davidson,Nashville,1/22/2020 5:03:00 PM,2,0,0,36.135160,-86.779020,8TH AVS,,,,320.00,Feet,North,WEDGEWOOD AV,,,,0.00,N,Not at Intersection, ,"Driveway, Alley Access, etc",None,,,         ,John,Chambers,Cloudy,Angle,no,no,no,no,no,False
102631709,METROPOLITAN NASHVILLE POLICE DEPT,20200052246,Davidson,Nashville,1/22/2020 5:53:00 PM,4,0,0,36.149110,-86.874320,I 40,,,,0.00,,,,,,,203.00,N,Not at Intersection, ,Non-Junction,None,,,         ,Je-Marc,Sears,Cloudy,Front to Rear,no,no,no,no,no,False
102631712,METROPOLITAN NASHVILLE POLICE DEPT,20200052202,Davidson,Nashville,1/22/2020 5:17:00 PM,2,0,0,36.110270,-86.773290,FRANKLIN PKE,,,,0.00,,,THOMPSON LN,,,,0.00,Y,Four-Way, ,,None,,,         ,FELIKS,ABRAHAMYAN,,,no,no,no,no,no,False
102631713,METROPOLITAN NASHVILLE POLICE DEPT,20200052287,Davidson,Nashville,1/22/2020 6:15:00 PM,2,0,0,36.141950,-86.816230,32ND AVS,,,,0.00,,,WEST END AV,,,,0.00,Y,T-Intersection, ,Intersection-Related,None,,,         ,William,Hamblen,Clear,Angle,no,no,no,no,no,Campus
102631720,METROPOLITAN NASHVILLE POLICE DEPT,20200052194,Davidson,Nashville,1/22/2020 12:00:00 AM,3,0,0,36.160690,-86.621070,I 40,,,,0.00,,,,,,,219.55,N,Not at Intersection, ,Non-Junction,None,,,         ,Adam,Gartner,Cloudy,Front to Rear,no,no,no,no,no,False
102631726,METROPOLITAN NASHVILLE POLICE DEPT,20200052240,Davidson,Not in City Limit,1/22/2020 5:56:00 PM,3,2,0,36.322670,-86.859520,I 24,,,,0.00,,,,,,,35.45,N,Not at Intersection,N,Non-Junction,None,,,         ,Brian,Woodard,Clear,Front to Rear,no,no,no,no,no,False
102631729,METROPOLITAN NASHVILLE POLICE DEPT,20200052341,Davidson,Nashville,1/22/2020 6:44:00 PM,2,0,0,36.130820,-86.788770,12TH AVS,,,,0.00,,,SOUTH DOUGLAS AV,,,,0.00,Y,T-Intersection, ,Non-Junction,None,,,         ,Brady,Reynolds,Clear,Angle,no,no,no,no,no,False
102631731,METROPOLITAN NASHVILLE POLICE DEPT,20200052417,Davidson,Nashville,1/22/2020 7:25:00 PM,2,0,0,36.121650,-86.794860,BELMONT BLVD,,,,30.00,Feet,North,KIRKWOOD AV,,,,0.00,N,Not at Intersection,N,Non-Junction,None,,,         ,Benny,Pittman,Clear,Front to Rear,no,no,no,no,no,False
102631741,METROPOLITAN NASHVILLE POLICE DEPT,20200052269,Davidson,Nashville,1/22/2020 5:07:00 PM,3,0,0,36.114060,-86.724720,JOPLIN DR,,,,430.00,Feet,North,I24 E EXT RAMP,,,,0.00,N,Not at Intersection, ,,None,,,         ,John,Walden,,,no,no,no,no,no,False
102631742,METROPOLITAN NASHVILLE POLICE DEPT,20200052260,Davidson,Nashville,1/22/2020 4:38:00 PM,2,0,0,36.111350,-86.722890,I 24,,,,0.00,,,,,,,53.60,N,Not at Intersection, ,,None,,,         ,John,Walden,,,no,no,no,no,no,False
102631743,METROPOLITAN NASHVILLE POLICE DEPT,20200052326,Davidson,Nashville,1/22/2020 6:30:00 PM,2,1,0,36.105850,-86.718410,I 24,,,,0.00,,,,,,,54.00,N,Not at Intersection,N,Non-Junction,None,,,         ,John,Walden,Clear,Front to Rear,no,no,no,no,no,False
102631745,METROPOLITAN NASHVILLE POLICE DEPT,20200052230,Davidson,Not in City Limit,1/22/2020 5:50:00 PM,2,1,0,36.258930,-86.757820,DICKERSON PKE,,,,0.00,,,VILLAGE HILLS PVTDR,,,,0.00,Y,T-Intersection,N,Non-Junction,None,,,         ,Christopher,Littles,Cloudy,Not Collision with Motor Vehicle in Transport,yes,no,no,no,yes,False
102631747,METROPOLITAN NASHVILLE POLICE DEPT,20200052290,Davidson,Nashville,1/22/2020 5:32:00 PM,2,0,0,36.041180,-86.821090,OLD HICKORY BLVD,,,,104.00,Feet,East,HICKORY SPRINGS RD,,,,0.00,N,Not at Intersection,N,Non-Junction,None,,,         ,FELIKS,ABRAHAMYAN,Clear,Front to Rear,no,no,no,no,no,False
102631749,METROPOLITAN NASHVILLE POLICE DEPT,20200052306,Davidson,Nashville,1/22/2020 5:20:00 PM,2,0,0,36.096260,-86.691090,MCGAVOCK PKE,,,,0.00,,,HARDING INDUSTRIAL DR,,,,0.00,,Not at Intersection,N,Non-Junction,None,,,         ,Andrew,Brazee,Clear,Front to Rear,no,no,no,no,no,False
102631759,METROPOLITAN NASHVILLE POLICE DEPT,20200052376,Davidson,Nashville,1/22/2020 6:36:00 PM,2,1,0,36.041140,-86.820620,OLD HICKORY BLVD,,,,104.00,Feet,East,HICKORY SPRINGS RD,,,,0.00,N,Not at Intersection,N,Non-Junction,None,,,         ,FELIKS,ABRAHAMYAN,Clear,Front to Rear,no,no,no,no,no,False
102631761,METROPOLITAN NASHVILLE POLICE DEPT,20200052323,Davidson,Nashville,1/22/2020 5:22:00 PM,2,0,0,36.141270,-86.666530,I 40,,,,0.00,,,,,,,218.00,N,Not at Intersection, ,,None,,,         ,Phillip,Burke,,,no,no,no,no,no,False
102631762,METROPOLITAN NASHVILLE POLICE DEPT,20200052238,Davidson,Nashville,1/22/2020 5:45:00 PM,3,0,0,36.104420,-86.628250,BELL RD,,,,1104.00,Feet,South,NED SHELTON RD,,,,0.00,N,Not at Intersection,N,Non-Junction,None,,,         ,William,Badger,Clear,Front to Rear,no,no,no,no,no,False
102631770,METROPOLITAN NASHVILLE POLICE DEPT,20200052482,Davidson,Nashville,1/22/2020 7:55:00 PM,2,0,0,36.153340,-86.800930,CHURCH ST,,,,35.00,Feet,West,20TH AVE N,,,,0.00,N,Not at Intersection, ,Non-Junction,None,,,         ,Samuel,Sundra,Clear,Front to Rear,no,no,no,no,no,Campus
102631771,METROPOLITAN NASHVILLE POLICE DEPT,20200052218,Davidson,Nashville,1/22/2020 5:40:00 PM,2,1,0,36.080730,-86.678540,FRANKLIN LIMESTONE RD,,,,247.00,Feet,South,MULLINS RD,,,,0.00,N,Not at Intersection,N,Non-Junction,None,,,         ,Marcus,Darden,Clear,Front to Rear,no,no,no,no,yes,False
102631772,METROPOLITAN NASHVILLE POLICE DEPT,20200052330,Davidson,Not in City Limit,1/22/2020 6:39:00 PM,2,0,0,35.997800,-86.691190,NOLENSVILLE PKE,,,,515.00,Feet,West,CONCORD RD,,,,0.00,N,Not at Intersection, ,Non-Junction,None,,,         ,Corey,Reed,Clear,Front to Rear,no,no,no,no,no,False
102631774,METROPOLITAN NASHVILLE POLICE DEPT,20200051774,Davidson,Nashville,1/22/2020 2:47:00 PM,2,1,0,36.155700,-86.629100,STEWARTS FERRY PKE,,,,12.00,Feet,West,I40 E EXT RAMP,,,,0.00,N,Not at Intersection,N,Non-Junction,None,,,         ,Noah,Moreis,Clear,"Sideswipe, Same Direction",no,no,no,no,no,False
102631775,METROPOLITAN NASHVILLE POLICE DEPT,20200052258,Davidson,Old Hickory,1/22/2020 12:00:00 AM,2,2,0,36.252610,-86.647940,OLD HICKORY BLVD,,,,0.00,Feet,,HADLEY AV,,,,0.00,Y,T-Intersection,N,Intersection-Related,None,,,         ,Noah,Moreis,Clear,HeadOn,no,no,no,no,no,False
102631780,METROPOLITAN NASHVILLE POLICE DEPT,20200052481,Davidson,Nashville,1/22/2020 7:45:00 PM,2,1,0,36.155010,-86.627110,STEWARTS FERRY PKE,,,,0.00,,,I40 E EXT RAMP,,,,0.00,Y,T-Intersection,Y,Entrance/Exit Ramp Related,None,,,         ,Joseph,Simon,Clear,Front to Rear,no,no,no,no,no,False
102631782,METROPOLITAN NASHVILLE POLICE DEPT,20200052469,Davidson,Nashville,1/22/2020 8:04:00 PM,2,0,0,36.160760,-86.793690,14TH AVN,,,,0.00,,,CHARLOTTE AV,,,,0.00,Y,Four-Way, ,Intersection-Related,None,,,         ,William,Hamblen,Clear,Angle,no,no,no,no,no,False
102631804,METROPOLITAN NASHVILLE POLICE DEPT,20200052524,Davidson,Nashville,1/22/2020 12:00:00 AM,2,0,0,36.057040,-86.676820,I 24,,,,0.00,,,,,,,58.10,N,Not at Intersection, ,,None,,,         ,Madison,Meiss,,,no,no,no,no,no,False
102631807,METROPOLITAN NASHVILLE POLICE DEPT,20200052515,Davidson,Not in City Limit,1/22/2020 8:31:00 PM,2,2,0,36.258100,-86.787330,I 24,,,,0.00,,,,,,,42.00,N,Not at Intersection,N,Non-Junction,None,,,         ,Christopher,Littles,Clear,Front to Rear,no,no,no,no,no,False
102631825,METROPOLITAN NASHVILLE POLICE DEPT,20200052527,Davidson,Nashville,1/22/2020 8:38:00 PM,2,0,0,36.072480,-86.691860,I 24,,,,0.00,,,,,,,56.75,N,Not at Intersection, ,Non-Junction,None,,,         ,Laura,Williams,Clear,Front to Rear,no,no,no,no,no,False
102631849,METROPOLITAN NASHVILLE POLICE DEPT,20200052199,Davidson,Nashville,1/22/2020 12:00:00 AM,2,0,0,36.279420,-86.873440,CLARKSVILLE PKE,,,,6.00,Feet,East,OLD HICKORY BLVD,,,,0.00,N,Not at Intersection,N,Non-Junction,None,,,         ,Wesley,Carver,Clear,Front to Rear,no,no,no,no,yes,False
102631851,METROPOLITAN NASHVILLE POLICE DEPT,20200052284,Davidson,Nashville,1/22/2020 6:14:00 PM,2,1,0,36.079130,-86.684210,CHEROKEE HILLS DR,,,,0.00,,,ANTIOCH PKE,,,,0.00,Y,Four-Way,N,Non-Junction,None,,,         ,Marcus,Darden,Clear,Angle,no,no,no,no,no,False
102631863,METROPOLITAN NASHVILLE POLICE DEPT,20200052539,Davidson,Nashville,1/22/2020 8:46:00 PM,2,0,0,36.150150,-86.857950,WHITE BRIDGE PKE,,,,0.00,,,CHARLOTTE PKE,,,,0.00,Y,Four-Way,N,Non-Junction,None,,,         ,Je-Marc,Sears,Clear,Front to Rear,no,no,no,no,no,False
102631901,METROPOLITAN NASHVILLE POLICE DEPT,20200052624,Davidson,Nashville,1/22/2020 12:00:00 AM,2,0,0,36.049980,-86.649500,BELL RD,,,,0.00,Feet,East,MT VIEW RD,,,,0.00,N,Not at Intersection,N,Non-Junction,None,,,         ,Maccio,Hightower,Clear,Angle,no,no,no,no,no,False
102631939,METROPOLITAN NASHVILLE POLICE DEPT,20200052742,Davidson,Nashville,1/22/2020 10:17:00 PM,2,0,0,36.150700,-86.767960,2ND AVS,,,,4.00,Feet,North,LAFAYETTE ST,,,,0.00,N,Not at Intersection, ,Non-Junction,None,,,         ,Daryn,Yentes,Clear,"Sideswipe, Same Direction",no,no,no,no,yes,False
102631951,METROPOLITAN NASHVILLE POLICE DEPT,20200052737,Davidson,Nashville,1/22/2020 10:35:00 PM,2,0,0,36.152120,-86.772230,LAFAYETTE ST,,,,0.00,,,ASH ST,,,,0.00,Y,Four-Way,N,Intersection,None,,,         ,Sean,Weaver,Clear,Angle,no,no,no,no,no,False
102631953,METROPOLITAN NASHVILLE POLICE DEPT,20200052724,Davidson,Nashville,1/22/2020 10:46:00 PM,2,0,0,36.173210,-86.601440,CENTRAL PKE,,,,178.00,Feet,West,BURNING TREE DR,,,,0.00,N,Not at Intersection,N,Non-Junction,None,,,         ,Jacob,West,Clear,Angle,no,no,no,no,yes,False
102631956,METROPOLITAN NASHVILLE POLICE DEPT,20200050631,Davidson,Nashville,1/22/2020 6:20:00 AM,5,1,0,36.194160,-86.776190,I 24,,,,0.00,,,,,,,46.60,N,Not at Intersection,Y,Non-Junction,None,,,         ,Jacob,Dick,Clear,Angle,no,no,no,no,no,False
102631976,METROPOLITAN NASHVILLE POLICE DEPT,20200052747,Davidson,Nashville,1/22/2020 10:55:00 PM,2,1,0,36.235580,-86.785430,I 24,,,,0.00,,,,,,,43.70,N,Not at Intersection,N,Non-Junction,None,,,         ,Coleman,McKellar,Clear,"Sideswipe, Same Direction",no,no,no,no,yes,False
102631977,METROPOLITAN NASHVILLE POLICE DEPT,20200052761,Davidson,Nashville,1/22/2020 10:01:00 PM,2,0,0,36.187760,-86.776120,I 24,,,,0.00,,,,,,,47.05,N,Not at Intersection, ,,None,,,         ,Kelcey,Bell,,,no,no,no,no,no,False
102631997,METROPOLITAN NASHVILLE POLICE DEPT,20200053291,Davidson,Not in City Limit,1/23/2020 4:12:00 AM,1,0,0,36.032430,-86.989940,HIGHWAY 100,,,,552.00,Feet,East,OLD HARDING PKE,,,,0.00,N,Not at Intersection,N,Non-Junction,None,,,         ,Timothy,Edwards,Clear,Not Collision with Motor Vehicle in Transport,no,no,no,no,no,False
102632005,METROPOLITAN NASHVILLE POLICE DEPT,20200053319,Davidson,Nashville,1/23/2020 4:00:00 AM,2,0,0,36.164770,-86.801980,HERMAN ST,,,,68.00,Feet,East,17TH AVN,,,,0.00,N,Not at Intersection,N,Non-Junction,None,,,         ,Bobby,Samuels,Clear,HeadOn,no,no,no,no,yes,False
102632038,METROPOLITAN NASHVILLE POLICE DEPT,20200053426,Davidson,Nashville,1/23/2020 5:32:00 AM,2,0,0,36.151760,-86.768630,2ND AVS,,,,0.00,Feet,,I40 W EXT RAMP,,,,0.00,Y,OTHER,N,Intersection,None,,,         ,Sean,Weaver,Clear,Angle,no,no,no,no,no,False
102632039,METROPOLITAN NASHVILLE POLICE DEPT,20200053418,Davidson,Not in City Limit,1/23/2020 5:42:00 AM,1,0,0,36.099910,-86.552320,HOBSON PKE,,,,964.00,Feet,North,COUCHVILLE PKE,,,,0.00,N,Not at Intersection,N,Non-Junction,None,,,         ,Austin,Binner,Clear,Not Collision with Motor Vehicle in Transport,no,no,no,no,no,False
102632056,METROPOLITAN NASHVILLE POLICE DEPT,20200053401,Davidson,Nashville,1/23/2020 5:31:00 AM,1,0,0,36.047550,-86.655930,HICKORY HOLLOW PKWY,,,,0.00,,,BELL RD,,,,0.00,Y,Four-Way,Y,Intersection,None,,,         ,Kevin,Breeding,Clear,Not Collision with Motor Vehicle in Transport,no,no,no,no,no,False