master_record_number,agency,agency_tracking_number,county,city,collision_date,vehicles_involved,number_injured,number_dead,latitude,longitude,roadway_name,roadway_suffix,roadway_number,roadway_local_id,distance_from_reference,miles-feet_indicator,direction_from_reference,intersection_road_name,intersection_road_name_suffix,intersection_road_number,intersection_local_id,mile_marker,intersection_indicator,intersect_type,interchange_related_indicator,relation_to_junction,work_zone_type,construction_maintenance_zone,construction_maintenance_zone_location,fatal_case_number,officer_first_name,officer_last_name,weather_condition(s),manner_of_crash,pedestrian,bicycle,scooter,parking,hitrun,mou
102632059,METROPOLITAN NASHVILLE POLICE DEPT,20200053424,Davidson,Nashville,1/23/2020 12:00:00 AM,2,0,0,36.129830,-86.727090,I 24,,,,0.00,,,,,,,51.20,N,Not at Intersection, ,Non-Junction,None,,,         ,Antoine,Maghamez,Clear,Front to Rear,no,no,no,no,no,False
102632071,METROPOLITAN NASHVILLE POLICE DEPT,20200053492,Davidson,Nashville,1/23/2020 6:42:00 AM,2,2,0,36.184490,-86.610120,ANDREW JACKSON PKWY,,,,344.00,Feet,North,OLD HICKORY BLVD,,,,0.00,N,Not at Intersection,N,Non-Junction,None,,,         ,Tien,Nguyen,Cloudy,Angle,no,no,no,no,no,False
102632072,METROPOLITAN NASHVILLE POLICE DEPT,20200053505,Davidson,Not in City Limit,1/23/2020 6:55:00 AM,2,0,0,36.085630,-86.937910,SAWYER BROWN RD,,,,452.00,Feet,South,STALLION CT,,,,0.00,N,Not at Intersection, ,Non-Junction,None,,,         ,Curtis,Rich,Cloudy,Rear to Side,no,no,no,no,no,False
102632098,METROPOLITAN NASHVILLE POLICE DEPT,20200053544,Davidson,Nashville,1/23/2020 7:15:00 AM,2,0,0,36.158730,-86.818530,28TH AVN,,,,0.00,,,CLIFTON AV,,,,0.00,Y,Four-Way,N,Intersection,None,,,         ,Wesley,Young,Clear,HeadOn,no,no,no,no,yes,False
102632099,METROPOLITAN NASHVILLE POLICE DEPT,20200053514,Davidson,Nashville,1/23/2020 6:34:00 AM,2,0,0,36.070430,-86.634590,MURFREESBORO PKE,,,,706.00,Feet,South,BELL RD,,,,0.00,N,Not at Intersection, ,,None,,,         ,Patrick,Martin,,,no,no,no,no,no,False
102632100,METROPOLITAN NASHVILLE POLICE DEPT,20200053606,Davidson,Nashville,1/23/2020 7:36:00 AM,2,0,0,36.109450,-86.769910,I 65,,,,0.00,,,,,,,79.70,N,Not at Intersection, ,,None,,,         ,Melissa,Lomax,,,no,no,no,no,no,False
102632103,METROPOLITAN NASHVILLE POLICE DEPT,20200053545,Davidson,Nashville,1/23/2020 7:02:00 AM,2,1,0,36.069910,-86.685820,HAYWOOD LN,,,,60.00,Feet,West,BAKERTOWN RD,,,,0.00,N,Not at Intersection, ,Non-Junction,None,,,         ,Stanley,Collins,Clear,Front to Rear,no,no,no,no,no,False
102632105,METROPOLITAN NASHVILLE POLICE DEPT,20200053512,Davidson,Nashville,1/23/2020 6:30:00 AM,3,0,0,36.142710,-86.682330,I 40,,,,0.00,,,,,,,215.70,N,Not at Intersection, ,Non-Junction,None,,,         ,Michael,Dance,Clear,"Sideswipe, Same Direction",no,no,no,no,no,False
102632122,METROPOLITAN NASHVILLE POLICE DEPT,20200053557,Davidson,Nashville,1/23/2020 7:07:00 AM,2,0,0,36.171370,-86.870870,BRILEY PKWY S EXT RAMP,,,,0.00,Feet,East,CENTENNIAL BLVD,,,,0.00,N,Not at Intersection,Y,Entrance/Exit Ramp Related,None,,,         ,Jack,Crouch,Cloudy,Front to Rear,no,no,no,no,no,False
102632127,METROPOLITAN NASHVILLE POLICE DEPT,20200053564,Davidson,Nashville,1/23/2020 7:20:00 AM,2,0,0,36.130300,-86.837780,HARDING PKE,,,,0.00,Feet,East,WEST END AV,,,,0.00,N,Not at Intersection, ,Non-Junction,None,,,         ,James,Wells Jr.,Clear,Front to Rear,no,no,no,no,no,False
102632131,METROPOLITAN NASHVILLE POLICE DEPT,20200053511,Davidson,Nashville,1/23/2020 6:30:00 AM,2,0,0,36.206780,-86.781010,W TRINITY LN,,,,0.00,,,SCRUGGS LN,,,,0.00,Y,T-Intersection, ,OtherLocation,None,,,         ,James,Wray,Clear,"Sideswipe, Same Direction",no,no,no,yes,yes,False
102632135,METROPOLITAN NASHVILLE POLICE DEPT,20200053721,Davidson,Nashville,1/23/2020 8:30:00 AM,1,0,0,36.027900,-86.674350,PETTUS RD,,,,508.00,Feet,West,BLUE HOLE RD,,,,0.00,N,Not at Intersection, ,,None,,,         ,Raymond,Flaherty,,,no,no,no,no,no,False
102632145,METROPOLITAN NASHVILLE POLICE DEPT,20200053621,Davidson,Nashville,1/23/2020 7:42:00 AM,2,2,0,36.094090,-86.699610,ANTIOCH PKE,,,,1424.00,Feet,North,HARDING INDUSTRIAL DR,,,,0.00,N,Not at Intersection,N,Non-Junction,None,,,         ,Charles,Wakefield,Clear,Front to Rear,no,no,no,no,no,False
102632148,METROPOLITAN NASHVILLE POLICE DEPT,20200053586,Davidson,Nashville,1/23/2020 7:29:00 AM,3,1,0,36.146780,-86.742950,I 40,,,,0.00,,,,,,,212.10,N,Not at Intersection,N,Non-Junction,None,,,         ,Michael,Dance,Cloudy,Front to Rear,no,no,no,no,yes,False
102632172,METROPOLITAN NASHVILLE POLICE DEPT,20200053845,Davidson,Nashville,1/23/2020 9:21:00 AM,2,0,0,36.084330,-86.756370,TROUSDALE DR,,,,41.00,Feet,South,LYNN DR,,,,0.00,N,Not at Intersection, ,Non-Junction,None,,,         ,Tony,Folad,Cloudy,Front to Rear,no,no,no,no,no,False
102632178,METROPOLITAN NASHVILLE POLICE DEPT,2020-0053747,Davidson,Nashville,1/23/2020 8:34:00 AM,2,0,0,36.135540,-86.797170,MAGNOLIA BLVD,,,,0.00,,,17TH AVS,,,,0.00,Y,T-Intersection,N,Intersection,None,,,         ,Po,Cheng,Cloudy,Angle,no,no,no,no,no,False
102632187,METROPOLITAN NASHVILLE POLICE DEPT,20200053808,Davidson,Nashville,1/23/2020 8:49:00 AM,3,0,0,36.142320,-86.734910,I 40,,,,0.00,,,,,,,212.80,N,Not at Intersection, ,,None,,,         ,Ralph,Harvey,,,no,no,no,no,no,False
102632205,METROPOLITAN NASHVILLE POLICE DEPT,20200053718,Davidson,Nashville,1/23/2020 8:20:00 AM,2,0,0,36.145630,-86.811150,WEST END AV,,,,101.00,Feet,East,27TH AVN,,,,0.00,N,Not at Intersection, ,"Driveway, Alley Access, etc",None,,,         ,John,Roberson,Cloudy,Angle,no,no,no,no,no,Campus
102632213,METROPOLITAN NASHVILLE POLICE DEPT,20200053903,Davidson,Nashville,1/23/2020 9:37:00 AM,2,0,0,36.072670,-86.662390,COUNTRYSIDE DR,,,,0.00,,,RADER RIDGE RD,,,,0.00,Y,T-Intersection,N,Intersection,None,,,         ,Patrick,Martin,Cloudy,Angle,no,no,no,no,no,False
102632224,METROPOLITAN NASHVILLE POLICE DEPT,20200053513,Davidson,Nashville,1/23/2020 6:42:00 AM,3,0,0,36.176030,-86.766440,SPRING ST,,,,2.00,Feet,West,ELLINGTON PKWYS,,,,0.00,N,Not at Intersection, ,Non-Junction,None,,,         ,Jamel,Griffin,Cloudy,Front to Rear,no,no,no,no,no,False
102632253,METROPOLITAN NASHVILLE POLICE DEPT,20200054173,Davidson,Nashville,1/23/2020 11:50:00 AM,2,0,0,36.188020,-86.798030,DOMINICAN DR,,,,139.00,Feet,East,ROSA L PARKS BLVD,,,,0.00,N,Not at Intersection, ,Non-Junction,None,,,         ,Wesley,Young,Cloudy,Angle,no,no,no,no,no,False
102632269,METROPOLITAN NASHVILLE POLICE DEPT,20200054211,Davidson,Nashville,1/23/2020 12:07:00 PM,2,0,0,36.184890,-86.750030,CHICAMAUGA AV,,,,0.00,,,BAILEY ST,,,,0.00,Y,Four-Way, ,Intersection,None,,,         ,Doyle,Price,Cloudy,Angle,no,no,no,no,no,False
102632270,METROPOLITAN NASHVILLE POLICE DEPT,20200053737,Davidson,Nashville,1/23/2020 8:30:00 AM,2,1,0,36.205100,-86.757360,E TRINITY LN,,,,76.00,Feet,East,JONES AV,,,,0.00,N,Not at Intersection,N,Non-Junction,None,,,         ,Jamel,Griffin,Cloudy,Front to Rear,no,no,no,no,yes,False
102632288,METROPOLITAN NASHVILLE POLICE DEPT,2020-0054067,Davidson,Nashville,1/23/2020 10:54:00 AM,1,1,0,36.161650,-86.783920,ROSA L PARKS AV,,,,0.00,Feet,,ROSA L PARKS BLVD,,,,0.00,Y,Y-Intersection,N,Intersection,None,,,         ,Harold,Wells,Cloudy,Not Collision with Motor Vehicle in Transport,yes,no,no,no,no,False
102632329,METROPOLITAN NASHVILLE POLICE DEPT,20200054195,Davidson,Nashville,1/23/2020 12:04:00 PM,2,0,0,36.215530,-86.587840,LEBANON PKE,,,,205.00,Feet,East,BIG HORN DR,,,,0.00,N,Not at Intersection, ,Non-Junction,None,,,         ,Michael,Dance,Cloudy,Front to Rear,no,no,no,no,no,False
102632334,METROPOLITAN NASHVILLE POLICE DEPT,2020-0054204,Davidson,Nashville,1/23/2020 12:02:00 PM,2,0,0,36.146970,-86.808360,25TH AVS,,,,0.00,,,WEST END AV,,,,0.00,Y,T-Intersection, ,Intersection-Related,None,,,         ,Po,Cheng,Rain,"Sideswipe, Same Direction",no,no,no,no,no,Campus
102632337,METROPOLITAN NASHVILLE POLICE DEPT,20200054111,Davidson,Nashville,1/23/2020 11:19:00 AM,2,1,0,36.115860,-86.784100,I 440,,,,0.00,,,,,,,4.30,N,Not at Intersection,N,Non-Junction,None,,,         ,Zaire,Murray,Cloudy,Front to Rear,no,no,no,no,no,False
102632366,METROPOLITAN NASHVILLE POLICE DEPT,20200053846,Davidson,Nashville,1/23/2020 8:41:00 AM,2,0,0,36.183650,-86.610660,OLD HICKORY BLVD,,,,0.00,,,ANDREW JACKSON PKWY,,,,0.00,Y,Four-Way,N,Non-Junction,None,,,         ,Joshua,Hausman,Clear,"Sideswipe, Same Direction",no,no,no,no,yes,False
102632367,METROPOLITAN NASHVILLE POLICE DEPT,20200054279,Davidson,Nashville,1/23/2020 12:45:00 PM,2,0,0,36.104980,-86.814980,HILLSBORO PKE,,,,130.00,Feet,West,RICHARD JONES RD,,,,0.00,N,Not at Intersection, ,Non-Junction,None,,,         ,Curtis,Rich,Rain,Angle,no,no,no,yes,yes,False
102632368,METROPOLITAN NASHVILLE POLICE DEPT,20200054361,Davidson,Nashville,1/23/2020 1:20:00 PM,2,0,0,36.107240,-86.719890,I 24,,,,0.00,,,,,,,53.90,N,Not at Intersection, ,Non-Junction,None,,,         ,Nicholas,Carter,Rain,Not Collision with Motor Vehicle in Transport,no,no,no,no,yes,False
102632370,METROPOLITAN NASHVILLE POLICE DEPT,20200054289,Davidson,Nashville,1/23/2020 12:47:00 PM,2,0,0,36.112340,-86.767180,THOMPSON LN,,,,48.00,Feet,South,BRANSFORD AV,,,,0.00,N,Not at Intersection, ,Non-Junction,None,,,         ,Brent,Bauer,Rain,Angle,no,no,no,no,no,False
102632380,METROPOLITAN NASHVILLE POLICE DEPT,20200054313,Davidson,Nashville,1/23/2020 12:45:00 PM,1,0,0,36.176350,-86.876250,CENTENNIAL PL,,,,389.00,Feet,North,CENTENNIAL BLVD,,,,0.00,N,Not at Intersection,N,Non-Junction,None,,,         ,Curtis,Rich,Rain,Not Collision with Motor Vehicle in Transport,no,no,no,no,no,False
102632386,METROPOLITAN NASHVILLE POLICE DEPT,20200053756,Davidson,Nashville,1/23/2020 8:06:00 AM,2,0,0,36.170330,-86.598000,I40 W EXT RAMP,,,,0.00,,,I 40,,,,0.00,Y,OTHER, ,Non-Junction,None,,,         ,Joshua,Hausman,Clear,Front to Rear,no,no,no,no,no,False
102632387,METROPOLITAN NASHVILLE POLICE DEPT,20200054369,Davidson,Nashville,1/23/2020 1:19:00 PM,2,1,0,36.071870,-86.636180,MURFREESBORO PKE,,,,0.00,,,BELL RD,,,,0.00,Y,Four-Way,N,Non-Junction,None,,,         ,Steven,Williams,Rain,Front to Rear,no,no,no,no,yes,False
102632397,METROPOLITAN NASHVILLE POLICE DEPT,20200054388,Davidson,Nashville,1/23/2020 1:26:00 PM,2,0,0,36.079490,-86.644600,EDGE O LAKE DR,,,,0.00,,,MURFREESBORO PKE,,,,0.00,Y,Four-Way, ,Intersection,None,,,         ,Lee,Davis,Rain,Front to Rear,no,no,no,no,no,False
102632399,METROPOLITAN NASHVILLE POLICE DEPT,20200054370,Davidson,Nashville,1/23/2020 1:28:00 PM,2,1,0,36.215400,-86.588510,LEBANON PKE,,,,0.00,,,BIG HORN DR,,,,0.00,Y,Four-Way,N,Intersection-Related,None,,,         ,Tien,Nguyen,Rain,Angle,no,no,no,no,yes,False
102632408,METROPOLITAN NASHVILLE POLICE DEPT,20200053708,Davidson,Nashville,1/23/2020 8:15:00 AM,3,0,0,36.025510,-86.713020,US HWY 31 ALT,,,,0.00,,,LENOX VILLAGE DR,,,,0.00,Y,Four-Way, ,Intersection,None,,,         ,Alex,Moore,Clear,Front to Rear,no,no,no,no,no,False
102632410,METROPOLITAN NASHVILLE POLICE DEPT,20200054437,Davidson,Nashville,1/23/2020 1:54:00 PM,2,0,0,36.153630,-86.788140,I 40,,,,0.00,,,,,,,209.30,N,Not at Intersection,N,Non-Junction,None,,,         ,Michael,Dance,Rain,Front to Rear,no,no,no,no,yes,False
102632425,METROPOLITAN NASHVILLE POLICE DEPT,20200054429,Davidson,Nashville,1/23/2020 1:54:00 PM,3,1,0,36.110750,-86.785840,WOODMONT BLVD,,,,504.00,Feet,East,LEALAND LN,,,,0.00,N,Not at Intersection,N,Non-Junction,None,,,         ,Brent,Bauer,Rain,Front to Rear,no,no,no,no,no,False
102632426,METROPOLITAN NASHVILLE POLICE DEPT,20200054454,Davidson,Nashville,1/23/2020 2:05:00 PM,2,0,0,36.105210,-86.776620,CALDWELL LN,,,,0.00,,,CRESTRIDGE DR,,,,0.00,Y,Four-Way, ,Intersection,None,,,         ,Melissa,Lomax,Rain,Front to Rear,no,no,no,no,no,False
102632428,BELLE MEADE POLICE DEPT,20-0021,Davidson,Belle Meade,1/23/2020 9:50:00 AM,2,0,0,36.122310,-86.851320,HILLWOOD BLVD,,,,0.00,,,LYNNWOOD BLVD,,,,0.00,Y,Four-Way, ,Intersection,None,,,         ,Charles,Williams,Cloudy,Front to Rear,no,no,no,no,no,False
102632431,METROPOLITAN NASHVILLE POLICE DEPT,20200054477,Davidson,Nashville,1/23/2020 2:30:00 PM,2,1,0,36.067410,-86.631250,MURFREESBORO PKE,,,,0.00,,,FOREST VIEW DR,,,,0.00,Y,Four-Way,N,Non-Junction,None,,,         ,Steven,Williams,Rain,Front to Rear,no,no,no,no,no,False
102632433,METROPOLITAN NASHVILLE POLICE DEPT,20200054294,Davidson,Nashville,1/23/2020 12:50:00 PM,2,0,0,36.174790,-86.751880,S 10TH ST,,,,218.00,Feet,North,FATHERLAND ST,,,,0.00,N,Not at Intersection, ,Non-Junction,None,,,         ,Sarah,Cartwright,Rain,"Sideswipe, Same Direction",no,no,no,no,no,False
102632434,METROPOLITAN NASHVILLE POLICE DEPT,20200054452,Davidson,Nashville,1/23/2020 2:05:00 PM,2,1,0,36.231670,-86.827480,BRILEY PKWYW,,,,724.00,Feet,East,BRILEY PKWYE,,,,0.00,N,Not at Intersection,N,Non-Junction,None,,,         ,Cody,Jaworski,Rain,Not Collision with Motor Vehicle in Transport,no,no,no,no,no,False
102632459,METROPOLITAN NASHVILLE POLICE DEPT,20200054511,Davidson,Nashville,1/23/2020 2:50:00 PM,2,0,0,36.115920,-86.798620,BATTLEFIELD DR,,,,0.00,,,STOKES LN,,,,0.00,Y,Four-Way,Y,Intersection,None,,,         ,Conor,Cronin,Rain,Angle,no,no,no,no,no,False
102632462,METROPOLITAN NASHVILLE POLICE DEPT,20200054495,Davidson,Not in City Limit,1/23/2020 2:09:00 PM,2,0,0,36.263900,-86.680830,RIO VISTA DR,,,,337.00,Feet,North,STATE RT 45,,,,0.00,N,Not at Intersection,N,Non-Junction,None,,,         ,Christopher,Littles,Cloudy,Front to Rear,no,no,no,no,yes,False
102632463,METROPOLITAN NASHVILLE POLICE DEPT,20200054543,Davidson,Not in City Limit,1/23/2020 3:08:00 PM,2,2,0,36.278720,-86.750630,DICKERSON PKE,,,,433.00,Feet,North,NESBITT DR,,,,0.00,N,Not at Intersection,N,Non-Junction,None,,,         ,Christopher,Littles,Rain,HeadOn,no,no,no,no,no,False
102632464,METROPOLITAN NASHVILLE POLICE DEPT,20200054315,Davidson,Nashville,1/23/2020 12:55:00 PM,2,0,0,36.164240,-86.819900,28TH AVN,,,,0.00,,,ALBION ST,,,,0.00,Y,Four-Way,N,Intersection,None,,,         ,Andy,Esqueda,Rain,Other,no,no,no,no,no,False
102632476,METROPOLITAN NASHVILLE POLICE DEPT,20200054502,Davidson,Nashville,1/23/2020 2:00:00 PM,2,0,0,36.186060,-86.775240,I 24,,,,0.00,,,,,,,47.20,N,Not at Intersection, ,Non-Junction,None,,,         ,Nicholas,Silinsky,Rain,Front to Rear,no,no,no,no,no,False
102632479,METROPOLITAN NASHVILLE POLICE DEPT,20200054548,Davidson,Nashville,1/22/2020 3:00:00 PM,2,0,0,36.132180,-86.740300,TPS COMPLEX PVTDR,,,,0.00,Feet,East,FOSTER AV,,,,0.00,N,Not at Intersection,N,Non-Junction,None,,,         ,Edward,Starke,Clear,"Sideswipe, Opposite Direction",no,no,no,yes,yes,False
102632487,METROPOLITAN NASHVILLE POLICE DEPT,20200052103,Davidson,Nashville,1/22/2020 4:57:00 PM,2,0,0,36.170000,-86.784590,5TH AVN,,,,67.00,Feet,South,HARRISON ST,,,,0.00,N,Not at Intersection, ,Non-Junction,None,,,         ,Erik,Wagner,Clear,Front to Rear,no,no,no,no,no,False
102632496,METROPOLITAN NASHVILLE POLICE DEPT,20200054507,Davidson,Nashville,1/23/2020 2:40:00 PM,2,0,0,36.150230,-86.785080,I 40,,,,0.00,,,,,,,209.50,N,Not at Intersection, ,,None,,,         ,FELIKS,ABRAHAMYAN,,,no,no,no,no,no,False
102632503,METROPOLITAN NASHVILLE POLICE DEPT,2020051368,Davidson,Nashville,1/22/2020 11:35:00 AM,2,0,0,36.170400,-86.768450,INTERSTATE DR,,,,0.00,,,WOODLAND ST,,,,0.00,Y,T-Intersection,N,Intersection,None,,,         ,Cory,West,Clear,Angle,no,no,no,no,no,False
102632505,METROPOLITAN NASHVILLE POLICE DEPT,20200054603,Davidson,Nashville,1/23/2020 3:30:00 PM,2,1,0,36.136940,-86.778820,8TH AVS,,,,196.00,Feet,North,EAST ARGYLE AV,,,,0.00,N,Not at Intersection,N,Non-Junction,None,,,         ,FELIKS,ABRAHAMYAN,Rain,Angle,no,no,no,no,no,False
102632510,METROPOLITAN NASHVILLE POLICE DEPT,20200054677,Davidson,Nashville,1/23/2020 4:00:00 PM,2,0,0,36.181350,-86.677870,MCGAVOCK PKE,,,,137.00,Feet,South,WINDEMERE DR,,,,0.00,N,Not at Intersection, ,,None,,,         ,Douglas,Mann,,,no,no,no,no,no,False
102632511,METROPOLITAN NASHVILLE POLICE DEPT,20200054542,Davidson,Nashville,1/23/2020 3:07:00 PM,3,3,0,36.212580,-86.607100,RACHELS LN,,,,0.00,,,LEBANON PKE,,,,0.00,Y,OTHER,N,Non-Junction,None,,,         ,Jeffrey,Mullins,Rain,Front to Rear,no,no,no,no,no,False
102632521,METROPOLITAN NASHVILLE POLICE DEPT,20200054699,Davidson,Nashville,1/23/2020 3:30:00 PM,2,0,0,36.040660,-86.742870,EDMONDSON PKE,,,,0.00,,,,,,,0.00,,,N,OtherLocation,None,,,         ,Jacob,Robbins,Rain,"Sideswipe, Same Direction",no,no,no,yes,yes,False
102632522,METROPOLITAN NASHVILLE POLICE DEPT,20200054652,Davidson,Nashville,1/23/2020 4:00:00 PM,2,0,0,36.148030,-86.663900,PATRIOT WAY,,,,3.00,Feet,North,ELM HILL PKE,,,,0.00,N,Not at Intersection,N,Non-Junction,None,,,         ,Evan,Grace,Rain,Angle,no,no,no,no,no,False
102632526,METROPOLITAN NASHVILLE POLICE DEPT,20200054723,Davidson,Nashville,1/23/2020 4:19:00 PM,2,0,0,36.086610,-86.729930,NOLENSVILLE PKE,,,,131.00,Feet,South,ELYSIAN FIELDS CT,,,,0.00,N,Not at Intersection, ,Non-Junction,None,,,         ,Katelin,Ehrhardt,Rain,Front to Rear,no,no,no,no,no,False
102632527,METROPOLITAN NASHVILLE POLICE DEPT,20200054802,Davidson,Nashville,1/23/2020 12:00:00 AM,2,1,0,36.052290,-86.644840,BELL RD,,,,37.00,Feet,North,EAGLE VIEW BLVD,,,,0.00,N,Not at Intersection,N,Non-Junction,None,,,         ,Madison,Meiss,Rain,Front to Rear,no,no,no,no,yes,False
102632528,METROPOLITAN NASHVILLE POLICE DEPT,20200054520,Davidson,Nashville,1/23/2020 2:39:00 PM,2,0,0,36.073270,-86.920650,OLD HICKORY BLVD,,,,48.00,Feet,North,BELLEVUE VALLEY PLAZA PVTDR,,,,0.00,N,Not at Intersection, ,Non-Junction,None,,,         ,Lawrence,Whited,Rain,Angle,no,no,no,no,no,False
102632532,METROPOLITAN NASHVILLE POLICE DEPT,20200054772,Davidson,Nashville,1/23/2020 4:11:00 PM,2,0,0,36.171280,-86.601670,OLD HICKORY BLVD,,,,168.00,Feet,North,I40 W EXT RAMP,,,,0.00,N,Not at Intersection, ,,None,,,         ,Terence,Mitchell,,,no,no,no,no,no,False
102632534,METROPOLITAN NASHVILLE POLICE DEPT,20200054660,Davidson,Nashville,1/23/2020 3:40:00 PM,2,0,0,36.148370,-86.792200,MUSIC SQ E,,,,0.00,,,SOUTH ST,,,,0.00,Y,T-Intersection, ,Intersection,None,,,         ,Zachary,Plese,Rain,Angle,no,no,no,no,no,False
102632536,METROPOLITAN NASHVILLE POLICE DEPT,20200054829,Davidson,Nashville,1/23/2020 5:09:00 PM,2,0,0,36.161210,-86.784720,CHURCH ST,,,,67.00,Feet,West,9TH AVN,,,,0.00,N,Not at Intersection, ,Non-Junction,None,,,         ,Gabriel,Vasquez,Rain,Front to Rear,no,no,no,no,no,False
102632542,METROPOLITAN NASHVILLE POLICE DEPT,20200054846,Davidson,Nashville,1/23/2020 5:14:00 PM,2,0,0,36.121720,-86.794850,BELMONT BLVD,,,,55.00,Feet,North,KIRKWOOD AV,,,,0.00,N,Not at Intersection, ,,None,,,         ,FELIKS,ABRAHAMYAN,,,no,no,no,no,no,False
102632548,METROPOLITAN NASHVILLE POLICE DEPT,20200054862,Davidson,Nashville,1/23/2020 5:18:00 PM,2,1,0,36.125210,-86.905510,I 40,,,,0.00,,,,,,,200.55,N,Not at Intersection,N,Non-Junction,None,,,         ,Jeremy,Huffine,Rain,Not Collision with Motor Vehicle in Transport,no,no,no,no,no,False
102632550,METROPOLITAN NASHVILLE POLICE DEPT,20200054783,Davidson,Nashville,1/23/2020 4:45:00 PM,2,0,0,36.153430,-86.779390,PALMER PL,,,,0.00,,,US HWY 31,,,,0.00,Y,T-Intersection,N,Intersection,None,,,         ,Derek,Betty,Rain,Angle,no,no,no,no,no,False
102632551,METROPOLITAN NASHVILLE POLICE DEPT,20200054892,Davidson,Nashville,1/23/2020 5:34:00 PM,2,1,0,36.153300,-86.772180,4TH AVS,,,,0.00,,,ELM ST,,,,0.00,Y,Four-Way,N,Intersection,None,,,         ,James,Hill,Rain,Angle,no,no,no,no,yes,False
102632553,METROPOLITAN NASHVILLE POLICE DEPT,20200054240,Davidson,Nashville,1/23/2020 12:24:00 PM,4,4,0,36.156010,-86.788850,BROADWAY,,,,0.00,,,I40 W ENT RAMP,,,,0.00,Y,Four-Way,N,Intersection,None,,,         ,Frank,Campbell,Rain,Angle,no,no,no,no,no,False
102632554,METROPOLITAN NASHVILLE POLICE DEPT,20200054806,Davidson,Nashville,1/23/2020 4:55:00 PM,2,0,0,36.161640,-86.819240,28TH AVN,,,,0.00,,,HERMAN ST,,,,0.00,Y,T-Intersection,Y,Intersection-Related,None,,,         ,Chase,Harriman,Rain,Front to Rear,no,no,no,no,no,False
102632555,METROPOLITAN NASHVILLE POLICE DEPT,20200054833,Davidson,Nashville,1/23/2020 4:52:00 PM,2,0,0,36.089010,-86.830270,US HWY 431,,,,154.00,Feet,North,STANFORD DR,,,,0.00,N,Not at Intersection, ,,None,,,         ,Nicholas,Carroll,,,no,no,no,no,no,False
102632556,METROPOLITAN NASHVILLE POLICE DEPT,20200054782,Davidson,Nashville,1/23/2020 4:30:00 PM,2,0,0,36.149050,-86.774180,I 40,,,,0.00,,,,,,,210.15,N,Not at Intersection, ,,None,,,         ,John,Chambers,,,no,no,no,no,no,False
102632557,METROPOLITAN NASHVILLE POLICE DEPT,20200054921,Davidson,Nashville,1/23/2020 5:20:00 PM,2,0,0,36.098700,-86.739000,NOLENSVILLE PKE,,,,36.00,Feet,South,RAYMOND ST,,,,0.00,N,Not at Intersection, ,Non-Junction,None,,,         ,Timothy,Ward,Rain,"Sideswipe, Opposite Direction",no,no,no,no,no,False
102632558,METROPOLITAN NASHVILLE POLICE DEPT,2020052029,Davidson,Nashville,1/22/2020 4:23:00 PM,2,0,0,36.150860,-86.779240,8TH AVS,,,,0.00,,,FOGG ST,,,,0.00,Y,T-Intersection,N,Intersection,None,,,         ,Michael,Douglas,Cloudy,Angle,no,no,no,no,no,False
102632561,METROPOLITAN NASHVILLE POLICE DEPT,20200054945,Davidson,Nashville,1/23/2020 5:48:00 PM,2,0,0,36.182280,-86.731610,SHADY LN,,,,0.00,,,EASTLAND AV,,,,0.00,Y,T-Intersection, ,Intersection-Related,None,,,         ,Wayne,Helm,Rain,Front to Rear,no,no,no,no,no,False
102632562,METROPOLITAN NASHVILLE POLICE DEPT,20200054589,Davidson,Nashville,1/23/2020 2:40:00 PM,2,1,0,36.222370,-86.761430,DICKERSON PKE,,,,255.00,Feet,North,HART LN,,,,0.00,N,Not at Intersection,N,Non-Junction,None,,,         ,Ty,Cummings,Rain,"Sideswipe, Opposite Direction",yes,no,no,yes,yes,False
102632563,METROPOLITAN NASHVILLE POLICE DEPT,20200054834,Davidson,Nashville,1/23/2020 4:55:00 PM,2,0,0,36.156760,-86.781120,DEMONBREUN ST,,,,92.00,Feet,West,8TH AVS,,,,0.00,N,Not at Intersection,N,Non-Junction,None,,,         ,Alexander,Hartle,Rain,Angle,no,no,no,no,no,False
102632569,METROPOLITAN NASHVILLE POLICE DEPT,20200054909,Davidson,Nashville,1/23/2020 5:20:00 PM,2,0,0,36.139680,-86.748160,ENOS REED DR,,,,30.00,Feet,East,PARRIS AV,,,,0.00,N,Not at Intersection, ,Non-Junction,None,,,         ,Eric,Laury,Rain,Angle,no,no,no,no,no,False
102632571,METROPOLITAN NASHVILLE POLICE DEPT,20200054920,Davidson,Nashville,1/23/2020 5:50:00 PM,2,0,0,36.207860,-86.858880,STATE HWY 12,,,,280.00,Feet,West,DRAKES BRANCH RD,,,,0.00,N,Not at Intersection, ,Non-Junction,None,,,         ,Trevor,Jones,Rain,Front to Rear,no,no,no,no,no,False
102632572,METROPOLITAN NASHVILLE POLICE DEPT,20200054659,Davidson,Nashville,1/23/2020 3:45:00 PM,2,1,0,36.125500,-86.700290,GOODBAR DR,,,,0.00,,,KERMIT DR,,,,0.00,Y,Four-Way,Y,Intersection,None,,,         ,William,Badger,Rain,Angle,no,no,no,no,no,False
102632576,METROPOLITAN NASHVILLE POLICE DEPT,20200054886,Davidson,Nashville,1/23/2020 5:16:00 PM,2,2,0,36.092770,-86.840180,HARDING PL,,,,132.00,Feet,West,ESTES RD,,,,0.00,N,Not at Intersection,N,Non-Junction,None,,,         ,Andrew,Mullen,Rain,Front to Rear,no,no,no,no,no,False