master_record_number,agency,agency_tracking_number,county,city,collision_date,vehicles_involved,number_injured,number_dead,latitude,longitude,roadway_name,roadway_suffix,roadway_number,roadway_local_id,distance_from_reference,miles-feet_indicator,direction_from_reference,intersection_road_name,intersection_road_name_suffix,intersection_road_number,intersection_local_id,mile_marker,intersection_indicator,intersect_type,interchange_related_indicator,relation_to_junction,work_zone_type,construction_maintenance_zone,construction_maintenance_zone_location,fatal_case_number,officer_first_name,officer_last_name,weather_condition(s),manner_of_crash,pedestrian,bicycle,scooter,parking,hitrun,mou
102635308,METROPOLITAN NASHVILLE POLICE DEPT,20200061899,Davidson,Nashville,1/26/2020 4:31:00 PM,2,0,0,36.054920,-86.636620,ZELIDA AV,,,,16.00,Feet,West,HAMILTON CHURCH RD,,,,0.00,N,Not at Intersection,N,Non-Junction,None,,,         ,Brandon,Simpkins,Clear,Angle,no,no,no,no,yes,False
102635311,METROPOLITAN NASHVILLE POLICE DEPT,20200061927,Davidson,Nashville,1/26/2020 3:45:00 PM,2,0,0,36.215120,-86.597300,LEBANON PKE,,,,108.00,Feet,East,ANDREW JACKSON PKWY,,,,0.00,N,Not at Intersection, ,,None,,,         ,Heather,Fox,,,no,no,no,no,no,False
102635322,METROPOLITAN NASHVILLE POLICE DEPT,20200061949,Davidson,Antioch,1/26/2020 4:45:00 PM,2,0,0,36.045700,-86.594130,POST OAK DR,,,,72.00,Feet,North,LAUREL OAK DR,,,,0.00,N,Not at Intersection,N,Non-Junction,None,,,         ,Timothy,Ward,Clear,"Sideswipe, Opposite Direction",no,no,no,no,yes,False
102635328,METROPOLITAN NASHVILLE POLICE DEPT,20200061892,Davidson,Nashville,1/26/2020 4:50:00 PM,2,0,0,36.157930,-86.791610,I40 E ENT RAMP,,,,0.00,,,I 40,,,,0.00,Y,Four-Way,Y,Intersection-Related,None,,,         ,William,Hamblen,Clear,Angle,no,no,no,no,no,False
102635330,METROPOLITAN NASHVILLE POLICE DEPT,20200062000,Davidson,Nashville,1/26/2020 5:55:00 PM,1,0,0,36.053960,-86.898800,STATE HWY 254,,,,0.00,,,VAUGHN RD,,,,0.00,Y,T-Intersection, ,Intersection-Related,None,,,         ,Hillary,Sherman,Clear,Not Collision with Motor Vehicle in Transport,no,no,no,no,no,False
102635331,METROPOLITAN NASHVILLE POLICE DEPT,20200061997,Davidson,Nashville,1/26/2020 5:32:00 PM,2,0,0,36.199000,-86.620150,LEBANON PKE WB EXT RAMP,,,,0.00,Feet,East,OLD HICKORY BLVD,,,,0.00,N,Not at Intersection, ,,None,,,         ,Douglas,Mann,,,no,no,no,no,no,False
102635335,METROPOLITAN NASHVILLE POLICE DEPT,20200062015,Davidson,Nashville,1/26/2020 6:08:00 PM,2,0,0,36.160930,-86.844180,TENNESSEE AV,,,,295.00,Feet,East,48TH AVN,,,,0.00,N,Not at Intersection,N,Non-Junction,None,,,         ,Devonte,Coleman,Clear,Angle,no,no,no,no,yes,False
102635338,METROPOLITAN NASHVILLE POLICE DEPT,20200061987,Davidson,Nashville,1/26/2020 5:47:00 PM,2,0,0,36.188510,-86.776160,I 24,,,,0.00,,,,,,,47.00,N,Not at Intersection, ,Non-Junction,None,,,         ,Gabriel,Vasquez,Clear,Angle,no,no,no,no,no,False
102635339,METROPOLITAN NASHVILLE POLICE DEPT,20200062028,Davidson,Nashville,1/26/2020 6:14:00 PM,2,1,0,36.156010,-86.788850,BROADWAY,,,,0.00,,,I40 W ENT RAMP,,,,0.00,Y,OTHER,N,Intersection,None,,,         ,Gabriel,Vasquez,Clear,Angle,no,no,no,no,yes,False
102635364,METROPOLITAN NASHVILLE POLICE DEPT,20200061952,Davidson,Nashville,1/26/2020 12:00:00 AM,2,0,0,36.206040,-86.792850,YOUNGS LN,,,,520.00,Feet,West,BAPTIST WORLD CENTER DR,,,,0.00,N,Not at Intersection, ,Non-Junction,None,,,         ,Wesley,Carver,Cloudy,Angle,no,no,no,no,yes,False
102635366,METROPOLITAN NASHVILLE POLICE DEPT,20200062093,Davidson,Nashville,1/26/2020 7:05:00 PM,2,1,0,36.173170,-86.601380,CENTRAL PKE,,,,157.00,Feet,West,BURNING TREE DR,,,,0.00,N,Not at Intersection,N,Non-Junction,None,,,         ,Heather,Fox,Clear,Angle,no,no,no,no,yes,False
102635420,METROPOLITAN NASHVILLE POLICE DEPT,20200062188,Davidson,Not in City Limit,1/26/2020 8:15:00 PM,1,1,0,36.004230,-86.626670,OLD HICKORY BLVD,,,,1.00,Feet,West,BATTLE RD,,,,0.00,N,Not at Intersection,N,Non-Junction,None,,,         ,Dalton,Crum,Rain,Not Collision with Motor Vehicle in Transport,no,no,no,no,no,False
102635421,METROPOLITAN NASHVILLE POLICE DEPT,20200061834,Davidson,Nashville,1/26/2020 4:03:00 PM,2,1,0,36.203190,-86.689850,OPRY MILLS DR,,,,517.00,Feet,West,BRILEY PKWYS,,,,0.00,N,Not at Intersection,N,Non-Junction,None,,,         ,Zachariah,Bush,Cloudy,Angle,no,no,no,yes,no,False
102635437,METROPOLITAN NASHVILLE POLICE DEPT,20200062122,Davidson,Nashville,1/26/2020 6:55:00 PM,2,0,0,36.142200,-86.666600,I40 W EXT RAMP,,,,0.00,Feet,,I 40,,,,0.00,Y,Four-Way,Y,Intersection-Related,None,,,         ,Douglas,Mann,Clear,Angle,no,no,no,no,no,False
102635443,METROPOLITAN NASHVILLE POLICE DEPT,20200062150,Davidson,Nashville,1/26/2020 7:43:00 PM,1,0,0,36.060710,-86.727520,CHERRYWOOD DR,,,,476.00,Feet,South,SOUTHCREST DR,,,,0.00,N,Not at Intersection,N,Non-Junction,None,,,         ,Samuel,Sundra,Clear,Not Collision with Motor Vehicle in Transport,no,no,no,no,no,False
102635485,METROPOLITAN NASHVILLE POLICE DEPT,20200062247,Davidson,Nashville,1/26/2020 8:55:00 PM,2,0,0,36.125870,-86.752590,NOLENSVILLE PKE,,,,3.00,Feet,North,GLENROSE AV,,,,0.00,N,Not at Intersection,N,Non-Junction,None,,,         ,Eric,Laury,Clear,Front to Rear,no,no,no,no,no,False
102635506,METROPOLITAN NASHVILLE POLICE DEPT,20200062168,Davidson,Nashville,1/26/2020 6:40:00 PM,2,0,0,36.187770,-86.606070,OLD LEBANON DIRT RD,,,,119.00,Feet,West,BRET RIDGE DR,,,,0.00,N,Not at Intersection,N,Non-Junction,None,,,         ,Destiny,Zunic,Unknown,Angle,no,no,no,no,yes,False
102635535,METROPOLITAN NASHVILLE POLICE DEPT,20200061865,Davidson,Nashville,1/26/2020 3:50:00 PM,3,0,0,36.158170,-86.631280,COUNTRY WOOD CIR,,,,167.00,Feet,West,EXIT 219,,,,0.00,N,Not at Intersection,N,Non-Junction,None,,,         ,Michael,Fox,Clear,"Sideswipe, Same Direction",no,no,no,yes,yes,False
102635539,METROPOLITAN NASHVILLE POLICE DEPT,20200062345,Davidson,Nashville,1/26/2020 10:49:00 PM,2,0,0,36.077460,-86.766520,I 65,,,,0.00,,,,,,,77.50,N,Not at Intersection,N,Non-Junction,None,,,         ,Tony,Mingsing,Rain,Angle,no,no,no,no,yes,False
102635541,METROPOLITAN NASHVILLE POLICE DEPT,20200062353,Davidson,Nashville,1/26/2020 10:50:00 PM,2,0,0,36.160760,-86.793690,14TH AVN,,,,0.00,,,CHARLOTTE AV,,,,0.00,Y,Four-Way, ,,None,,,         ,Taylor,Hurley,,,no,no,no,no,no,False
102635590,METROPOLITAN NASHVILLE POLICE DEPT,20200062399,Davidson,Nashville,1/26/2020 12:00:00 AM,1,0,0,36.204020,-86.818620,W TRINITY LN,,,,708.00,Feet,East,YOUNGS LN,,,,0.00,N,Not at Intersection,N,Non-Junction,None,,,         ,Joshua,Asbell,Rain,Not Collision with Motor Vehicle in Transport,no,no,no,no,no,False
102635591,METROPOLITAN NASHVILLE POLICE DEPT,20200062448,Davidson,Nashville,1/27/2020 12:01:00 AM,2,0,0,36.192670,-86.778040,I 65,,,,0.00,,,,,,,86.45,N,Not at Intersection, ,Non-Junction,None,,,         ,Jacob,Dick,Rain,"Sideswipe, Same Direction",no,no,no,no,no,False
102635605,METROPOLITAN NASHVILLE POLICE DEPT,20200062396,Davidson,Nashville,1/26/2020 9:25:00 PM,2,1,0,36.144070,-86.738820,I 40,,,,0.00,,,,,,,212.40,N,Not at Intersection,N,Non-Junction,None,,,         ,Meghan,Pope,Rain,"Sideswipe, Same Direction",no,no,no,no,no,False
102635610,METROPOLITAN NASHVILLE POLICE DEPT,20200062715,Davidson,Nashville,1/27/2020 3:26:00 AM,1,0,0,36.234190,-86.758480,DICKERSON PKE,,,,334.00,Feet,South,HOMESTEAD RD,,,,0.00,N,Not at Intersection,N,Non-Junction,None,,,         ,Lindsey,Anderson,Rain,Not Collision with Motor Vehicle in Transport,no,no,no,no,yes,False
102635624,METROPOLITAN NASHVILLE POLICE DEPT,20200062700,Davidson,Nashville,1/27/2020 12:00:00 AM,2,1,0,36.138990,-86.727030,I 24,,,,0.00,,,,,,,52.45,N,Not at Intersection,N,Non-Junction,None,,,         ,Antoine,Maghamez,Rain,"Sideswipe, Same Direction",no,no,no,no,yes,False
102635627,METROPOLITAN NASHVILLE POLICE DEPT,20200062657,Davidson,Antioch,1/27/2020 2:40:00 AM,2,0,0,36.066100,-86.599220,TRU LONG DR,,,,133.00,Feet,North,TRU LONG CT,,,,0.00,N,Not at Intersection,N,Non-Junction,None,,,         ,Holly,Davis,Rain,Angle,no,no,no,no,yes,False
102635633,METROPOLITAN NASHVILLE POLICE DEPT,20200062772,Davidson,Nashville,1/27/2020 4:23:00 AM,2,0,0,36.148730,-86.745940,I 40,,,,0.00,,,,,,,211.85,N,Not at Intersection,N,Non-Junction,None,,,         ,Meghan,Pope,Rain,Angle,no,no,no,no,no,False
102635643,METROPOLITAN NASHVILLE POLICE DEPT,20200062805,Davidson,Nashville,1/27/2020 5:04:00 AM,2,0,0,36.140660,-86.732070,I 40,,,,0.00,,,,,,,213.00,N,Not at Intersection, ,Non-Junction,None,,,         ,Jason,Kedzierski,Rain,Front to Rear,no,no,no,no,yes,False
102635648,METROPOLITAN NASHVILLE POLICE DEPT,20200062689,Davidson,Nashville,1/27/2020 12:00:00 AM,1,0,0,36.110860,-86.730770,MASHBURN RD,,,,105.00,Feet,South,ENNIS RD,,,,0.00,N,Not at Intersection,N,Non-Junction,None,,,         ,Antoine,Maghamez,Rain,Not Collision with Motor Vehicle in Transport,no,no,no,no,no,False
102635650,METROPOLITAN NASHVILLE POLICE DEPT,20200062755,Davidson,Nashville,1/27/2020 2:45:00 AM,5,0,0,36.073600,-86.689610,BAKERTOWN RD,,,,157.00,Feet,South,RADER DR,,,,0.00,N,Not at Intersection,N,Non-Junction,None,,,         ,Douglas,Meringer,Rain,Angle,no,no,no,yes,no,False
102635664,METROPOLITAN NASHVILLE POLICE DEPT,20200062838,Davidson,Nashville,1/27/2020 5:33:00 AM,1,1,0,36.192130,-86.779710,I65 S ENT RAMP,,,,0.00,Feet,East,I 65,,,,0.00,N,Not at Intersection,N,Non-Junction,None,,,         ,Dakota,Vermillion,Rain,Not Collision with Motor Vehicle in Transport,no,no,no,no,no,False
102635666,METROPOLITAN NASHVILLE POLICE DEPT,20200062851,Davidson,Nashville,1/27/2020 5:37:00 AM,2,0,0,36.192140,-86.779600,I65 S ENT RAMP,,,,0.00,Feet,East,I 65,,,,0.00,N,Not at Intersection,N,Entrance/Exit Ramp Related,None,,,         ,Jacob,Dick,Rain,Front to Rear,no,no,no,no,no,False
102635678,METROPOLITAN NASHVILLE POLICE DEPT,20200062915,Davidson,Nashville,1/27/2020 6:35:00 AM,2,0,0,36.155950,-86.824250,I40 E EXT RAMP,,,,0.00,Feet,East,I 40,,,,0.00,N,Not at Intersection,Y,Entrance/Exit Ramp Related,Construction Zone,,,         ,Curtis,Rich,Rain,Angle,no,no,no,no,no,False
102635680,METROPOLITAN NASHVILLE POLICE DEPT,20200062924,Davidson,Nashville,1/27/2020 6:34:00 AM,2,0,0,36.070980,-86.635200,MURFREESBORO PKE,,,,435.00,Feet,South,BELL RD,,,,0.00,N,Not at Intersection, ,Non-Junction,None,,,         ,Patrick,Martin,Cloudy,Angle,no,no,no,no,no,False
102635685,METROPOLITAN NASHVILLE POLICE DEPT,20200062936,Davidson,Nashville,1/27/2020 6:50:00 AM,2,1,0,36.111080,-86.754470,THOMPSON LN,,,,0.00,,,EUGENIA AV,,,,0.00,Y,Four-Way,Y,Intersection,None,,,         ,Melissa,Lomax,Rain,HeadOn,no,no,no,no,yes,False
102635707,METROPOLITAN NASHVILLE POLICE DEPT,20200062997,Davidson,Not in City Limit,1/27/2020 7:00:00 AM,2,0,0,36.007940,-86.665880,OLD HICKORY BLVD,,,,0.00,Feet,,PETTUS RD,,,,0.00,Y,T-Intersection,N,Intersection,None,,,         ,Thomas,White,Clear,Front to Rear,no,no,no,no,no,False
102635708,METROPOLITAN NASHVILLE POLICE DEPT,20200062923,Davidson,Nashville,1/27/2020 6:05:00 AM,2,1,0,36.160250,-86.782960,ROSA L PARKS BLVD,,,,0.00,,,COMMERCE ST,,,,0.00,Y,Four-Way,N,Intersection-Related,None,,,         ,Charles,Coe,Rain,"Sideswipe, Same Direction",no,no,no,no,no,False
102635710,METROPOLITAN NASHVILLE POLICE DEPT,20200063043,Davidson,Nashville,1/27/2020 7:30:00 AM,2,0,0,36.150640,-86.825870,ELKINS AV,,,,0.00,,,35TH AVN,,,,0.00,Y,T-Intersection,N,Intersection,None,,,         ,Curtis,Rich,Rain,HeadOn,no,no,no,no,no,False
102635730,METROPOLITAN NASHVILLE POLICE DEPT,20200062944,Davidson,Nashville,1/27/2020 6:59:00 AM,2,1,0,36.238120,-86.783030,BRILEY PKWYE,,,,0.00,,,I24 W EXT RAMP,,,,0.00,Y,OTHER,Y,Entrance/Exit Ramp Related,None,,,         ,Ruben,Mariano,Rain,Angle,no,no,no,no,no,False
102635732,METROPOLITAN NASHVILLE POLICE DEPT,20200062988,Davidson,Nashville,1/27/2020 7:15:00 AM,2,0,0,36.152230,-86.841040,CHARLOTTE AV,,,,38.00,Feet,West,45TH AVN,,,,0.00,N,Not at Intersection, ,,None,,,         ,Brian,Myatt,,,no,no,no,no,no,False
102635754,METROPOLITAN NASHVILLE POLICE DEPT,20200063093,Davidson,Nashville,1/27/2020 8:12:00 AM,3,0,0,36.248990,-86.741990,I 65,,,,0.00,,,,,,,91.10,N,Not at Intersection, ,Non-Junction,None,,,         ,Ricki,Armstrong,Rain,Front to Rear,no,no,no,no,no,False
102635758,METROPOLITAN NASHVILLE POLICE DEPT,20200063031,Davidson,Nashville,1/27/2020 7:30:00 AM,2,0,0,36.158880,-86.797990,CHARLOTTE AV,,,,59.00,Feet,East,17TH AVN,,,,0.00,N,Not at Intersection, ,Non-Junction,None,,,         ,Alec,Pellissier,Cloudy,Front to Rear,no,no,no,no,no,False
102635765,GOODLETTSVILLE POLICE DEPT,20-03136,Davidson,Goodlettsville,1/27/2020 8:00:00 AM,2,0,0,36.305190,-86.718860,DICKERSON PKES,,,,4.00,Feet,South,MOSS TRL,,,,0.00,N,Not at Intersection,N,Non-Junction,Maintenance Zone,Work On Shoulder Or Median,Before First Warning Area,         ,George,Forbes,Cloudy,Angle,no,no,no,no,no,False
102635773,METROPOLITAN NASHVILLE POLICE DEPT,20200063138,Davidson,Nashville,1/27/2020 8:35:00 AM,3,0,0,36.044810,-86.668920,BELL RD,,,,208.00,Feet,East,BEECHWOOD TER,,,,0.00,N,Not at Intersection, ,Non-Junction,None,,,         ,Jason,Hees,Rain,Front to Rear,no,no,no,no,no,False
102635775,METROPOLITAN NASHVILLE POLICE DEPT,20200063047,Davidson,Nashville,1/27/2020 7:36:00 AM,2,0,0,36.160250,-86.782960,COMMERCE ST,,,,0.00,,,ROSA L PARKS BLVD,,,,0.00,Y,Four-Way,N,Intersection,None,,,         ,Frank,Campbell,Cloudy,Angle,no,no,no,no,no,False
102635778,METROPOLITAN NASHVILLE POLICE DEPT,20200062911,Davidson,Nashville,1/27/2020 6:37:00 AM,2,1,0,36.230430,-86.771280,I 65,,,,0.00,,,,,,,89.00,N,Not at Intersection,N,Non-Junction,None,,,         ,William,Coy,Rain,"Sideswipe, Same Direction",no,no,no,no,no,False
102635790,METROPOLITAN NASHVILLE POLICE DEPT,20200063281,Davidson,Nashville,1/27/2020 7:53:00 AM,2,0,0,36.075610,-86.661570,UNA ANTIOCH PKE,,,,64.00,Feet,East,HUNTERS GREEN CIR,,,,0.00,N,Not at Intersection, ,,None,,,         ,Patrick,Martin,,,no,no,no,no,no,False
102635795,METROPOLITAN NASHVILLE POLICE DEPT,20200063087,Davidson,Nashville,1/27/2020 8:05:00 AM,2,0,0,36.149990,-86.858650,CHARLOTTE PKE,,,,213.00,Feet,West,WHITE BRIDGE PKE,,,,0.00,N,Not at Intersection,N,Non-Junction,None,,,         ,Alexis,Pond,Cloudy,"Sideswipe, Same Direction",no,no,no,no,no,False
102635802,METROPOLITAN NASHVILLE POLICE DEPT,20200062957,Davidson,Nashville,1/27/2020 7:00:00 AM,4,1,0,36.172890,-86.601970,OLD HICKORY BLVD,,,,88.00,Feet,North,PRINCETON PL,,,,0.00,N,Not at Intersection,N,Non-Junction,None,,,         ,Ricardo,Cruz,Cloudy,Angle,no,no,no,no,no,False
102635806,METROPOLITAN NASHVILLE POLICE DEPT,20200063183,Davidson,Nashville,1/27/2020 8:56:00 AM,2,3,0,36.099430,-86.737490,MCCALL ST,,,,0.00,,,WALLER ST,,,,0.00,Y,T-Intersection,N,Intersection,None,,,         ,Brian,Sherman,Clear,"Sideswipe, Same Direction",no,no,no,no,no,False
102635811,METROPOLITAN NASHVILLE POLICE DEPT,20200062819,Davidson,Not in City Limit,1/27/2020 4:00:00 AM,2,0,0,36.280530,-86.803660,I 24,,,,0.00,,,,,,,40.25,N,Not at Intersection,N,Non-Junction,None,,,         ,Michael,Dance,Rain,Front to Rear,no,no,no,no,yes,False
102635812,METROPOLITAN NASHVILLE POLICE DEPT,2020-0063149,Davidson,Nashville,1/27/2020 7:59:00 AM,2,0,0,36.069160,-86.691080,I24 E EXT RAMP,,,,0.00,Feet,,I 24,,,,0.00,Y,OTHER,N,Entrance/Exit Ramp Related,None,,,         ,Stanley,Collins,Cloudy,Angle,no,no,no,no,no,False
102635814,METROPOLITAN NASHVILLE POLICE DEPT,20200063296,Davidson,Nashville,1/27/2020 9:40:00 AM,1,0,0,36.199080,-86.846550,WINDOVER DR,,,,248.00,Feet,West,ASHLAND CITY HWY,,,,0.00,N,Not at Intersection, ,"Driveway, Alley Access, etc",None,,,         ,Jordan,Vrbas,Clear,Not Collision with Motor Vehicle in Transport,no,no,no,yes,no,False
102635822,METROPOLITAN NASHVILLE POLICE DEPT,20200063139,Davidson,Nashville,1/27/2020 8:25:00 AM,2,0,0,36.106640,-86.672810,DONELSON PKE,,,,172.00,Feet,North,MURFREESBORO PKE,,,,0.00,N,Not at Intersection, ,,None,,,         ,Lynsie,Smith,,,no,no,no,no,no,False
102635827,METROPOLITAN NASHVILLE POLICE DEPT,20200063213,Davidson,Not in City Limit,1/27/2020 9:18:00 AM,2,0,0,36.272030,-86.729820,N GRAYCROFT AV,,,,345.00,Feet,South,NESBITT LN,,,,0.00,N,Not at Intersection,N,Non-Junction,None,,,         ,Ricki,Armstrong,Rain,"Sideswipe, Opposite Direction",no,no,no,no,no,False
102635828,METROPOLITAN NASHVILLE POLICE DEPT,20200063157,Davidson,Nashville,1/27/2020 8:36:00 AM,1,1,0,36.032800,-86.771360,CHURCH STE,,,,16.00,Feet,West,ANNABEL LN,,,,0.00,N,Not at Intersection,N,Non-Junction,None,,,         ,Tony,Folad,Cloudy,Not Collision with Motor Vehicle in Transport,no,no,no,no,no,False
102635834,METROPOLITAN NASHVILLE POLICE DEPT,20200063284,Davidson,Nashville,1/27/2020 9:05:00 AM,2,0,0,36.149170,-86.781260,I 40,,,,0.00,,,,,,,209.75,N,Not at Intersection, ,Non-Junction,Unknown,,,         ,Henry,Perez,Unknown,Front to Rear,no,no,no,no,no,False
102635836,METROPOLITAN NASHVILLE POLICE DEPT,20200063275,Davidson,Nashville,1/27/2020 8:53:00 AM,1,0,0,36.212760,-86.634640,LINDEN GREEN,,,,0.00,,,,,,,0.00,,, ,"Driveway, Alley Access, etc",None,,,         ,Michael,Dance,Clear,Not Collision with Motor Vehicle in Transport,no,no,no,yes,no,False
102635843,METROPOLITAN NASHVILLE POLICE DEPT,20200062995,Davidson,Nashville,1/27/2020 7:25:00 AM,2,0,0,36.248270,-86.742780,I 65,,,,0.00,,,,,,,91.05,N,Not at Intersection, ,,None,,,         ,Ian,Wilson,,,no,no,no,no,no,False
102635845,METROPOLITAN NASHVILLE POLICE DEPT,20200063347,Davidson,Nashville,1/27/2020 10:00:00 AM,2,0,0,36.070470,-86.641610,RICE RD,,,,834.00,Feet,North,RURAL HILL RD,,,,0.00,N,Not at Intersection,N,"Driveway, Alley Access, etc",None,,,         ,Patrick,Martin,Cloudy,Angle,no,no,no,no,no,False
102635848,METROPOLITAN NASHVILLE POLICE DEPT,20200063137,Davidson,Nashville,1/27/2020 8:35:00 AM,1,0,0,36.170000,-86.606450,I40 E EXT RAMP,,,,0.00,Feet,East,I 40,,,,0.00,N,Not at Intersection,N,Entrance/Exit Ramp Related,None,,,         ,Cassandra,Del Bosco,Rain,Not Collision with Motor Vehicle in Transport,no,no,no,no,yes,False
102635853,METROPOLITAN NASHVILLE POLICE DEPT,20200063408,Davidson,Nashville,1/27/2020 10:45:00 AM,2,0,0,36.251740,-86.717810,GALLATIN PKES,,,,73.00,Feet,South,W WEBSTER ST,,,,0.00,N,Not at Intersection, ,Non-Junction,None,,,         ,Brian,Otto,Clear,Angle,no,no,no,no,no,False
102635877,METROPOLITAN NASHVILLE POLICE DEPT,20200063436,Davidson,Nashville,1/27/2020 10:59:00 AM,2,0,0,36.066630,-86.719110,NORTHCREST DR,,,,288.00,Feet,East,AQUATIC RD,,,,0.00,N,Not at Intersection, ,Non-Junction,None,,,         ,Cynthia,Quirouette,Clear,Angle,no,no,no,no,no,False
102635881,METROPOLITAN NASHVILLE POLICE DEPT,20200063499,Davidson,Nashville,1/27/2020 11:29:00 AM,2,0,0,36.150520,-86.767450,LAFAYETTE ST,,,,117.00,Feet,East,2ND AVS,,,,0.00,N,Not at Intersection, ,,None,,,         ,Patrick,Martin,,,no,no,no,no,no,False
102635882,METROPOLITAN NASHVILLE POLICE DEPT,20200063005,Davidson,Nashville,1/27/2020 6:30:00 AM,3,0,0,36.154400,-86.758140,I24 W ENT RAMP,,,,0.00,Feet,East,I 40,,,,0.00,N,Not at Intersection, ,Entrance/Exit Ramp Related,None,,,         ,Wesley,Henderson,Rain,Front to Rear,no,no,no,no,yes,False
102635888,METROPOLITAN NASHVILLE POLICE DEPT,20200063505,Davidson,Nashville,1/27/2020 11:03:00 AM,2,0,0,36.167440,-86.765310,I 24,,,,0.00,,,,,,,48.90,N,Not at Intersection, ,Non-Junction,None,,,         ,Torrance,Bennett,Clear,Front to Rear,no,no,no,no,no,False
102635891,METROPOLITAN NASHVILLE POLICE DEPT,20200063473,Davidson,Nashville,1/27/2020 11:43:00 AM,2,1,0,36.172610,-86.649480,LEBANON PKE,,,,0.00,,,DISSPAYNE DR,,,,0.00,Y,Four-Way,N,Intersection,None,,,         ,Ricardo,Cruz,Clear,HeadOn,no,no,no,no,no,False
102635920,METROPOLITAN NASHVILLE POLICE DEPT,20200063527,Davidson,Nashville,1/27/2020 11:54:00 AM,2,0,0,36.151070,-86.784340,DIVISION ST,,,,0.00,,,12TH AVS,,,,0.00,Y,Four-Way, ,Intersection,None,,,         ,Charles,Coe,Cloudy,Angle,no,no,no,no,no,False
102635922,METROPOLITAN NASHVILLE POLICE DEPT,20200063586,Davidson,Nashville,1/27/2020 12:35:00 PM,2,0,0,36.157430,-86.792620,CHURCH ST,,,,0.00,,,15TH AVE N,,,,0.00,Y,Four-Way, ,Non-Junction,None,,,         ,Walter,Cothran,Clear,"Sideswipe, Same Direction",no,no,no,no,no,False
102635925,TENNESSEE STATE UNIVERSITY ,20-TSU-03766,Davidson,Nashville,1/27/2020 9:15:00 AM,2,0,0,36.167540,-86.824470,31ST AVN,,,,0.00,,,JOHN A MERRITT BLVD,,,,0.00,Y,OTHER, ,Non-Junction,None,,,         ,Harold,Taylor,Clear,Unknown,no,no,no,yes,yes,False
102635936,METROPOLITAN NASHVILLE POLICE DEPT,20200063645,Davidson,Nashville,1/27/2020 12:50:00 PM,2,2,0,36.128730,-86.853260,WHITE BRIDGE PKE,,,,30.00,Feet,West,LIONS HEAD VILLAGE PVTDR,,,,0.00,N,Not at Intersection,N,Non-Junction,None,,,         ,Curtis,Rich,Clear,Angle,no,no,no,no,no,False
102635997,METROPOLITAN NASHVILLE POLICE DEPT,2020-0043787,Davidson,Nashville,1/19/2020 9:46:00 AM,2,0,0,36.073550,-86.732020,EDMONDSON PKE,,,,576.00,Feet,North,WHISPERING HILLS DR,,,,0.00,N,Not at Intersection, ,Non-Junction,None,,,         ,Sean,Williams,Clear,"Sideswipe, Same Direction",no,no,no,no,no,False
102635998,METROPOLITAN NASHVILLE POLICE DEPT,2020-0043863,Davidson,Nashville,1/19/2020 10:54:00 AM,2,1,0,36.077070,-86.734900,HARDING PL,,,,240.00,Feet,West,OVERCREST DR,,,,0.00,N,Not at Intersection,N,Non-Junction,None,,,         ,Sean,Williams,Clear,"Sideswipe, Same Direction",no,no,no,no,no,False
102635999,METROPOLITAN NASHVILLE POLICE DEPT,2020-0044057,Davidson,Nashville,1/19/2020 1:41:00 PM,2,0,0,36.040950,-86.771010,SEVEN SPRINGS WAY PVTDR,,,,130.00,Feet,North,OLD HICKORY BLVD,,,,0.00,N,Not at Intersection, ,Non-Junction,None,,,         ,Sean,Williams,Clear,Front to Rear,no,no,no,no,no,False
102636013,BELLE MEADE POLICE DEPT,20-0023,Davidson,Belle Meade,1/27/2020 8:55:00 AM,2,0,0,36.119600,-86.854940,HARDING PKE,,,,0.00,,,BELLE MEADE BLVD,,,,0.00,Y,T-Intersection, ,Intersection-Related,None,,,         ,Charles,Williams,Cloudy,Front to Rear,no,no,no,no,no,False
102636016,GOODLETTSVILLE POLICE DEPT,20-03174,Davidson,Goodlettsville,1/27/2020 12:50:00 PM,2,1,0,36.307880,-86.694900,CONFERENCE DR,,,,111.00,Feet,North,VIETNAM VETERANS BLVD SB ENT R,,,,0.00,N,Not at Intersection,N,Non-Junction,None,,,         ,George,Forbes,Clear,Front to Rear,no,no,no,no,no,False
102636021,METROPOLITAN NASHVILLE POLICE DEPT,20200059132,Davidson,Nashville,1/25/2020 8:48:00 AM,2,0,0,36.042460,-86.712840,US HWY 31 ALT,,,,150.00,Feet,South,SWISS AVE,,,,0.00,N,Not at Intersection,N,Non-Junction,None,,,         ,Caleb,Jernigan,Clear,"Sideswipe, Opposite Direction",no,no,no,yes,yes,False
102636024,METROPOLITAN NASHVILLE POLICE DEPT,20200063709,Davidson,Nashville,1/27/2020 1:35:00 PM,2,0,0,36.072520,-86.636800,MURFREESBORO PKE,,,,298.00,Feet,North,BELL RD,,,,0.00,N,Not at Intersection, ,,None,,,         ,Patrick,Martin,,,no,no,no,no,no,False
102636025,METROPOLITAN NASHVILLE POLICE DEPT,20200063752,Davidson,Nashville,1/27/2020 2:00:00 PM,2,0,0,36.153470,-86.855550,BRILEY PKWY N ENT RAMP,,,,0.00,,,I 40,,,,0.00,Y,Y-Intersection, ,Entrance/Exit Ramp Related,None,,,         ,Curtis,Rich,Clear,Angle,no,no,no,no,yes,False