master_record_number,agency,agency_tracking_number,county,city,collision_date,vehicles_involved,number_injured,number_dead,latitude,longitude,roadway_name,roadway_suffix,roadway_number,roadway_local_id,distance_from_reference,miles-feet_indicator,direction_from_reference,intersection_road_name,intersection_road_name_suffix,intersection_road_number,intersection_local_id,mile_marker,intersection_indicator,intersect_type,interchange_related_indicator,relation_to_junction,work_zone_type,construction_maintenance_zone,construction_maintenance_zone_location,fatal_case_number,officer_first_name,officer_last_name,weather_condition(s),manner_of_crash,pedestrian,bicycle,scooter,parking,hitrun,mou
102636039,METROPOLITAN NASHVILLE POLICE DEPT,20200063682,Davidson,Nashville,1/27/2020 11:47:00 AM,2,0,0,36.063220,-86.723240,WHISPERING HILLS DR,,,,244.00,Feet,North,SOUTHCREST DR,,,,0.00,N,Not at Intersection,N,Non-Junction,None,,,         ,Cynthia,Quirouette,Clear,"Sideswipe, Same Direction",no,no,no,no,yes,False
102636043,METROPOLITAN NASHVILLE POLICE DEPT,20200063757,Davidson,Nashville,1/27/2020 1:55:00 PM,3,1,0,36.249250,-86.719510,GALLATIN PKES,,,,61.00,Feet,South,E PALESTINE AV,,,,0.00,N,Not at Intersection,N,Non-Junction,None,,,         ,Brian,Otto,Clear,Front to Rear,no,no,no,no,yes,False
102636060,METROPOLITAN NASHVILLE POLICE DEPT,20200061479,Davidson,Nashville,1/26/2020 11:15:00 AM,2,0,0,36.192300,-86.776260,I 24,,,,0.00,,,,,,,46.75,N,Not at Intersection,N,Non-Junction,None,,,         ,Pamela,Caulder,Cloudy,"Sideswipe, Same Direction",no,no,no,no,yes,False
102636061,METROPOLITAN NASHVILLE POLICE DEPT,20200062933,Davidson,Nashville,1/27/2020 6:32:00 AM,3,0,0,36.194030,-86.776400,I 65,,,,0.00,,,,,,,86.45,N,Not at Intersection,N,Non-Junction,None,,,         ,Pamela,Caulder,Rain,Front to Rear,no,no,no,no,yes,False
102636063,METROPOLITAN NASHVILLE POLICE DEPT,20200063784,Davidson,Nashville,1/27/2020 12:00:00 AM,1,0,0,36.050100,-86.649100,BELL RD,,,,126.00,Feet,East,MT VIEW RD,,,,0.00,N,Not at Intersection,N,Non-Junction,None,,,         ,Patrick,Martin,Clear,Not Collision with Motor Vehicle in Transport,no,no,no,no,no,False
102636080,METROPOLITAN NASHVILLE POLICE DEPT,20200063823,Davidson,Nashville,1/27/2020 2:40:00 PM,2,1,0,36.109500,-86.728330,THOMPSON LN,,,,85.00,Feet,West,BRILEY PKWYN,,,,0.00,N,Not at Intersection,N,Non-Junction,None,,,         ,Ciarra,Rench,Clear,Front to Rear,no,no,no,no,no,False
102636082,METROPOLITAN NASHVILLE POLICE DEPT,20200063746,Davidson,Not in City Limit,1/27/2020 1:15:00 PM,2,0,0,36.076300,-86.945510,SAWYER BROWN RD,,,,149.00,Feet,North,RIVER PLANTATION PVTDR,,,,0.00,N,Not at Intersection, ,"Driveway, Alley Access, etc",None,,,         ,Charles,Boles,Clear,Angle,no,no,no,no,no,False
102636096,METROPOLITAN NASHVILLE POLICE DEPT,20200063902,Davidson,Nashville,1/27/2020 2:49:00 PM,2,0,0,36.097060,-86.709020,I 24,,,,0.00,,,,,,,54.80,N,Not at Intersection, ,Non-Junction,None,,,         ,Eric,Laury,Clear,Front to Rear,no,no,no,no,no,False
102636103,METROPOLITAN NASHVILLE POLICE DEPT,20200063819,Davidson,Nashville,1/27/2020 2:38:00 PM,2,1,0,36.156240,-86.802940,20TH AVN,,,,0.00,,,MURPHY AV,,,,0.00,Y,Four-Way,Y,Intersection-Related,None,,,         ,William,Hamblen,Clear,Front to Rear,no,no,no,no,no,False
102636114,METROPOLITAN NASHVILLE POLICE DEPT,20200063855,Davidson,Nashville,1/27/2020 2:37:00 PM,2,0,0,36.148460,-86.805350,WEST END AV,,,,271.00,Feet,West,23RD AVN,,,,0.00,N,Not at Intersection, ,Non-Junction,None,,,         ,FELIKS,ABRAHAMYAN,Clear,Angle,no,no,no,no,no,Campus
102636115,METROPOLITAN NASHVILLE POLICE DEPT,20200063860,Davidson,Nashville,1/27/2020 2:40:00 PM,2,0,0,36.153390,-86.724000,LEBANON PKE,,,,729.00,Feet,West,SPENCE LN,,,,0.00,N,Not at Intersection,N,Non-Junction,None,,,         ,Zachariah,Bush,Clear,Angle,no,no,no,no,no,False
102636116,METROPOLITAN NASHVILLE POLICE DEPT,20200063873,Davidson,Nashville,1/27/2020 3:00:00 PM,2,0,0,36.094400,-86.881700,HARDING PKE,,,,0.00,,,BROOK HOLLOW RD,,,,0.00,Y,T-Intersection,N,Intersection,None,,,         ,Lawrence,Whited,Clear,Angle,no,no,no,no,no,False
102636122,METROPOLITAN NASHVILLE POLICE DEPT,20200063888,Davidson,Nashville,1/27/2020 2:20:00 PM,2,0,0,36.024810,-86.631980,I 24,,,,0.00,,,,,,,61.60,N,Not at Intersection, ,Non-Junction,None,,,         ,Andrew,Ramirez,Clear,Not Collision with Motor Vehicle in Transport,no,no,no,no,no,False
102636127,METROPOLITAN NASHVILLE POLICE DEPT,20200063998,Davidson,Nashville,1/27/2020 3:25:00 PM,2,0,0,36.070060,-86.722300,COTTON LN,,,,103.00,Feet,South,NOLENSVILLE PKE,,,,0.00,N,Not at Intersection, ,,None,,,         ,Darci,Stechman,,,no,no,no,no,no,False
102636131,METROPOLITAN NASHVILLE POLICE DEPT,20200063864,Davidson,Nashville,1/27/2020 2:35:00 PM,2,0,0,36.232290,-86.624730,SHUTE LN,,,,0.00,Feet,,OLD HICKORY BLVD,,,,0.00,Y,T-Intersection, ,Intersection,None,,,         ,Noah,Moreis,Clear,Front to Rear,no,no,no,no,no,False
102636134,METROPOLITAN NASHVILLE POLICE DEPT,20200063921,Davidson,Nashville,1/27/2020 3:19:00 PM,2,2,0,36.163590,-86.762430,I 24,,,,0.00,,,,,,,49.20,N,Not at Intersection,N,Non-Junction,None,,,         ,James,Hill,Clear,Front to Rear,no,no,no,no,no,False
102636140,METROPOLITAN NASHVILLE POLICE DEPT,20200064009,Davidson,Nashville,1/27/2020 3:23:00 PM,2,0,0,36.165960,-86.794680,I 40,,,,0.00,,,,,,,208.35,N,Not at Intersection, ,,None,,,         ,Miles,Posey,,,no,no,no,no,no,False
102636142,METROPOLITAN NASHVILLE POLICE DEPT,20200064069,Davidson,Nashville,1/27/2020 4:25:00 PM,2,1,0,36.241980,-86.736700,ELLINGTON PKWY,,,,209.00,Feet,South,BRIARVILLE RD,,,,0.00,N,Not at Intersection,N,Non-Junction,None,,,         ,Christopher,Littles,Clear,Angle,no,no,no,no,no,False
102636146,METROPOLITAN NASHVILLE POLICE DEPT,20200064065,Davidson,Nashville,1/27/2020 4:10:00 PM,1,0,0,36.088050,-86.692700,ANTIOCH PKE,,,,267.00,Feet,North,HARDING PL,,,,0.00,N,Not at Intersection,N,Non-Junction,None,,,         ,Eric,Laury,Clear,Not Collision with Motor Vehicle in Transport,no,no,no,no,no,False
102636147,METROPOLITAN NASHVILLE POLICE DEPT,20200063967,Davidson,Nashville,1/27/2020 3:36:00 PM,1,1,0,36.142740,-86.787030,EDGEHILL AV,,,,0.00,,,12TH AVS,,,,0.00,Y,Four-Way,N,Intersection,None,,,         ,FELIKS,ABRAHAMYAN,Clear,Not Collision with Motor Vehicle in Transport,yes,no,no,no,no,False
102636152,METROPOLITAN NASHVILLE POLICE DEPT,20200064101,Davidson,Nashville,1/27/2020 4:24:00 PM,2,0,0,36.070060,-86.693860,EZELL RD,,,,171.00,Feet,North,HAYWOOD LN,,,,0.00,N,Not at Intersection, ,Non-Junction,None,,,         ,Laura,Williams,Clear,Front to Rear,no,no,no,no,no,False
102636153,METROPOLITAN NASHVILLE POLICE DEPT,20200064072,Davidson,Nashville,1/27/2020 4:26:00 PM,2,0,0,36.141120,-86.721870,I40 W EXT RAMP,,,,0.00,Feet,East,I 40,,,,0.00,N,Not at Intersection, ,Non-Junction,None,,,         ,Ciarra,Rench,Clear,"Sideswipe, Same Direction",no,no,no,no,no,False
102636161,METROPOLITAN NASHVILLE POLICE DEPT,20200064076,Davidson,Nashville,1/27/2020 4:25:00 PM,2,1,0,36.155010,-86.627110,STEWARTS FERRY PKE,,,,0.00,Feet,,I40 E EXT RAMP,,,,0.00,Y,Four-Way,N,Intersection,None,,,         ,Jarrett,Ipox,Clear,Front to Rear,no,no,no,no,no,False
102636172,METROPOLITAN NASHVILLE POLICE DEPT,20200063863,Davidson,Nashville,1/27/2020 2:40:00 PM,2,0,0,36.161180,-86.840300,ALBION ST,,,,0.00,Feet,North,44TH AVN,,,,0.00,N,Not at Intersection,N,Non-Junction,None,,,         ,Brian,DeMarce,Clear,Angle,no,no,no,no,no,False
102636176,METROPOLITAN NASHVILLE POLICE DEPT,20200064087,Davidson,Nashville,1/27/2020 4:30:00 PM,1,1,0,36.153010,-86.796000,18TH AVS,,,,0.00,,,WEST END AV,,,,0.00,Y,Four-Way,N,Intersection,None,,,         ,FELIKS,ABRAHAMYAN,Clear,Not Collision with Motor Vehicle in Transport,yes,no,no,no,no,False
102636180,METROPOLITAN NASHVILLE POLICE DEPT,20200064180,Davidson,Nashville,1/27/2020 5:16:00 PM,2,0,0,36.109710,-86.730900,THOMPSON LN,,,,54.00,Feet,East,MASHBURN RD,,,,0.00,N,Not at Intersection, ,Non-Junction,None,,,         ,YUNUS,ADAK,Clear,Front to Rear,no,no,no,no,no,False
102636187,METROPOLITAN NASHVILLE POLICE DEPT,20200064174,Davidson,Nashville,1/27/2020 5:15:00 PM,2,1,0,36.173590,-86.602150,OLD HICKORY BLVD,,,,0.00,Feet,East,CENTRAL PKE,,,,0.00,N,Not at Intersection,N,Non-Junction,None,,,         ,Tyler,Hall,Clear,Angle,no,no,no,no,no,False
102636197,METROPOLITAN NASHVILLE POLICE DEPT,20200064190,Davidson,Nashville,1/27/2020 5:20:00 PM,2,0,0,36.093090,-86.687550,MCGAVOCK PKE,,,,146.00,Feet,West,MILL CREEK EZELL PARK GRNWY,,,,0.00,N,Not at Intersection,N,Non-Junction,None,,,         ,Eric,Laury,Clear,Front to Rear,no,no,no,no,no,False
102636198,METROPOLITAN NASHVILLE POLICE DEPT,20200064104,Davidson,Nashville,1/27/2020 4:40:00 PM,2,1,0,36.050730,-86.646910,BELL FORGE LNE,,,,0.00,,,BELL RD,,,,0.00,Y,Four-Way,N,Intersection,None,,,         ,Steven,Begley,Clear,HeadOn,no,no,no,no,no,False
102636203,METROPOLITAN NASHVILLE POLICE DEPT,20200064218,Davidson,Nashville,1/27/2020 5:38:00 PM,2,0,0,36.173260,-86.601530,CENTRAL PKE,,,,211.00,Feet,West,BURNING TREE DR,,,,0.00,N,Not at Intersection, ,,None,,,         ,Noah,Moreis,,,no,no,no,no,no,False
102636207,METROPOLITAN NASHVILLE POLICE DEPT,20200064265,Davidson,Nashville,1/27/2020 5:37:00 PM,2,0,0,36.158150,-86.778780,6TH AVS,,,,123.00,Feet,North,DEMONBREUN ST,,,,0.00,N,Not at Intersection, ,Non-Junction,None,,,         ,Erik,Wagner,Clear,Front to Rear,no,no,no,no,no,False
102636208,METROPOLITAN NASHVILLE POLICE DEPT,20200064210,Davidson,Nashville,1/27/2020 5:25:00 PM,4,0,0,36.139110,-86.733190,MURFREESBORO PKE,,,,12.00,Feet,East,ARLINGTON AV,,,,0.00,N,Not at Intersection,N,Non-Junction,None,,,         ,Jason,Milyaro Lucas,Clear,Front to Rear,no,no,no,no,no,False
102636219,METROPOLITAN NASHVILLE POLICE DEPT,20200064234,Davidson,Nashville,1/27/2020 5:13:00 PM,2,1,0,36.044770,-86.661530,BELL RD,,,,0.00,,,CANE RIDGE RD,,,,0.00,Y,OTHER,N,Non-Junction,None,,,         ,Tyler,Geiger,Clear,Angle,no,no,no,no,no,False
102636220,METROPOLITAN NASHVILLE POLICE DEPT,20200054731,Davidson,Nashville,1/23/2020 4:27:00 PM,1,0,1,36.144100,-86.873100,WATTS LN,,,,0.00,,,CHARLOTTE PKE,,,,0.00,Y,T-Intersection,N,Intersection,None,,,20-0047  ,Christopher,Augustin,Rain,Not Collision with Motor Vehicle in Transport,yes,no,no,no,no,False
102636224,VANDERBILT UNIVERSITY POLICE,20200064224,Davidson,Nashville,1/27/2020 4:25:00 PM,1,1,0,36.139730,-86.801670,PIERCE AV,,,,0.00,,,MEDICAL CENTER DR,,,,0.00,Y,Four-Way,N,Intersection,None,,,         ,Edwin,Melgar,Clear,Unknown,yes,no,no,no,yes,Campus
102636240,METROPOLITAN NASHVILLE POLICE DEPT,20200064395,Davidson,Nashville,1/27/2020 6:33:00 PM,2,0,0,36.134280,-86.780570,WEDGEWOOD AV,,,,0.00,,,BEECH AV,,,,0.00,Y,Four-Way, ,Intersection,None,,,         ,Conor,Cronin,Clear,Angle,no,no,no,no,no,False
102636242,METROPOLITAN NASHVILLE POLICE DEPT,20200064183,Davidson,Not in City Limit,1/27/2020 5:00:00 PM,2,0,0,36.269260,-86.755740,OLD HICKORY BLVDW,,,,0.00,,,DICKERSON PKE,,,,0.00,Y,Four-Way,N,Intersection,None,,,         ,Christopher,Littles,Clear,"Sideswipe, Same Direction",no,no,no,no,yes,False
102636243,METROPOLITAN NASHVILLE POLICE DEPT,20200064217,Davidson,Not in City Limit,1/27/2020 5:38:00 PM,2,0,0,36.269460,-86.736550,I65 N ENT RAMP,,,,0.00,,,I 65,,,,0.00,Y,Y-Intersection,N,Entrance/Exit Ramp Related,None,,,         ,Christopher,Littles,Clear,Front to Rear,no,no,no,no,no,False
102636244,METROPOLITAN NASHVILLE POLICE DEPT,20200064332,Davidson,Not in City Limit,1/27/2020 6:12:00 PM,2,0,0,36.263180,-86.713090,OLD HICKORY BLVDW,,,,0.00,,,OLD TIME VILLAGE PVTDR,,,,0.00,Y,Four-Way, ,Intersection-Related,None,,,         ,Christopher,Littles,Clear,Angle,no,no,no,no,no,False
102636245,METROPOLITAN NASHVILLE POLICE DEPT,20200064398,Davidson,Not in City Limit,1/27/2020 5:54:00 PM,2,0,0,36.260970,-86.712630,GALLATIN PKES,,,,467.00,Feet,South,E OLD HICKORY BLVD,,,,0.00,N,Not at Intersection, ,Non-Junction,None,,,         ,Christopher,Littles,Clear,"Sideswipe, Same Direction",no,no,no,no,no,False
102636258,METROPOLITAN NASHVILLE POLICE DEPT,20200064377,Davidson,Nashville,1/27/2020 6:50:00 PM,2,0,0,36.171460,-86.768770,US HWY 31,,,,52.00,Feet,South,RAMP,,,,0.00,N,Not at Intersection,N,Non-Junction,None,,,         ,Joseph,Bingham,Clear,Angle,no,no,no,no,no,False
102636262,METROPOLITAN NASHVILLE POLICE DEPT,20200063957,Davidson,Nashville,1/27/2020 3:30:00 PM,2,1,0,36.121890,-86.754030,I 440,,,,0.00,,,,,,,6.10,N,Not at Intersection,N,Non-Junction,Construction Zone,Laneclosure,Activity Area,         ,Jacob,Robbins,Clear,Front to Rear,no,no,no,no,no,False
102636265,METROPOLITAN NASHVILLE POLICE DEPT,20200064338,Davidson,Nashville,1/27/2020 6:28:00 PM,3,0,0,36.154030,-86.762400,I 40,,,,0.00,,,,,,,210.85,N,Not at Intersection,N,Non-Junction,None,,,         ,Peter,Kinsey,Clear,Front to Rear,no,no,no,no,no,False
102636267,METROPOLITAN NASHVILLE POLICE DEPT,20200064359,Davidson,Nashville,1/27/2020 5:50:00 PM,2,0,0,36.155740,-86.783500,DEMONBREUN ST,,,,250.00,Feet,West,10TH AVE S,,,,0.00,N,Not at Intersection, ,Non-Junction,None,,,         ,Philip,Claibourne,Clear,Angle,no,no,no,no,no,False
102636274,METROPOLITAN NASHVILLE POLICE DEPT,20200064173,Davidson,Nashville,1/27/2020 5:04:00 PM,2,0,0,36.107230,-86.800760,BELMONT BLVD,,,,46.00,Feet,South,GLEN ECHO RD,,,,0.00,N,Not at Intersection,N,Non-Junction,None,,,         ,Jacob,Robbins,Clear,Front to Rear,no,no,no,no,no,False
102636276,METROPOLITAN NASHVILLE POLICE DEPT,20200064380,Davidson,Nashville,1/27/2020 6:57:00 PM,2,0,0,36.206520,-86.779910,US HWY 431,,,,450.00,Feet,West,HAMPTON ST,,,,0.00,N,Not at Intersection,Y,"Driveway, Alley Access, etc",None,,,         ,Trevor,Jones,Clear,Front to Rear,no,no,no,yes,yes,False
102636277,METROPOLITAN NASHVILLE POLICE DEPT,20200064238,Davidson,Nashville,1/27/2020 5:48:00 PM,3,2,0,36.040780,-86.773460,STATE HWY 254,,,,0.00,,,OAKES DR,,,,0.00,Y,Four-Way,N,Intersection,None,,,         ,Zachary,Plese,Clear,Angle,no,no,no,no,no,False
102636284,METROPOLITAN NASHVILLE POLICE DEPT,20200064491,Davidson,Nashville,1/27/2020 6:54:00 PM,2,0,0,36.077940,-86.731070,STATE HWY 255,,,,150.00,Feet,East,MILNER DR,,,,0.00,N,Not at Intersection, ,Non-Junction,None,,,         ,Zachary,Plese,Clear,Front to Rear,no,no,no,no,no,False
102636291,METROPOLITAN NASHVILLE POLICE DEPT,20200064271,Davidson,Nashville,1/27/2020 5:55:00 PM,2,1,0,36.158100,-86.799870,CHARLOTTE AV,,,,0.00,,,18TH AVN,,,,0.00,Y,Four-Way,Y,Intersection-Related,None,,,         ,William,Hamblen,Clear,Angle,no,no,no,no,no,False
102636310,METROPOLITAN NASHVILLE POLICE DEPT,20200064519,Davidson,Not in City Limit,1/27/2020 7:50:00 PM,2,1,0,36.266530,-86.791500,I 24,,,,0.00,,,,,,,41.40,N,Not at Intersection,N,Non-Junction,None,,,         ,Christopher,Littles,Clear,"Sideswipe, Same Direction",no,no,no,no,no,False
102636329,METROPOLITAN NASHVILLE POLICE DEPT,20200064328,Davidson,Nashville,1/27/2020 6:20:00 PM,1,1,0,36.157920,-86.800860,CHARLOTTE AV,,,,0.00,,,,,,,0.00,,,N,OtherLocation,None,,,         ,Timothy,Skopek,Cloudy,Not Collision with Motor Vehicle in Transport,yes,no,no,yes,no,False
102636330,METROPOLITAN NASHVILLE POLICE DEPT,20200064315,Davidson,Nashville,1/27/2020 5:35:00 PM,3,0,0,36.151840,-86.752810,I 40,,,,0.00,,,,,,,211.40,N,Not at Intersection,N,Non-Junction,None,,,         ,Douglas,Mann,Clear,Front to Rear,no,no,no,no,no,False
102636342,VANDERBILT UNIVERSITY POLICE,20200064625,Davidson,Nashville,1/27/2020 8:54:00 PM,2,0,0,36.108930,-86.762990,POWELL AV,,,,0.00,,,,,,,0.00,,OTHER, ,Non-Junction,None,,,         ,Cheryl,Bonner,Clear,Other,no,no,no,yes,yes,OHO
102636347,METROPOLITAN NASHVILLE POLICE DEPT,20200064685,Davidson,Nashville,1/27/2020 9:53:00 PM,2,0,0,36.136630,-86.821840,I440 E ENT RAMP,,,,0.00,,,I 440,,,,0.00,Y,Y-Intersection,N,Intersection-Related,None,,,         ,FELIKS,ABRAHAMYAN,Clear,Front to Rear,no,no,no,no,yes,False
102636369,METROPOLITAN NASHVILLE POLICE DEPT,20200064622,Davidson,Nashville,1/27/2020 9:06:00 PM,2,0,0,36.158890,-86.782110,8TH AVS,,,,0.00,,,BROADWAY,,,,0.00,Y,Four-Way, ,Intersection,None,,,         ,James,Hill,Clear,Angle,no,no,no,no,no,False
102636390,METROPOLITAN NASHVILLE POLICE DEPT,20200064148,Davidson,Nashville,1/27/2020 5:00:00 PM,3,1,0,36.238270,-86.780920,BRICK CHURCH PKE,,,,3.00,Feet,North,BRILEY PKWYE,,,,0.00,N,Not at Intersection,N,Non-Junction,None,,,         ,Marcus,Mitchell,Clear,Angle,no,no,no,no,no,False
102636399,METROPOLITAN NASHVILLE POLICE DEPT,20200064468,Davidson,Nashville,1/27/2020 7:42:00 PM,2,0,0,36.159210,-86.822130,I 40,,,,0.00,,,,,,,205.95,N,Not at Intersection, ,Non-Junction,None,,,         ,Dakota,Vermillion,Clear,"Sideswipe, Same Direction",no,no,no,no,no,False
102636417,METROPOLITAN NASHVILLE POLICE DEPT,20200064792,Davidson,Nashville,1/27/2020 9:30:00 PM,2,0,0,36.155050,-86.627230,STEWARTS FERRY PKE,,,,38.00,Feet,West,I40 E ENT RAMP,,,,0.00,N,Not at Intersection, ,Non-Junction,None,,,         ,Jeremy,Crisp,Clear,"Sideswipe, Same Direction",no,no,no,no,yes,False
102636418,METROPOLITAN NASHVILLE POLICE DEPT,20200064863,Davidson,Antioch,1/27/2020 10:51:00 PM,2,0,0,36.018610,-86.625470,I 24,,,,0.00,,,,,,,62.20,N,Not at Intersection,N,Non-Junction,None,,,         ,Jerre,Fly,Clear,"Sideswipe, Same Direction",no,no,no,no,yes,False
102636427,METROPOLITAN NASHVILLE POLICE DEPT,20200065044,Davidson,Nashville,1/28/2020 1:29:00 AM,2,0,0,36.145470,-86.696610,I40 E ENT RAMP,,,,0.00,Feet,East,I40 W ENT RAMP,,,,0.00,N,Not at Intersection,N,Non-Junction,None,,,         ,Ralph,Smith IV,Clear,Front to Rear,no,no,no,no,no,False
102636431,GOODLETTSVILLE POLICE DEPT,20-03219,Davidson,Goodlettsville,1/27/2020 6:00:00 PM,2,0,0,36.309460,-86.695630,VIETNAM VETERANS BLVD SB EXT R,,,,0.00,Feet,East,CONFERENCE DR,,,,0.00,N,Not at Intersection, ,Entrance/Exit Ramp Related,None,,,         ,Christopher,Jones,Clear,Front to Rear,no,no,no,no,no,False
102636463,METROPOLITAN NASHVILLE POLICE DEPT,20200065279,Davidson,Nashville,1/28/2020 4:20:00 AM,1,0,0,36.198290,-86.841660,STATE HWY 12,,,,1042.00,Feet,East,HYDES FERRY RD,,,,0.00,N,Not at Intersection,N,Non-Junction,None,,,         ,Joseph,Gawlowski,Clear,Not Collision with Motor Vehicle in Transport,no,no,no,no,no,False
102636474,METROPOLITAN NASHVILLE POLICE DEPT,20200065310,Davidson,Nashville,1/28/2020 4:30:00 AM,2,0,0,36.177500,-86.801000,I40 W ENT RAMP,,,,0.00,Feet,East,I 65,,,,0.00,N,Not at Intersection,N,Non-Junction,None,,,         ,Bobby,Samuels,Clear,Angle,no,no,no,no,yes,False
102636478,METROPOLITAN NASHVILLE POLICE DEPT,20200065154,Davidson,Nashville,1/28/2020 12:00:00 AM,2,2,0,36.116600,-86.725300,I 24,,,,0.00,,,,,,,53.15,N,Not at Intersection,N,Non-Junction,None,,,         ,Antoine,Maghamez,Clear,HeadOn,no,no,no,no,no,False
102636482,METROPOLITAN NASHVILLE POLICE DEPT,20200065365,Davidson,Nashville,1/28/2020 5:10:00 AM,2,0,0,36.105460,-86.772790,FRANKLIN PKE,,,,0.00,,,CALDWELL LN,,,,0.00,Y,T-Intersection,N,Intersection,None,,,         ,Melvin,Brown III,Clear,Angle,no,no,no,no,no,False
102636485,METROPOLITAN NASHVILLE POLICE DEPT,20200065386,Davidson,Nashville,1/28/2020 5:45:00 AM,2,0,0,36.073990,-86.689610,BAKERTOWN RD,,,,17.00,Feet,South,RADER DR,,,,0.00,N,Not at Intersection,N,Non-Junction,None,,,         ,William,Williams,Clear,Angle,no,no,no,no,no,False
102636494,METROPOLITAN NASHVILLE POLICE DEPT,20200065482,Davidson,Nashville,1/28/2020 6:54:00 AM,3,1,0,36.182730,-86.609220,OLD HICKORY BLVD,,,,389.00,Feet,West,CHANDLER PL,,,,0.00,N,Not at Intersection,N,Non-Junction,None,,,         ,Michael,Dance,Fog,Front to Rear,no,no,no,no,yes,False
102636522,GOODLETTSVILLE POLICE DEPT,20-03217,Davidson,Goodlettsville,1/27/2020 5:05:00 PM,2,0,0,36.325730,-86.699860,NORTHCREEK BLVD,,,,277.00,Feet,East,LONG HOLLOW PKE,,,,0.00,N,Not at Intersection,N,Non-Junction,None,,,         ,George,Forbes,Clear,Angle,no,no,no,no,no,False
102636526,METROPOLITAN NASHVILLE POLICE DEPT,20200065562,Davidson,Nashville,1/28/2020 7:19:00 AM,2,0,0,36.179920,-86.643880,LEBANON PKE,,,,0.00,,,DANYACREST DR,,,,0.00,Y,Four-Way, ,Intersection,None,,,         ,Michael,Dance,Clear,Front to Rear,no,no,no,no,no,False
102636534,METROPOLITAN NASHVILLE POLICE DEPT,20200065547,Davidson,Nashville,1/28/2020 7:22:00 AM,2,0,0,36.119820,-86.726540,I 24,,,,0.00,,,,,,,52.95,N,Not at Intersection, ,,None,,,         ,Patrick,Martin,,,no,no,no,no,no,False
102636537,METROPOLITAN NASHVILLE POLICE DEPT,20200065484,Davidson,Nashville,1/28/2020 6:24:00 AM,1,0,0,36.276170,-86.780770,BRICK CHURCH PKE,,,,0.00,,,VALLEY TRL,,,,0.00,Y,T-Intersection, ,Intersection-Related,None,,,         ,Ruben,Mariano,Fog,Not Collision with Motor Vehicle in Transport,no,no,no,no,no,False
102636540,METROPOLITAN NASHVILLE POLICE DEPT,20200065506,Davidson,Nashville,1/28/2020 7:03:00 AM,3,0,0,36.110940,-86.745220,THOMPSON LN,,,,0.00,,,NOLENSVILLE PKE,,,,0.00,Y,Four-Way, ,Intersection,None,,,         ,Justin,Pinkelton,Cloudy,Front to Rear,no,no,no,no,no,False
102636544,METROPOLITAN NASHVILLE POLICE DEPT,20200065480,Davidson,Nashville,1/28/2020 6:53:00 AM,2,0,0,36.139140,-86.775900,HAMILTON AV,,,,8.00,Feet,South,FORT NEGLEY BLVD,,,,0.00,N,Not at Intersection, ,Non-Junction,None,,,         ,Devin,Mabry,Cloudy,Front to Rear,no,no,no,no,no,False
102636551,METROPOLITAN NASHVILLE POLICE DEPT,20200065570,Davidson,Nashville,1/28/2020 7:24:00 AM,2,0,0,36.121970,-86.760580,I 440,,,,0.00,,,,,,,5.75,N,Not at Intersection, ,Non-Junction,Construction Zone,,,         ,Charles,Embry,Cloudy,Front to Rear,no,no,no,no,no,False
102636582,METROPOLITAN NASHVILLE POLICE DEPT,20200065668,Davidson,Nashville,1/28/2020 7:21:00 AM,2,0,0,36.077980,-86.765770,I 65,,,,0.00,,,,,,,77.50,N,Not at Intersection, ,Non-Junction,None,,,         ,Earl,Davis,Fog,Front to Rear,no,no,no,no,no,False
102636589,METROPOLITAN NASHVILLE POLICE DEPT,20200065620,Davidson,Nashville,1/28/2020 7:53:00 AM,2,1,0,36.171270,-86.870980,CENTENNIAL BLVD,,,,0.00,,,BRILEY PKWY S EXT RAMP,,,,0.00,Y,Y-Intersection, ,Entrance/Exit Ramp Related,None,,,         ,Alexis,Pond,Cloudy,Front to Rear,no,no,no,no,no,False
102636590,METROPOLITAN NASHVILLE POLICE DEPT,20200065638,Davidson,Nashville,1/28/2020 8:01:00 AM,2,0,0,36.196700,-86.752480,ELLINGTON PKWYS,,,,500.00,Feet,North,ELLINGTON PKWY S EXT RAMP,,,,0.00,N,Not at Intersection, ,Non-Junction,None,,,         ,Doyle,Price,Cloudy,Front to Rear,no,no,no,no,no,False
102636610,METROPOLITAN NASHVILLE POLICE DEPT,20200065753,Davidson,Nashville,1/28/2020 8:45:00 AM,2,0,0,36.173790,-86.822580,ED TEMPLE BLVD,,,,0.00,,,DR WALTER S DAVIS BLVD,,,,0.00,Y,Four-Way, ,Intersection,None,,,         ,Brian,Quigley,Cloudy,Front to Rear,no,no,no,no,no,False
102636611,METROPOLITAN NASHVILLE POLICE DEPT,20200065722,Davidson,Nashville,1/28/2020 8:37:00 AM,2,0,0,36.121590,-86.630620,BELL RD,,,,323.00,Feet,West,WOODLAND POINTE DR,,,,0.00,N,Not at Intersection, ,Non-Junction,None,,,         ,Terry,Denton,Cloudy,Front to Rear,no,no,no,no,no,False