master_record_number,agency,agency_tracking_number,county,city,collision_date,vehicles_involved,number_injured,number_dead,latitude,longitude,roadway_name,roadway_suffix,roadway_number,roadway_local_id,distance_from_reference,miles-feet_indicator,direction_from_reference,intersection_road_name,intersection_road_name_suffix,intersection_road_number,intersection_local_id,mile_marker,intersection_indicator,intersect_type,interchange_related_indicator,relation_to_junction,work_zone_type,construction_maintenance_zone,construction_maintenance_zone_location,fatal_case_number,officer_first_name,officer_last_name,weather_condition(s),manner_of_crash,pedestrian,bicycle,scooter,parking,hitrun,mou
102637373,METROPOLITAN NASHVILLE POLICE DEPT,20200067517,Davidson,Nashville,1/28/2020 12:00:00 AM,2,0,0,36.173230,-86.815700,UNDERWOOD ST,,,,239.00,Feet,North,HAMMOND DR,,,,0.00,N,Not at Intersection,N,Non-Junction,None,,,         ,Amery,Milligan,Clear,Front to Rear,no,no,no,no,yes,False
102637378,METROPOLITAN NASHVILLE POLICE DEPT,20200067522,Davidson,Nashville,1/28/2020 9:40:00 PM,2,0,0,36.040700,-86.745790,STATE HWY 254,,,,721.00,Feet,West,EDMONDSON PIKE,,,,0.00,N,Not at Intersection,N,Non-Junction,None,,,         ,Jesse,Cox,Clear,"Sideswipe, Same Direction",no,no,no,no,yes,False
102637383,METROPOLITAN NASHVILLE POLICE DEPT,20200067506,Davidson,Nashville,1/28/2020 8:25:00 PM,2,1,0,36.068690,-86.639800,RICE RD,,,,7.00,Feet,East,RURAL HILL RD,,,,0.00,N,Not at Intersection,Y,Non-Junction,None,,,         ,Alex,DiBernardo,Clear,Angle,no,no,no,no,no,False
102637411,VANDERBILT UNIVERSITY POLICE,20200067415,Davidson,Nashville,1/28/2020 10:09:00 PM,1,1,0,36.147920,-86.806470,WEST END AV,,,,0.00,,,24TH AVN,,,,0.00,Y,Four-Way,Y,Intersection,None,,,         ,Alan,Reed,Clear,Not Collision with Motor Vehicle in Transport,yes,no,no,no,no,Campus
102637733,METROPOLITAN NASHVILLE POLICE DEPT,2020-0066298,Davidson,Nashville,1/28/2020 1:16:00 PM,2,0,0,36.079620,-86.726320,NOLENSVILLE PKE,,,,3.00,Feet,North,HARDING PL,,,,0.00,N,Not at Intersection, ,Non-Junction,None,,,         ,Sean,Williams,Clear,Front to Rear,no,no,no,no,no,False
102638154,VANDERBILT UNIVERSITY POLICE,20200057329,Davidson,Nashville,1/24/2020 3:38:00 PM,2,0,0,36.142410,-86.800880,MEDICAL CENTER DR,,,,0.00,,,,,,,0.00,,, ,OtherLocation,None,,,         ,Yarrish,Hammons,Clear,Front to Rear,no,no,no,yes,no,Campus
102639223,METROPOLITAN NASHVILLE POLICE DEPT,2020-0066301,Davidson,Nashville,1/28/2020 12:00:00 AM,2,0,0,36.141040,-86.730080,I 40,,,,0.00,,,,,,,212.90,N,Not at Intersection,Y,Non-Junction,None,,,         ,Frank,Walker,Clear,"Sideswipe, Same Direction",no,no,no,no,no,False
102639314,TENNESSEE STATE UNIVERSITY ,20-03151,Davidson,Nashville,1/20/2020 9:30:00 AM,2,0,0,36.163877,-86.829331,ALAMEDA STREET,,SR3501,,0.00,,West,,,,,5.00,N,Not at Intersection, ,Non-Junction,None,,,         ,Inice,Wagner,Unknown,"Sideswipe, Opposite Direction",no,no,no,yes,no,False
102642867,Nashville Airport Police,2020-00330,Davidson,Nashville,1/27/2020 4:39:00 PM,2,0,0,36.136180,-86.667540,TERMINAL DR,,,,0.00,,,TERMINAL DR,,,,0.00,Y,T-Intersection,N,Non-Junction,None,,,         ,Anthony,Bass,Clear,Angle,no,no,no,no,no,False
102643621,METROPOLITAN NASHVILLE POLICE DEPT,20200057349,Davidson,Nashville,1/24/2020 4:00:00 PM,2,0,0,36.105800,-86.742590,NOLENSVILLE PKE,,,,225.00,Feet,South,MORTON AV,,,,0.00,N,Not at Intersection, ,,None,,,         ,FELIKS,ABRAHAMYAN,,,no,no,no,no,no,False
102650059,VANDERBILT UNIVERSITY POLICE,2020016775,Davidson,Nashville,1/8/2020 12:00:00 AM,2,0,0,36.149980,-86.799490,TERRACE PL,,,,0.00,,,20TH AVS,,,,0.00,,Not at Intersection,N,Non-Junction,None,,,         ,Marsha,Hayes,Clear,"Sideswipe, Opposite Direction",no,no,no,yes,yes,Campus
102654609,TENNESSEE STATE UNIVERSITY ,20-TSU-03592,Davidson,Nashville,1/26/2020 8:39:00 PM,2,0,0,36.168544,-86.828434,JOHN A MERRITT,,,,0.00,,West,,,,,1.00,N,Not at Intersection, ,Non-Junction,None,,,         ,Inice,Wagner,Clear,Unknown,no,no,no,yes,yes,False
102677452,METROPOLITAN NASHVILLE POLICE DEPT,20200177100,Davidson,Nashville,1/10/2020 12:00:00 AM,2,0,0,36.123700,-86.776240,FRANKLIN PKE,,,,486.00,Feet,South,INVERNESS AV,,,,0.00,N,Not at Intersection,N,Unknown,None,,,         ,Stephen,Soule,Unknown,Unknown,no,no,no,yes,yes,False
102872324,METROPOLITAN NASHVILLE POLICE DEPT,20200795343,Davidson,Nashville,1/7/2020 7:00:00 PM,1,0,0,36.155770,-86.780230,CLARK PL,,,,28.00,Feet,West,8TH AVS,,,,0.00,N,Not at Intersection, ,,None,,,         ,Alexander,Hartle,,,no,no,no,no,no,False
103182899,METROPOLITAN NASHVILLE POLICE DEPT,20220000663,Davidson,Not in City Limit,1/1/2020 12:00:00 AM,2,0,0,36.261450,-86.757880,TUCKAHOE DR,,,,132.00,Feet,North,DICKERSON PKE,,,,0.00,N,Not at Intersection,N,Non-Junction,None,,,         ,Justan,Vance,Unknown,Angle,no,no,no,yes,yes,False
102637435,METROPOLITAN NASHVILLE POLICE DEPT,20200067917,Davidson,Nashville,1/29/2020 3:29:00 AM,1,0,0,36.179260,-86.762820,ELLINGTON PKWYN,,,,521.00,Feet,North,ELLINGTON PKWYS,,,,0.00,N,Not at Intersection,N,Non-Junction,None,,,         ,Lindsey,Anderson,Clear,Not Collision with Motor Vehicle in Transport,no,no,no,no,yes,False
102637436,Nashville Airport Police,2020-0351,Davidson,Nashville,1/29/2020 2:40:00 AM,1,0,0,36.137060,-86.669420,I40 E EXT RAMP,,,,205.00,Feet,East,I40 W ENT RAMP,,,,0.00,N,Not at Intersection,N,OtherLocation,None,,,         ,Dana,Folmar,Clear,Not Collision with Motor Vehicle in Transport,no,no,no,yes,no,False
102637460,METROPOLITAN NASHVILLE POLICE DEPT,20200068000,Davidson,Nashville,1/29/2020 4:13:00 AM,1,0,0,36.215010,-86.590500,LEBANON PKE,,,,602.00,Feet,West,BIG HORN DR,,,,0.00,N,Not at Intersection, ,Non-Junction,None,,,         ,Jacob,West,Clear,Not Collision with Motor Vehicle in Transport,no,no,no,no,no,False
102637473,METROPOLITAN NASHVILLE POLICE DEPT,20200068060,Davidson,Nashville,1/29/2020 5:20:00 AM,2,0,0,36.206190,-86.773730,I65 N EXT RAMP,,,,0.00,,,I65 N ENT RAMP,,,,0.00,Y,T-Intersection,N,Entrance/Exit Ramp Related,None,,,         ,Jacob,Dick,Rain,"Sideswipe, Same Direction",no,no,no,no,yes,False
102637498,METROPOLITAN NASHVILLE POLICE DEPT,20200068129,Davidson,Nashville,1/29/2020 6:21:00 AM,2,0,0,36.153930,-86.857490,URBANDALE AV,,,,0.00,,,BRILEY PKWYN,,,,0.00,Y,Four-Way,N,Intersection-Related,None,,,         ,Maximillian,Goldberg,Rain,Front to Rear,no,no,no,no,no,False
102637499,METROPOLITAN NASHVILLE POLICE DEPT,20200068072,Davidson,Nashville,1/29/2020 5:40:00 AM,2,0,0,36.119410,-86.773690,I 65,,,,0.00,,,,,,,80.40,N,Not at Intersection, ,Non-Junction,None,,,         ,Jose,Salazar,Clear,Front to Rear,no,no,no,no,no,False
102637536,METROPOLITAN NASHVILLE POLICE DEPT,20200068251,Davidson,Nashville,1/29/2020 7:00:00 AM,2,0,0,36.101560,-86.922900,OLD HICKORY BLVD,,,,1589.00,Feet,South,BELLE VALLEY DR,,,,0.00,N,Not at Intersection,N,Non-Junction,None,,,         ,Curtis,Rich,Rain,Angle,no,no,no,no,no,False
102637540,METROPOLITAN NASHVILLE POLICE DEPT,20200068233,Davidson,Nashville,1/29/2020 6:54:00 AM,2,0,0,36.164860,-86.767910,S 2ND ST,,,,0.00,,,SHELBY AV,,,,0.00,Y,Four-Way, ,Intersection-Related,None,,,         ,Garrett,Short,Rain,Front to Rear,no,no,no,no,no,False
102637544,METROPOLITAN NASHVILLE POLICE DEPT,20200068110,Davidson,Nashville,1/29/2020 6:00:00 AM,2,0,0,36.238120,-86.783030,BRILEY PKWYE,,,,0.00,,,I24 W EXT RAMP,,,,0.00,Y,OTHER,Y,Entrance/Exit Ramp Related,None,,,         ,Coleman,McKellar,Rain,Angle,no,no,no,no,no,False
102637573,METROPOLITAN NASHVILLE POLICE DEPT,20200068278,Davidson,Nashville,1/29/2020 7:40:00 AM,2,0,0,36.167150,-86.796370,12TH AVN,,,,0.00,,,HERMAN ST,,,,0.00,Y,Four-Way,N,Non-Junction,None,,,         ,Brian,Quigley,Rain,Angle,no,no,no,no,no,False
102637579,METROPOLITAN NASHVILLE POLICE DEPT,20200068324,Davidson,Nashville,1/29/2020 12:00:00 AM,1,1,0,36.167630,-86.787750,ROSA L PARKS BLVD,,,,0.00,,,10TH CIRN,,,,0.00,Y,T-Intersection,N,Intersection,None,,,         ,James,Thornton,Cloudy,Not Collision with Motor Vehicle in Transport,yes,no,no,no,no,False
102637581,METROPOLITAN NASHVILLE POLICE DEPT,20200068378,Davidson,Nashville,1/29/2020 12:00:00 AM,2,0,0,36.151650,-86.756840,FAIN ST,,,,53.00,Feet,West,FAIRFIELD AV,,,,0.00,N,Not at Intersection,N,Non-Junction,None,,,         ,Michael,Brooks,Unknown,Unknown,no,no,no,no,yes,False
102637583,METROPOLITAN NASHVILLE POLICE DEPT,20200068344,Davidson,Nashville,1/29/2020 8:12:00 AM,2,0,0,36.141300,-86.739790,MURFREESBORO PKE,,,,242.00,Feet,East,FOSTER AV,,,,0.00,N,Not at Intersection, ,,None,,,         ,Ralph,Harvey,,,no,no,no,no,no,False
102637585,METROPOLITAN NASHVILLE POLICE DEPT,20200068224,Davidson,Nashville,1/29/2020 7:20:00 AM,1,0,0,36.206500,-86.776490,W TRINITY LN,,,,10.00,Feet,South,I65 S ENT RAMP,,,,0.00,N,Not at Intersection,N,Non-Junction,None,,,         ,Pamela,Caulder,Rain,Not Collision with Motor Vehicle in Transport,no,no,no,no,no,False
102637590,METROPOLITAN NASHVILLE POLICE DEPT,20200068264,Davidson,Nashville,1/29/2020 7:35:00 AM,2,0,0,36.123250,-86.826610,BOWLING AV,,,,214.00,Feet,South,WOODLAWN DR,,,,0.00,N,Not at Intersection, ,Non-Junction,None,,,         ,Brian,Myatt,Cloudy,Front to Rear,no,no,no,no,no,False
102637595,METROPOLITAN NASHVILLE POLICE DEPT,20200068266,Davidson,Antioch,1/29/2020 7:27:00 AM,2,0,0,36.043060,-86.606740,MURFREESBORO PKE,,,,92.00,Feet,North,HOBSON PKE,,,,0.00,N,Not at Intersection,N,Non-Junction,None,,,         ,Patrick,Martin,Clear,Front to Rear,no,no,no,no,yes,False
102637596,METROPOLITAN NASHVILLE POLICE DEPT,20200068311,Davidson,Nashville,1/29/2020 7:58:00 AM,3,1,0,36.016800,-86.619900,OLD HICKORY BLVD,,,,19.00,Feet,South,FIRESTONE PKWY,,,,0.00,N,Not at Intersection,N,Non-Junction,None,,,         ,Lee,Davis,Rain,Front to Rear,no,no,no,no,no,False
102637603,METROPOLITAN NASHVILLE POLICE DEPT,20200068342,Davidson,Nashville,1/29/2020 7:48:00 AM,2,0,0,36.131680,-86.726910,I24E,,,,508.00,Feet,North,I24 W ENT RAMP,,,,0.00,N,Not at Intersection, ,,None,,,         ,Patrick,Martin,,,no,no,no,no,no,False
102637610,METROPOLITAN NASHVILLE POLICE DEPT,20200068441,Davidson,Nashville,1/29/2020 8:57:00 AM,2,1,0,36.179850,-86.774190,I 24,,,,0.00,,,,,,,47.70,N,Not at Intersection,N,Non-Junction,None,,,         ,Garrett,Short,Cloudy,Front to Rear,no,no,no,no,no,False
102637611,METROPOLITAN NASHVILLE POLICE DEPT,20200068353,Davidson,Nashville,1/29/2020 12:00:00 AM,2,0,0,36.177910,-86.599280,ROCKWOOD DR,,,,0.00,,,ROCKWOOD PL,,,,0.00,Y,T-Intersection,N,Intersection-Related,None,,,         ,William,Mckay,Rain,Angle,no,no,no,no,yes,False
102637615,METROPOLITAN NASHVILLE POLICE DEPT,20200068307,Davidson,Nashville,1/29/2020 7:53:00 AM,2,0,0,36.121400,-86.696690,BRILEY PKWYN,,,,40.00,Feet,South,BRILEY PKWY N ENT RAMP,,,,0.00,N,Not at Intersection,N,Entrance/Exit Ramp Related,None,,,         ,Terry,Denton,Cloudy,"Sideswipe, Same Direction",no,no,no,no,no,False
102637622,METROPOLITAN NASHVILLE POLICE DEPT,20200068404,Davidson,Nashville,1/29/2020 8:30:00 AM,2,0,0,36.099880,-86.711060,I 24,,,,0.00,,,,,,,54.60,N,Not at Intersection, ,Non-Junction,None,,,         ,James,Thomas,Cloudy,Front to Rear,no,no,no,no,no,False
102637630,METROPOLITAN NASHVILLE POLICE DEPT,20200068550,Davidson,Nashville,1/29/2020 9:45:00 AM,1,0,0,36.118470,-86.768200,I65 ENT RAMP,,,,0.00,Feet,East,I 440,,,,0.00,N,Not at Intersection, ,Non-Junction,Construction Zone,,,         ,Devin,Mabry,Cloudy,Not Collision with Motor Vehicle in Transport,no,no,no,no,no,False
102637640,METROPOLITAN NASHVILLE POLICE DEPT,20200068427,Davidson,Nashville,1/29/2020 8:25:00 AM,2,0,0,36.118120,-86.725900,I 24,,,,0.00,,,,,,,53.05,N,Not at Intersection, ,Non-Junction,None,,,         ,Nopel,Stella,Clear,Front to Rear,no,no,no,no,no,False
102637641,METROPOLITAN NASHVILLE POLICE DEPT,2020-0068478,Davidson,Nashville,1/29/2020 7:45:00 AM,2,1,0,36.076770,-86.656230,DOVER GLEN DR,,,,49.00,Feet,South,OAK FOREST DR,,,,0.00,N,Not at Intersection,N,Non-Junction,None,,,         ,Stanley,Collins,Clear,Front to Rear,no,no,no,no,no,False
102637642,METROPOLITAN NASHVILLE POLICE DEPT,20200068349,Davidson,Nashville,1/29/2020 7:50:00 AM,2,0,0,36.129380,-86.726730,I24 W EXT RAMP,,,,0.00,Feet,East,I 24,,,,0.00,N,Not at Intersection,N,Entrance/Exit Ramp Related,None,,,         ,Todd,Watson,Rain,Angle,no,no,no,no,no,False
102637649,GOODLETTSVILLE POLICE DEPT,20-03455,Davidson,Goodlettsville,1/29/2020 6:45:00 AM,1,0,0,36.311220,-86.701880,I 65,,,,0.00,,,,,,,96.10,N,Not at Intersection,N,Non-Junction,None,,,         ,Charles,Hauskin,Rain,Not Collision with Motor Vehicle in Transport,no,no,no,no,no,False
102637654,METROPOLITAN NASHVILLE POLICE DEPT,20200068577,Davidson,Nashville,1/29/2020 8:14:00 AM,2,0,0,36.048410,-86.657400,HICKORY HOLLOW PKWY,,,,0.00,,,HICKORY HOLLOW MALL PVTDR PL,,,,0.00,Y,Four-Way, ,Intersection-Related,None,,,         ,Patrick,Martin,Clear,Angle,no,no,no,no,no,False
102637671,METROPOLITAN NASHVILLE POLICE DEPT,20200068560,Davidson,Madison,1/29/2020 9:52:00 AM,2,1,0,36.262280,-86.677580,STATE RT 45,,,,261.00,Feet,North,VANDIVER DR,,,,0.00,N,Not at Intersection,N,Non-Junction,None,,,         ,Michelle,Steidl,Clear,"Sideswipe, Same Direction",no,no,no,no,no,False
102637679,METROPOLITAN NASHVILLE POLICE DEPT,20200068735,Davidson,Nashville,1/29/2020 11:22:00 AM,2,1,0,36.140360,-86.886780,I 40,,,,0.00,,,,,,,202.05,N,Not at Intersection, ,Non-Junction,None,,,         ,Curtis,Rich,Cloudy,Front to Rear,no,no,no,no,no,False
102637686,METROPOLITAN NASHVILLE POLICE DEPT,20200068702,Davidson,Goodlettsville,1/29/2020 11:03:00 AM,2,0,0,36.305910,-86.693820,CONFERENCE DR,,,,0.00,,,RIVERGATE MALL PVTDR,,,,0.00,Y,T-Intersection, ,Intersection,None,,,         ,Ruben,Mariano,Cloudy,Angle,no,no,no,no,no,False
102637697,METROPOLITAN NASHVILLE POLICE DEPT,20200068357,Davidson,Nashville,1/29/2020 7:25:00 AM,2,0,0,36.100850,-86.675660,DONELSON PKE,,,,235.00,Feet,South,CITATION DR,,,,0.00,N,Not at Intersection,N,Non-Junction,None,,,         ,Jason,Hees,Cloudy,Other,no,no,no,no,yes,False
102637713,METROPOLITAN NASHVILLE POLICE DEPT,20200068825,Davidson,Nashville,1/29/2020 11:00:00 AM,1,0,0,36.174090,-86.749910,FATHERLAND ST,,,,137.00,Feet,East,S 11TH ST,,,,0.00,N,Not at Intersection, ,Non-Junction,None,,,         ,Michael,Agee,Cloudy,Not Collision with Motor Vehicle in Transport,no,no,no,yes,no,False
102637721,METROPOLITAN NASHVILLE POLICE DEPT,20200068888,Davidson,Nashville,1/29/2020 12:25:00 PM,2,0,0,36.191120,-86.797200,VANTAGE WAY,,,,0.00,,,FRENCH LANDING DR,,,,0.00,Y,Four-Way, ,Intersection-Related,None,,,         ,Brian,Mclarty,Cloudy,Front to Rear,no,no,no,no,no,False
102637724,METROPOLITAN NASHVILLE POLICE DEPT,20200068840,Davidson,Nashville,1/29/2020 12:04:00 PM,2,0,0,36.114860,-86.719560,DRUMMOND DR,,,,0.00,,,EAST THOMPSON LN,,,,0.00,Y,Four-Way,N,Intersection,None,,,         ,Patrick,Martin,Cloudy,Angle,no,no,no,no,yes,False
102637745,METROPOLITAN NASHVILLE POLICE DEPT,20200068899,Davidson,Nashville,1/29/2020 12:26:00 PM,2,0,0,36.133140,-86.892090,CHARLOTTE PKE,,,,189.00,Feet,North,OLD CHARLOTTE PKE,,,,0.00,N,Not at Intersection, ,Non-Junction,None,,,         ,Curtis,Rich,Cloudy,"Sideswipe, Same Direction",no,no,no,no,no,False
102637793,METROPOLITAN NASHVILLE POLICE DEPT,20200068581,Davidson,Nashville,1/29/2020 9:59:00 AM,1,0,0,36.077340,-86.668700,BILLINGSGATE RD,,,,76.00,Feet,West,ALDWYCH WAY,,,,0.00,N,Not at Intersection,N,Non-Junction,None,,,         ,Lee,Davis,Cloudy,Not Collision with Motor Vehicle in Transport,no,no,no,no,yes,False
102637846,METROPOLITAN NASHVILLE POLICE DEPT,20200069036,Davidson,Nashville,1/29/2020 1:35:00 PM,2,0,0,36.168810,-86.684600,LEBANON PKE,,,,15.00,Feet,West,THE CROSSINGS PVTDR,,,,0.00,N,Not at Intersection,N,Non-Junction,None,,,         ,Tien,Nguyen,Cloudy,Angle,no,no,no,no,no,False
102637854,METROPOLITAN NASHVILLE POLICE DEPT,20200069038,Davidson,Nashville,1/29/2020 1:30:00 PM,2,0,0,36.124980,-86.847640,WOODMONT BLVD,,,,0.00,,,HARDING PKE,,,,0.00,Y,Four-Way, ,Intersection,None,,,         ,Curtis,Rich,Cloudy,Not Collision with Motor Vehicle in Transport,no,no,no,no,no,False
102637874,METROPOLITAN NASHVILLE POLICE DEPT,20200068911,Davidson,Nashville,1/29/2020 12:45:00 PM,2,0,0,36.154750,-86.822540,I440 W EXT RAMP,,,,0.00,Feet,East,I 440,,,,0.00,N,Not at Intersection, ,Non-Junction,None,,,         ,George,Spencer,Cloudy,Front to Rear,no,no,no,no,no,False
102637880,METROPOLITAN NASHVILLE POLICE DEPT,20200068977,Davidson,Nashville,1/29/2020 1:00:00 PM,2,0,0,36.157710,-86.797320,PATTERSON ST,,,,0.00,,,17TH AVE N,,,,0.00,Y,Four-Way, ,Intersection-Related,None,,,         ,John,Roberson,Cloudy,Angle,no,no,no,no,no,False
102637889,METROPOLITAN NASHVILLE POLICE DEPT,20200068999,Davidson,Nashville,1/29/2020 1:15:00 PM,2,1,0,36.116410,-86.697360,MURFREESBORO PKE,,,,0.00,,,MCGAVOCK PKE,,,,0.00,Y,Four-Way,N,Intersection,None,,,         ,Patrick,Martin,Cloudy,Angle,no,no,no,no,no,False
102637902,METROPOLITAN NASHVILLE POLICE DEPT,20200068796,Davidson,Nashville,1/29/2020 11:42:00 AM,2,1,0,36.167150,-86.779610,3RD AVN,,,,0.00,,,JAMES ROBERTSON PKWY,,,,0.00,Y,Four-Way,N,Intersection,None,,,         ,Frank,Campbell,Cloudy,Angle,no,no,no,no,no,False
102637919,METROPOLITAN NASHVILLE POLICE DEPT,20200068995,Davidson,Nashville,1/29/2020 12:00:00 AM,1,1,0,36.050100,-86.659940,HICKORY HOLLOW MALL PVTDR PL,,,,209.00,Feet,South,HICKORY HOLLOW PL,,,,0.00,N,Not at Intersection,N,Non-Junction,None,,,         ,John,Braun,Cloudy,Not Collision with Motor Vehicle in Transport,yes,no,no,yes,no,False
102637948,METROPOLITAN NASHVILLE POLICE DEPT,20200068989,Davidson,Nashville,1/29/2020 1:10:00 PM,2,0,0,36.180480,-86.802430,BUCHANAN ST,,,,182.00,Feet,East,10TH AVN,,,,0.00,N,Not at Intersection,N,Non-Junction,None,,,         ,Jordan,Vrbas,Cloudy,Angle,no,no,no,no,no,False
102637955,METROPOLITAN NASHVILLE POLICE DEPT,20200069080,Davidson,Nashville,1/29/2020 1:55:00 PM,2,0,0,36.147720,-86.868440,CHARLOTTE PKE,,,,127.00,Feet,East,CROLEY DR,,,,0.00,N,Not at Intersection, ,Non-Junction,None,,,         ,Wesley,Tilley,Cloudy,Rear to Rear,no,no,no,no,no,False
102637971,METROPOLITAN NASHVILLE POLICE DEPT,20200069073,Davidson,Nashville,1/29/2020 1:40:00 PM,2,0,0,36.207300,-86.791000,W TRINITY LN,,,,204.00,Feet,East,WHITES CREEK PKE,,,,0.00,N,Not at Intersection,N,Non-Junction,None,,,         ,Pamela,Caulder,Rain,"Sideswipe, Same Direction",no,no,no,no,no,False
102637972,METROPOLITAN NASHVILLE POLICE DEPT,20200069174,Davidson,Nashville,1/29/2020 2:45:00 PM,2,1,0,36.066140,-86.636720,BELL RD,,,,152.00,Feet,South,MORRIS GENTRY BLVD,,,,0.00,N,Not at Intersection,N,Non-Junction,None,,,         ,Cooper,HIll,Rain,Front to Rear,no,no,no,no,no,False
102637974,METROPOLITAN NASHVILLE POLICE DEPT,20200069183,Davidson,Nashville,1/29/2020 2:45:00 PM,2,0,0,36.191790,-86.784580,I 65,,,,0.00,,,,,,,86.05,N,Not at Intersection,N,Non-Junction,None,,,         ,Daniel,Kallman,Clear,Front to Rear,no,no,no,no,no,False
102637975,METROPOLITAN NASHVILLE POLICE DEPT,20200069140,Davidson,Not in City Limit,1/29/2020 2:20:00 PM,2,0,0,36.325920,-86.868970,WHITES CREEK PKE,,,,4.00,Feet,North,I24 W EXT RAMP,,,,0.00,N,Not at Intersection, ,Entrance/Exit Ramp Related,None,,,         ,Brian,Woodard,Cloudy,Front to Rear,no,no,no,no,no,False
102637997,METROPOLITAN NASHVILLE POLICE DEPT,20200069201,Davidson,Nashville,1/29/2020 2:10:00 PM,2,0,0,36.174320,-86.787280,JEFFERSON ST,,,,0.00,,,5TH AVE N,,,,0.00,Y,Four-Way,N,Intersection,None,,,         ,Joseph,Bingham,Clear,Front to Rear,no,no,no,no,no,False
102638026,METROPOLITAN NASHVILLE POLICE DEPT,20200069477,Davidson,Nashville,1/29/2020 4:53:00 PM,2,0,0,36.168300,-86.687950,BRILEY PKWY N EXT RAMP,,,,0.00,Feet,East,BRILEY PKWY N ENT RAMP,,,,0.00,N,Not at Intersection, ,Non-Junction,None,,,         ,Jason,Milyaro Lucas,Rain,Front to Rear,no,no,no,no,yes,False
102638036,METROPOLITAN NASHVILLE POLICE DEPT,2020069377,Davidson,Nashville,1/29/2020 4:13:00 PM,2,2,0,36.119760,-86.795570,BELMONT BLVD,,,,54.00,Feet,North,FERGUSON AV,,,,0.00,N,Not at Intersection,N,Non-Junction,None,,,         ,John,Timm,Rain,Angle,no,no,no,no,no,False
102638047,METROPOLITAN NASHVILLE POLICE DEPT,20200069501,Davidson,Nashville,1/29/2020 5:00:00 PM,2,0,0,36.173810,-86.791610,MADISON ST,,,,33.00,Feet,East,ROSA L PARKS BLVD,,,,0.00,N,Not at Intersection, ,,None,,,         ,Eric,McCoy,,,no,no,no,no,no,False
102638053,METROPOLITAN NASHVILLE POLICE DEPT,20200069591,Davidson,Not in City Limit,1/29/2020 5:40:00 PM,1,0,0,36.079980,-86.966010,US HWY 70S,,,,170.00,Feet,South,SADDLE RIDGE TRC,,,,0.00,N,Not at Intersection,N,Non-Junction,None,,,         ,Hillary,Sherman,Rain,Not Collision with Motor Vehicle in Transport,no,no,no,no,no,False
102638055,METROPOLITAN NASHVILLE POLICE DEPT,20200069574,Davidson,Nashville,1/29/2020 5:22:00 PM,2,0,0,36.175210,-86.725170,PERLEN DR,,,,197.00,Feet,North,FORTLAND DR,,,,0.00,N,Not at Intersection, ,Non-Junction,None,,,         ,Wayne,Helm,Cloudy,Rear to Side,no,no,no,no,no,False
102638062,METROPOLITAN NASHVILLE POLICE DEPT,20200069647,Davidson,Nashville,1/29/2020 5:40:00 PM,2,0,0,36.142550,-86.708440,I 40,,,,0.00,,,,,,,214.30,N,Not at Intersection, ,Non-Junction,None,,,         ,Dontaveous,Eubanks,Rain,"Sideswipe, Same Direction",no,no,no,no,no,False
102638064,METROPOLITAN NASHVILLE POLICE DEPT,20200069543,Davidson,Nashville,1/29/2020 5:35:00 PM,2,5,0,36.135400,-86.727100,I 24,,,,0.00,,,,,,,52.20,N,Not at Intersection, ,Non-Junction,None,,,         ,John,Walden,Rain,Front to Rear,no,no,no,no,no,False
102638065,METROPOLITAN NASHVILLE POLICE DEPT,20200069697,Davidson,Nashville,1/29/2020 12:00:00 AM,2,0,0,36.153600,-86.850600,I 40,,,,0.00,,,,,,,204.40,N,Not at Intersection, ,Non-Junction,None,,,         ,Je-Marc,Sears,Cloudy,Front to Rear,no,no,no,no,yes,False
102638077,METROPOLITAN NASHVILLE POLICE DEPT,20200069658,Davidson,Not in City Limit,1/29/2020 6:15:00 PM,4,1,0,36.034770,-86.972010,HIGHWAY 100,,,,153.00,Feet,West,WESTHAVEN DR,,,,0.00,N,Not at Intersection,N,Non-Junction,None,,,         ,Nathan,Glass,Clear,Front to Rear,no,no,no,no,yes,False
102638079,METROPOLITAN NASHVILLE POLICE DEPT,20200069703,Davidson,Nashville,1/29/2020 6:37:00 PM,4,0,0,36.169920,-86.756200,S 8TH ST,,,,0.00,,,SHELBY AV,,,,0.00,Y,Four-Way,N,Intersection,None,,,         ,Gordon,Stovall,Rain,Angle,no,no,no,no,no,False
102638081,METROPOLITAN NASHVILLE POLICE DEPT,20200069396,Davidson,Nashville,1/29/2020 3:35:00 PM,2,0,0,36.056220,-86.620060,MURFREESBORO PKE,,,,797.00,Feet,North,MT VIEW RD,,,,0.00,N,Not at Intersection,N,Non-Junction,None,,,         ,Joshua,Dale,Cloudy,Front to Rear,no,no,no,no,yes,False
102638085,METROPOLITAN NASHVILLE POLICE DEPT,20200069687,Davidson,Nashville,1/29/2020 4:47:00 PM,2,0,0,36.087120,-86.708000,PARAGON MILLS RD,,,,0.00,Feet,,DONNA KAY DR,,,,0.00,Y,Four-Way,N,Intersection,None,,,         ,Molly,Page,Clear,Angle,no,no,no,no,no,False
102638099,METROPOLITAN NASHVILLE POLICE DEPT,20200069358,Davidson,Nashville,1/29/2020 3:28:00 PM,2,0,0,36.218770,-86.597610,ANDREW JACKSON PKWY,,,,0.00,Feet,East,GENERAL JACKSON LN,,,,0.00,N,Not at Intersection,N,Non-Junction,None,,,         ,Terence,Mitchell,Rain,Angle,no,no,no,no,no,False