master_record_number,agency,agency_tracking_number,county,city,collision_date,vehicles_involved,number_injured,number_dead,latitude,longitude,roadway_name,roadway_suffix,roadway_number,roadway_local_id,distance_from_reference,miles-feet_indicator,direction_from_reference,intersection_road_name,intersection_road_name_suffix,intersection_road_number,intersection_local_id,mile_marker,intersection_indicator,intersect_type,interchange_related_indicator,relation_to_junction,work_zone_type,construction_maintenance_zone,construction_maintenance_zone_location,fatal_case_number,officer_first_name,officer_last_name,weather_condition(s),manner_of_crash,pedestrian,bicycle,scooter,parking,hitrun,mou
102638106,METROPOLITAN NASHVILLE POLICE DEPT,20200069606,Davidson,Nashville,1/29/2020 5:54:00 PM,2,1,0,36.183440,-86.744890,EASTLAND AV,,,,0.00,,,N 14TH ST,,,,0.00,Y,Four-Way,N,Intersection,None,,,         ,Randy,Puckett,Clear,Angle,no,no,no,no,no,False
102638110,METROPOLITAN NASHVILLE POLICE DEPT,20200069596,Davidson,Nashville,1/29/2020 5:45:00 PM,2,0,0,36.170240,-86.806950,DR D B TODD JR BLVD,,,,4.00,Feet,North,SCOVEL ST,,,,0.00,N,Not at Intersection, ,Non-Junction,None,,,         ,Jacob,Krispin,Rain,"Sideswipe, Same Direction",no,no,no,no,no,False
102638111,METROPOLITAN NASHVILLE POLICE DEPT,20200069806,Davidson,Nashville,1/29/2020 7:17:00 PM,2,0,0,36.158730,-86.789970,CHURCH ST,,,,228.00,Feet,East,GEORGE L DAVIS BLVD,,,,0.00,N,Not at Intersection, ,Non-Junction,None,,,         ,David,Snowden,Cloudy,Angle,no,no,no,no,yes,False
102638112,METROPOLITAN NASHVILLE POLICE DEPT,20200069631,Davidson,Nashville,1/29/2020 5:55:00 PM,2,0,0,36.161170,-86.792670,GEORGE L DAVIS BLVD,,,,10.00,Feet,South,CHARLOTTE AV,,,,0.00,N,Not at Intersection, ,Non-Junction,None,,,         ,Brian,Warstadt,Rain,"Sideswipe, Same Direction",no,no,no,no,no,False
102638122,METROPOLITAN NASHVILLE POLICE DEPT,20200069251,Davidson,Nashville,1/29/2020 2:44:00 PM,2,0,0,36.169990,-86.673290,LEBANON PKE,,,,0.00,,,,,,,0.00,,,N,Non-Junction,None,,,         ,Jeffrey,Mullins,Cloudy,Front to Rear,no,no,no,yes,yes,False
102638127,METROPOLITAN NASHVILLE POLICE DEPT,20200069333,Davidson,Goodlettsville,1/29/2020 3:52:00 PM,3,1,0,36.292760,-86.719780,I 65,,,,0.00,,,,,,,94.50,N,Not at Intersection,N,Non-Junction,None,,,         ,Samuel,Kersten,Rain,Front to Rear,no,no,no,no,yes,False
102638128,METROPOLITAN NASHVILLE POLICE DEPT,20200069549,Davidson,Not in City Limit,1/29/2020 5:12:00 PM,2,0,0,36.283900,-86.729750,I 65,,,,0.00,,,,,,,93.70,N,Not at Intersection, ,Non-Junction,None,,,         ,Samuel,Kersten,Rain,Front to Rear,no,no,no,no,no,False
102638129,METROPOLITAN NASHVILLE POLICE DEPT,20200069162,Davidson,Goodlettsville,1/29/2020 1:59:00 PM,2,0,0,36.293350,-86.695930,MYATT DR,,,,236.00,Feet,South,SPRING BRANCH DR,,,,0.00,N,Not at Intersection,N,Non-Junction,None,,,         ,Christopher,Littles,Cloudy,Angle,no,no,no,no,yes,False
102638130,METROPOLITAN NASHVILLE POLICE DEPT,20200069641,Davidson,Not in City Limit,1/29/2020 6:07:00 PM,2,0,0,36.264160,-86.727170,OLD HICKORY BLVDW,,,,0.00,,,E MARTHONA RD,,,,0.00,Y,T-Intersection,N,Intersection,None,,,         ,Christopher,Littles,Rain,Front to Rear,no,no,no,no,no,False
102638131,METROPOLITAN NASHVILLE POLICE DEPT,20200069921,Davidson,Not in City Limit,1/29/2020 8:12:00 PM,2,0,0,36.286810,-86.773280,HUNTERS LN,,,,703.00,Feet,North,GRANDVILLE BLVD,,,,0.00,N,Not at Intersection, ,,None,,,         ,Christopher,Littles,,,no,no,no,no,no,False
102638132,METROPOLITAN NASHVILLE POLICE DEPT,20200069739,Davidson,Nashville,1/29/2020 5:50:00 PM,2,0,0,36.082550,-86.763970,HARDING PL,,,,33.00,Feet,South,I65 S EXT RAMP,,,,0.00,N,Not at Intersection, ,Non-Junction,None,,,         ,Conor,Cronin,Cloudy,"Sideswipe, Same Direction",no,no,no,no,no,False
102638146,METROPOLITAN NASHVILLE POLICE DEPT,20200069412,Davidson,Nashville,1/29/2020 4:15:00 PM,2,0,0,36.168110,-86.600030,OLD HICKORY BLVD,,,,147.00,Feet,South,SELLS DR,,,,0.00,N,Not at Intersection,N,Non-Junction,None,,,         ,David,Stanley,Rain,Front to Rear,no,no,no,no,no,False
102638147,METROPOLITAN NASHVILLE POLICE DEPT,20200069805,Davidson,Nashville,1/29/2020 7:14:00 PM,2,0,0,36.163330,-86.787760,10TH AVE N,,,,0.00,,,RAMP,,,,0.00,Y,Four-Way, ,Intersection-Related,None,,,         ,Joseph,Bingham,Clear,"Sideswipe, Same Direction",no,no,no,no,no,False
102638148,METROPOLITAN NASHVILLE POLICE DEPT,20200069657,Davidson,Nashville,1/29/2020 5:32:00 PM,2,0,0,36.118240,-86.700240,MURFREESBORO PKE,,,,3.00,Feet,West,BRILEY PKWYN,,,,0.00,N,Not at Intersection,N,Non-Junction,None,,,         ,Phillip,Burke,Clear,"Sideswipe, Same Direction",no,no,no,no,no,False
102638152,METROPOLITAN NASHVILLE POLICE DEPT,20200069188,Davidson,Nashville,1/29/2020 4:51:00 PM,2,0,0,36.186950,-86.766260,CLEVELAND ST,,,,0.00,,,N 3RD ST,,,,0.00,Y,T-Intersection,N,Intersection,None,,,         ,Nicholas,Silinsky,Other,"Sideswipe, Opposite Direction",no,no,no,no,no,False
102638153,METROPOLITAN NASHVILLE POLICE DEPT,20200069978,Davidson,Nashville,1/29/2020 6:46:00 PM,2,0,0,36.211350,-86.732790,GALLATIN PKE,,,,108.00,Feet,South,HART LN,,,,0.00,N,Not at Intersection,N,Non-Junction,None,,,         ,Ethan,Usherwood,Rain,Front to Rear,no,no,no,no,yes,False
102638156,METROPOLITAN NASHVILLE POLICE DEPT,20200069510,Davidson,Nashville,1/29/2020 4:55:00 PM,2,0,0,36.140750,-86.720000,I 40,,,,0.00,,,,,,,213.65,N,Not at Intersection, ,Non-Junction,None,,,         ,Zachariah,Bush,Rain,Front to Rear,no,no,no,no,no,False
102638165,METROPOLITAN NASHVILLE POLICE DEPT,20200069215,Davidson,Nashville,1/29/2020 2:59:00 PM,1,0,0,36.061850,-86.644880,RURAL HILL RD,,,,51.00,Feet,North,HICKORY HIGHLANDS DR,,,,0.00,N,Not at Intersection, ,,None,,,         ,Gabriel,Hamilton,,,no,no,no,no,no,False
102638200,METROPOLITAN NASHVILLE POLICE DEPT,20200069444,Davidson,Nashville,1/29/2020 2:23:00 PM,3,0,0,36.086130,-86.691220,ANTIOCH PKE,,,,261.00,Feet,North,PERIMETER HILL DR,,,,0.00,N,Not at Intersection,N,Non-Junction,None,,,         ,Steffani,Dahlstrom,Cloudy,"Sideswipe, Same Direction",no,no,no,no,yes,False
102638208,METROPOLITAN NASHVILLE POLICE DEPT,20200069677,Davidson,Nashville,1/29/2020 6:22:00 PM,2,1,0,36.053180,-86.775540,I 65,,,,0.00,,,,,,,74.75,N,Not at Intersection,N,Non-Junction,None,,,         ,Nicholas,Carroll,Clear,Front to Rear,no,no,no,no,no,False
102638210,METROPOLITAN NASHVILLE POLICE DEPT,20200069220,Davidson,Nashville,1/29/2020 2:22:00 PM,2,0,0,36.077340,-86.739650,STATE HWY 255,,,,130.00,Feet,East,BINKLEY DR,,,,0.00,N,Not at Intersection, ,Non-Junction,None,,,         ,Katelin,Ehrhardt,Cloudy,"Sideswipe, Same Direction",no,no,no,no,no,False
102638212,METROPOLITAN NASHVILLE POLICE DEPT,20200070079,Davidson,Nashville,1/29/2020 9:10:00 PM,2,0,0,36.184790,-86.797040,-- UNKNOWN RAMP/ROAD --,,,,332.00,Feet,North,I 65,,,,0.00,N,Not at Intersection,N,Entrance/Exit Ramp Related,None,,,         ,Joseph,Bingham,Cloudy,"Sideswipe, Same Direction",no,no,no,no,yes,False
102638225,METROPOLITAN NASHVILLE POLICE DEPT,20200069993,Davidson,Nashville,1/29/2020 7:00:00 PM,2,0,0,36.066370,-86.686530,I24 E ENT RAMP,,,,0.00,Feet,East,I 24,,,,0.00,N,Not at Intersection, ,,None,,,         ,Jonathan,Watch,,,no,no,no,no,no,False
102638226,METROPOLITAN NASHVILLE POLICE DEPT,20200069339,Davidson,Nashville,1/29/2020 12:00:00 AM,2,0,0,36.132060,-86.807210,25TH AVS,,,,0.00,,,ESSEX PL,,,,0.00,Y,T-Intersection,N,Non-Junction,None,,,         ,FELIKS,ABRAHAMYAN,Clear,Unknown,no,no,no,no,yes,False
102638227,METROPOLITAN NASHVILLE POLICE DEPT,20200069455,Davidson,Nashville,1/29/2020 4:01:00 PM,2,0,0,36.040840,-86.773470,OAKES DR,,,,0.00,,,HEALTH PARK DR,,,,0.00,Y,Four-Way, ,,None,,,         ,FELIKS,ABRAHAMYAN,,,no,no,no,no,no,False
102638228,METROPOLITAN NASHVILLE POLICE DEPT,20200069609,Davidson,Nashville,1/29/2020 5:04:00 PM,2,0,0,36.040030,-86.743750,OLD HICKORY BLVD,,,,80.00,Feet,West,EDMONDSON PKE,,,,0.00,N,Not at Intersection, ,,None,,,         ,FELIKS,ABRAHAMYAN,,,no,no,no,no,no,False
102638229,METROPOLITAN NASHVILLE POLICE DEPT,20200069970,Davidson,Nashville,1/29/2020 6:48:00 PM,2,1,0,36.123930,-86.781320,VAULX LN,,,,0.00,,,INVERNESS AV,,,,0.00,Y,Four-Way,N,Non-Junction,None,,,         ,FELIKS,ABRAHAMYAN,Clear,Angle,no,no,no,no,no,False
102638230,METROPOLITAN NASHVILLE POLICE DEPT,20200069476,Davidson,Nashville,1/29/2020 4:31:00 PM,2,0,0,36.039500,-86.737690,OLD HICKORY BLVD,,,,0.00,Feet,East,MYRTLEWOOD DR,,,,0.00,N,Not at Intersection,N,Non-Junction,None,,,         ,Brandon,Hughes,Cloudy,Angle,no,no,no,no,no,False
102638231,METROPOLITAN NASHVILLE POLICE DEPT,20200069803,Davidson,Not in City Limit,1/29/2020 5:38:00 PM,2,0,0,35.996520,-86.689380,NOLENSVILLE PKE,,,,195.00,Feet,East,CONCORD RD,,,,0.00,N,Not at Intersection, ,Non-Junction,None,,,         ,Brandon,Hughes,Cloudy,Front to Rear,no,no,no,no,no,False
102638232,METROPOLITAN NASHVILLE POLICE DEPT,20200069801,Davidson,Not in City Limit,1/29/2020 6:23:00 PM,2,0,0,35.995930,-86.690840,CONCORD RD,,,,443.00,Feet,South,NOLENSVILLE PKE,,,,0.00,N,Not at Intersection, ,Non-Junction,None,,,         ,Brandon,Hughes,Cloudy,Angle,no,no,no,no,no,False
102638242,METROPOLITAN NASHVILLE POLICE DEPT,20200070158,Davidson,Antioch,1/29/2020 10:04:00 PM,2,1,0,36.015150,-86.620270,OLD HICKORY BLVD,,,,3.00,Feet,North,I24 W ENT RAMP,,,,0.00,N,Not at Intersection,N,Non-Junction,None,,,         ,Joshua,Dale,Clear,Front to Rear,no,no,no,no,yes,False
102638243,METROPOLITAN NASHVILLE POLICE DEPT,20200070012,Davidson,Nashville,1/29/2020 7:50:00 PM,2,1,0,36.115060,-86.917890,I 40,,,,0.00,,,,,,,199.60,N,Not at Intersection,N,Non-Junction,None,,,         ,Lawrence,Whited,Cloudy,"Sideswipe, Same Direction",no,no,no,no,no,False
102638247,METROPOLITAN NASHVILLE POLICE DEPT,20200069754,Davidson,Nashville,1/29/2020 6:05:00 PM,2,0,0,36.075300,-86.663400,BILLINGSGATE RD,,,,28.00,Feet,East,PEPPER RIDGE CIR,,,,0.00,N,Not at Intersection,N,Non-Junction,None,,,         ,Joel,Bennett,Rain,Front to Rear,no,no,no,no,yes,False
102638253,METROPOLITAN NASHVILLE POLICE DEPT,20200069559,Davidson,Nashville,1/29/2020 5:34:00 PM,3,1,0,36.118270,-86.913910,I 40,,,,0.00,,,,,,,199.90,N,Not at Intersection,N,Non-Junction,None,,,         ,Jeremy,Huffine,Rain,Front to Rear,no,no,no,no,no,False
102638259,METROPOLITAN NASHVILLE POLICE DEPT,20200070162,Davidson,Nashville,1/29/2020 10:11:00 PM,2,1,0,36.046020,-86.657930,COLLINS PARK DR,,,,0.00,,,BELL RD,,,,0.00,Y,Four-Way,N,Intersection,None,,,         ,Joel,Bennett,Rain,Front to Rear,no,no,no,no,no,False
102638281,METROPOLITAN NASHVILLE POLICE DEPT,20200070233,Davidson,Nashville,1/29/2020 9:23:00 PM,1,0,0,36.139810,-86.628260,BELL RD,,,,485.00,Feet,South,ELM HILL PIKE,,,,0.00,N,Not at Intersection,N,Non-Junction,None,,,         ,Corey,Ethridge,Clear,Not Collision with Motor Vehicle in Transport,no,no,no,no,yes,False
102638309,METROPOLITAN NASHVILLE POLICE DEPT,20200070326,Davidson,Nashville,1/29/2020 8:13:00 PM,2,0,0,36.126380,-86.903570,I 40,,,,0.00,,,,,,,200.65,N,Not at Intersection, ,Non-Junction,None,,,         ,Aaron,Wigginton,Clear,"Sideswipe, Same Direction",no,no,no,no,no,False
102638314,METROPOLITAN NASHVILLE POLICE DEPT,20200070437,Davidson,Nashville,1/30/2020 12:40:00 AM,1,0,0,36.148480,-86.816260,31ST AVN,,,,0.00,,,PARTHENON AV,,,,0.00,Y,T-Intersection,N,Intersection-Related,None,,,         ,Kevin,Reynolds,Clear,Not Collision with Motor Vehicle in Transport,no,no,no,no,no,False
102638379,METROPOLITAN NASHVILLE POLICE DEPT,20200070917,Davidson,Nashville,1/30/2020 5:17:00 AM,1,0,0,36.204710,-86.619440,HERMITAGE RD,,,,230.00,Feet,South,HILLS LN,,,,0.00,N,Not at Intersection,N,Non-Junction,None,,,         ,Randall,Ward,Clear,Not Collision with Motor Vehicle in Transport,no,no,no,no,yes,False
102638390,METROPOLITAN NASHVILLE POLICE DEPT,20200070899,Davidson,Nashville,1/30/2020 5:00:00 AM,2,1,0,36.217100,-86.775170,I 65,,,,0.00,,,,,,,88.10,N,Not at Intersection,N,Non-Junction,None,,,         ,Jacob,Dick,Clear,Front to Rear,no,no,no,no,no,False
102638413,METROPOLITAN NASHVILLE POLICE DEPT,20200070995,Davidson,Nashville,1/30/2020 6:20:00 AM,2,0,0,36.210660,-86.749110,ELLINGTON PKWYS,,,,1350.00,Feet,North,ELLINGTON PKWYN,,,,0.00,N,Not at Intersection,N,Non-Junction,None,,,         ,Lindsey,Anderson,Clear,Front to Rear,no,no,no,no,no,False
102638414,METROPOLITAN NASHVILLE POLICE DEPT,20200070966,Davidson,Nashville,1/30/2020 5:53:00 AM,2,1,0,36.059330,-86.716270,NOLENSVILLE PKE,,,,96.00,Feet,North,TUSCULUM RD,,,,0.00,N,Not at Intersection,N,Non-Junction,None,,,         ,Jose,Oliveros,Clear,Angle,no,no,no,no,no,False
102638421,METROPOLITAN NASHVILLE POLICE DEPT,20200071036,Davidson,Nashville,1/30/2020 6:36:00 AM,2,0,0,36.169840,-86.589050,I 40,,,,0.00,,,,,,,221.50,N,Not at Intersection, ,Non-Junction,None,,,         ,Michael,Brooks,Cloudy,Front to Rear,no,no,no,no,no,False
102638423,METROPOLITAN NASHVILLE POLICE DEPT,20200071019,Davidson,Nashville,1/30/2020 6:15:00 AM,2,0,0,36.252950,-86.716990,GALLATIN PKES,,,,111.00,Feet,South,MADISON SQ,,,,0.00,N,Not at Intersection, ,Non-Junction,None,,,         ,Brian,Otto,Clear,Front to Rear,no,no,no,no,no,False
102638424,METROPOLITAN NASHVILLE POLICE DEPT,20200071026,Davidson,Nashville,1/30/2020 6:24:00 AM,2,0,0,36.158390,-86.625210,I 40,,,,0.00,,,,,,,219.25,N,Not at Intersection, ,Non-Junction,None,,,         ,William,Mckay,Clear,Front to Rear,no,no,no,no,no,False
102638431,METROPOLITAN NASHVILLE POLICE DEPT,20200070971,Davidson,Nashville,1/30/2020 5:55:00 AM,3,1,0,36.238160,-86.782450,BRILEY PKWYE,,,,170.00,Feet,East,I24 W EXT RAMP,,,,0.00,N,Not at Intersection,N,Non-Junction,None,,,         ,Coleman,McKellar,Clear,Front to Rear,no,no,no,no,no,False
102638432,METROPOLITAN NASHVILLE POLICE DEPT,20200071015,Davidson,Not in City Limit,1/30/2020 6:27:00 AM,2,0,0,36.261240,-86.712530,GALLATIN PKES,,,,0.00,,,MAPLE ST,,,,0.00,Y,OTHER, ,Intersection-Related,None,,,         ,Eric,Richardson,Clear,"Sideswipe, Same Direction",no,no,no,no,no,False
102638453,METROPOLITAN NASHVILLE POLICE DEPT,20200071068,Davidson,Nashville,1/30/2020 7:00:00 AM,2,0,0,36.252950,-86.716990,GALLATIN PKES,,,,111.00,Feet,South,MADISON SQ,,,,0.00,N,Not at Intersection, ,Non-Junction,None,,,         ,Brian,Otto,Clear,Front to Rear,no,no,no,no,no,False
102638462,VANDERBILT UNIVERSITY POLICE,20200069148,Davidson,Nashville,1/29/2020 2:00:00 PM,2,0,0,36.108690,-86.763880,POWELL AV,,,,0.00,,,,,,,0.00,,, ,"Driveway, Alley Access, etc",None,,,         ,Fred,Oakley,Cloudy,Angle,no,no,no,yes,no,OHO
102638466,METROPOLITAN NASHVILLE POLICE DEPT,20200070955,Davidson,Nashville,1/30/2020 5:45:00 AM,2,0,0,36.224260,-86.774540,I 65,,,,0.00,,,,,,,88.55,N,Not at Intersection, ,Non-Junction,None,,,         ,James,Wray,Cloudy,"Sideswipe, Same Direction",no,no,no,no,no,False
102638467,METROPOLITAN NASHVILLE POLICE DEPT,20200071009,Davidson,Nashville,1/30/2020 6:36:00 AM,2,0,0,36.122830,-86.751090,NOLENSVILLE PKE,,,,4.00,Feet,North,I440 E ENT RAMP,,,,0.00,N,Not at Intersection,Y,Non-Junction,None,,,         ,Daryn,Yentes,Clear,Angle,no,no,no,no,no,False
102638469,METROPOLITAN NASHVILLE POLICE DEPT,20200070989,Davidson,Nashville,1/30/2020 6:16:00 AM,4,0,0,36.047170,-86.661910,I 24,,,,0.00,,,,,,,59.20,N,Not at Intersection, ,Non-Junction,None,,,         ,Antoine,Maghamez,Clear,Front to Rear,no,no,no,no,yes,False
102638474,METROPOLITAN NASHVILLE POLICE DEPT,20200071018,Davidson,Nashville,1/30/2020 6:40:00 AM,4,3,0,36.125620,-86.696150,BRILEY PKWY,,,,93.00,Feet,North,KERMIT DR,,,,0.00,N,Not at Intersection,N,Non-Junction,None,,,         ,Michael,Dance,Clear,Front to Rear,no,no,no,no,no,False
102638475,METROPOLITAN NASHVILLE POLICE DEPT,20200071127,Davidson,Nashville,1/30/2020 7:25:00 AM,2,0,0,36.127030,-86.708920,THOMPSON PL,,,,499.00,Feet,West,PATRICIA DR,,,,0.00,N,Not at Intersection, ,Non-Junction,None,,,         ,Daniel,Fuentes,Cloudy,Front to Rear,no,no,no,no,no,False
102638482,METROPOLITAN NASHVILLE POLICE DEPT,20200071188,Davidson,Nashville,1/30/2020 8:09:00 AM,2,0,0,36.219200,-86.774930,I 65,,,,0.00,,,,,,,88.25,N,Not at Intersection, ,,None,,,         ,James,Wray,,,no,no,no,no,no,False
102638485,METROPOLITAN NASHVILLE POLICE DEPT,20200071125,Davidson,Nashville,1/30/2020 7:34:00 AM,2,0,0,36.167340,-86.693870,LEBANON PKE,,,,447.00,Feet,West,COTTAGE LN,,,,0.00,N,Not at Intersection, ,Non-Junction,None,,,         ,Ralph,Harvey,Cloudy,"Sideswipe, Same Direction",no,no,no,no,no,False
102638499,METROPOLITAN NASHVILLE POLICE DEPT,20200071090,Davidson,Nashville,1/30/2020 6:15:00 AM,2,0,0,36.155640,-86.789710,US HWY 70,,,,0.00,,,14TH AVE,,,,0.00,Y,Four-Way,N,Intersection,None,,,         ,John,Roberson,Cloudy,Angle,no,no,no,no,yes,False
102638501,METROPOLITAN NASHVILLE POLICE DEPT,20200071052,Davidson,Nashville,1/29/2020 8:00:00 PM,1,0,0,36.205820,-86.747310,DR RICHARD G ADAMS DR,,,,491.00,Feet,North,E TRINITY LN,,,,0.00,N,Not at Intersection, ,OtherLocation,None,,,         ,Mandi,Maska,Clear,Not Collision with Motor Vehicle in Transport,no,no,no,yes,yes,False
102638507,METROPOLITAN NASHVILLE POLICE DEPT,20200071309,Davidson,Nashville,1/30/2020 7:45:00 AM,1,0,0,36.260860,-86.776240,BRICK CHURCH PKE,,,,649.00,Feet,South,BELLSHIRE DR,,,,0.00,N,Not at Intersection, ,Non-Junction,None,,,         ,Keenan,McCann,Cloudy,Not Collision with Motor Vehicle in Transport,no,no,no,no,no,False
102638508,METROPOLITAN NASHVILLE POLICE DEPT,20200071200,Davidson,Nashville,1/30/2020 8:14:00 AM,2,0,0,36.091960,-86.828080,HILLSBORO PKE,,,,88.00,Feet,East,FOREST PLACE CIR,,,,0.00,N,Not at Intersection, ,Non-Junction,None,,,         ,Justin,Pinkelton,Cloudy,Front to Rear,no,no,no,no,no,False
102638509,METROPOLITAN NASHVILLE POLICE DEPT,20200071213,Davidson,Nashville,1/30/2020 8:21:00 AM,2,0,0,36.183820,-86.748370,EASTLAND AV,,,,0.00,Feet,,GALLATIN AV,,,,0.00,Y,T-Intersection, ,Intersection,None,,,         ,Parker,Vegas,Clear,"Sideswipe, Same Direction",no,no,no,no,no,False
102638530,METROPOLITAN NASHVILLE POLICE DEPT,20200071275,Davidson,Nashville,1/30/2020 8:54:00 AM,2,0,0,36.116830,-86.773440,I 65,,,,0.00,,,,,,,80.25,N,Not at Intersection, ,Non-Junction,None,,,         ,Justin,Pinkelton,Cloudy,Front to Rear,no,no,no,no,no,False
102638531,Nashville Airport Police,19-00366,Davidson,Nashville,1/29/2020 12:00:00 AM,2,0,0,36.123650,-86.689860,AIR FREIGHT BLVD,,,,0.00,,,AIR FREIGHT BLVD,,,,0.00,Y,OTHER,N,Non-Junction,None,,,         ,Jerry,Lovell,Cloudy,Unknown,no,no,no,yes,yes,False
102638533,METROPOLITAN NASHVILLE POLICE DEPT,20200071267,Davidson,Nashville,1/30/2020 8:40:00 AM,2,1,0,36.160760,-86.793690,14TH AVN,,,,0.00,,,CHARLOTTE AV,,,,0.00,Y,Four-Way,Y,Intersection,None,,,         ,Brian,Quigley,Cloudy,"Sideswipe, Same Direction",no,no,no,no,yes,False
102638549,METROPOLITAN NASHVILLE POLICE DEPT,20200071389,Davidson,Nashville,1/30/2020 10:00:00 AM,2,0,0,36.153130,-86.847310,ALABAMA AV,,,,0.00,,,50TH AVN,,,,0.00,Y,T-Intersection, ,,None,,,         ,Curtis,Rich,,,no,no,no,no,no,False
102638563,METROPOLITAN NASHVILLE POLICE DEPT,20200071296,Davidson,Nashville,1/30/2020 9:05:00 AM,2,0,0,36.122380,-86.727350,I 24,,,,0.00,,,,,,,52.75,N,Not at Intersection, ,,None,,,         ,Patrick,Martin,,,no,no,no,no,no,False
102638578,METROPOLITAN NASHVILLE POLICE DEPT,20200071506,Davidson,Nashville,1/30/2020 10:44:00 AM,2,0,0,36.175550,-86.875390,CENTENNIAL BLVD,,,,0.00,,,CENTENNIAL PL,,,,0.00,Y,Y-Intersection, ,Intersection,None,,,         ,Curtis,Rich,Cloudy,Angle,no,no,no,no,no,False
102638585,METROPOLITAN NASHVILLE POLICE DEPT,20200071491,Davidson,Madison,1/30/2020 10:50:00 AM,1,0,0,36.256920,-86.738460,I 65,,,,0.00,,,,,,,91.75,N,Not at Intersection, ,,None,,,         ,Floyd,Brown,,,no,no,no,no,no,False
102638600,METROPOLITAN NASHVILLE POLICE DEPT,20200071355,Davidson,Nashville,1/30/2020 8:51:00 AM,2,0,0,36.110290,-86.773380,WOODMONT BLVD,,,,4.00,Feet,East,WOODMONT BLVD EB ENT RAMP,,,,0.00,N,Not at Intersection,N,Non-Junction,None,,,         ,Patrick,Martin,Cloudy,Front to Rear,no,no,no,no,yes,False
102638602,METROPOLITAN NASHVILLE POLICE DEPT,20200071343,Davidson,Nashville,1/30/2020 9:28:00 AM,2,1,0,36.152820,-86.683410,ELM HILL PKE,,,,0.00,,,MCGAVOCK PKE,,,,0.00,Y,Four-Way,Y,Intersection-Related,None,,,         ,Joshua,Hausman,Clear,Angle,no,no,no,no,no,False
102638616,METROPOLITAN NASHVILLE POLICE DEPT,20200071610,Davidson,Not in City Limit,1/30/2020 10:44:00 AM,2,0,0,36.044420,-86.956450,HIGHWAY 100,,,,65.00,Feet,West,OLD HARDING PKE,,,,0.00,N,Not at Intersection, ,,None,,,         ,Curtis,Rich,,,no,no,no,no,no,False
102638624,METROPOLITAN NASHVILLE POLICE DEPT,20200071417,Davidson,Nashville,1/30/2020 9:55:00 AM,2,0,0,36.249290,-86.735520,DUE WEST AVW,,,,0.00,,,BRIARVILLE RD,,,,0.00,Y,T-Intersection,Y,Intersection,None,,,         ,Mandi,Maska,Clear,Angle,no,no,no,no,yes,False
102638637,METROPOLITAN NASHVILLE POLICE DEPT,20200071294,Davidson,Nashville,1/30/2020 8:30:00 AM,2,0,0,36.080400,-86.717930,RECOVERY RD,,,,0.00,,,HARDING PL,,,,0.00,Y,Four-Way, ,Non-Junction,None,,,         ,Nopel,Stella,Clear,Front to Rear,no,no,no,no,no,False
102638652,METROPOLITAN NASHVILLE POLICE DEPT,20200071579,Davidson,Nashville,1/30/2020 10:19:00 AM,2,0,0,36.140670,-86.737810,MURFREESBORO PKE,,,,0.00,,,MENZLER RD,,,,0.00,Y,T-Intersection, ,,None,,,         ,Robert,Higgins,,,no,no,no,no,no,False
102638657,METROPOLITAN NASHVILLE POLICE DEPT,20200071670,Davidson,Not in City Limit,1/30/2020 12:00:00 PM,2,0,0,36.080450,-86.955010,HIGHWAY 70S,,,,76.00,Feet,West,I40 E ENT RAMP,,,,0.00,N,Not at Intersection, ,Non-Junction,None,,,         ,Wesley,Tilley,Cloudy,Front to Rear,no,no,no,no,yes,False
102638663,METROPOLITAN NASHVILLE POLICE DEPT,20200071616,Davidson,Nashville,1/30/2020 12:06:00 PM,2,0,0,36.153240,-86.687680,ELM HILL PKE,,,,0.00,,,ATRIUM WAY,,,,0.00,Y,Four-Way,N,Intersection-Related,None,,,         ,Ralph,Harvey,Cloudy,Angle,no,no,no,no,no,False
102638664,METROPOLITAN NASHVILLE POLICE DEPT,20200071659,Davidson,Nashville,1/30/2020 12:27:00 PM,1,1,0,36.061600,-86.628830,HAMILTON CHURCH RD,,,,697.00,Feet,East,HAMILTON CROSSINGS,,,,0.00,N,Not at Intersection,N,Non-Junction,None,,,         ,Patrick,Martin,Cloudy,Not Collision with Motor Vehicle in Transport,yes,no,no,yes,no,False
102638667,METROPOLITAN NASHVILLE POLICE DEPT,2020-0071756,Davidson,Nashville,1/30/2020 1:05:00 PM,1,0,0,36.248440,-86.746930,OLD DUE WEST AV,,,,507.00,Feet,East,SKYLINE MEMORIAL CT,,,,0.00,N,Not at Intersection,N,Non-Junction,None,,,         ,Travis,Baxter,Clear,Not Collision with Motor Vehicle in Transport,no,no,no,no,no,False
102638677,METROPOLITAN NASHVILLE POLICE DEPT,20200071701,Davidson,Nashville,1/30/2020 12:05:00 PM,2,0,0,36.180030,-86.809770,BUCHANAN ST,,,,0.00,,,16TH AVN,,,,0.00,Y,T-Intersection,N,Non-Junction,None,,,         ,Brian,Quigley,Cloudy,Front to Rear,no,no,no,no,yes,False
102638678,METROPOLITAN NASHVILLE POLICE DEPT,20200071716,Davidson,Nashville,1/30/2020 12:45:00 PM,2,0,0,36.149900,-86.857940,WHITE BRIDGE PKE,,,,90.00,Feet,South,CHARLOTTE PKE,,,,0.00,N,Not at Intersection, ,Non-Junction,None,,,         ,Curtis,Rich,Cloudy,Front to Rear,no,no,no,no,no,False