master_record_number,agency,agency_tracking_number,county,city,collision_date,vehicles_involved,number_injured,number_dead,latitude,longitude,roadway_name,roadway_suffix,roadway_number,roadway_local_id,distance_from_reference,miles-feet_indicator,direction_from_reference,intersection_road_name,intersection_road_name_suffix,intersection_road_number,intersection_local_id,mile_marker,intersection_indicator,intersect_type,interchange_related_indicator,relation_to_junction,work_zone_type,construction_maintenance_zone,construction_maintenance_zone_location,fatal_case_number,officer_first_name,officer_last_name,weather_condition(s),manner_of_crash,pedestrian,bicycle,scooter,parking,hitrun,mou
102639493,METROPOLITAN NASHVILLE POLICE DEPT,20200073762,Davidson,Antioch,1/31/2020 5:38:00 AM,2,0,0,36.059400,-86.599650,HAMILTON CHURCH RD,,,,641.00,Feet,West,HOBSON PKE,,,,0.00,N,Not at Intersection,N,Non-Junction,None,,,         ,Holly,Davis,Rain,"Sideswipe, Opposite Direction",no,no,no,no,yes,False
102639507,METROPOLITAN NASHVILLE POLICE DEPT,20200073814,Davidson,Nashville,1/31/2020 6:12:00 AM,1,1,0,36.248510,-86.683820,NEELYS BEND RD,,,,0.00,,,SANITARIUM RD,,,,0.00,Y,T-Intersection,Y,Intersection,None,,,         ,Reuben,Hewit,Cloudy,Not Collision with Motor Vehicle in Transport,yes,no,no,no,no,False
102639511,METROPOLITAN NASHVILLE POLICE DEPT,20200073856,Davidson,Nashville,1/31/2020 6:40:00 AM,2,0,0,36.176980,-86.765660,SPRING ST ENT RAMP,,,,0.00,,,ELLINGTON PKWYS,,,,0.00,Y,Y-Intersection,N,Entrance/Exit Ramp Related,None,,,         ,Andrew,Ivey,Cloudy,Front to Rear,no,no,no,no,no,False
102639513,METROPOLITAN NASHVILLE POLICE DEPT,20200073833,Davidson,Nashville,1/31/2020 6:42:00 AM,2,2,0,36.150520,-86.749230,I 40,,,,0.00,,,,,,,211.65,N,Not at Intersection,N,Non-Junction,None,,,         ,Michael,Dance,Cloudy,Front to Rear,no,no,no,no,no,False
102639518,METROPOLITAN NASHVILLE POLICE DEPT,20200073901,Davidson,Not in City Limit,1/31/2020 7:00:00 AM,3,0,0,36.076950,-87.028960,I 40,,,,0.00,,,,,,,192.05,N,Not at Intersection, ,,None,,,         ,Curtis,Rich,,,no,no,no,no,no,False
102639536,METROPOLITAN NASHVILLE POLICE DEPT,20200073841,Davidson,Antioch,1/31/2020 6:45:00 AM,3,1,0,36.037250,-86.610840,HOBSON PKE,,,,502.00,Feet,North,OLD HICKORY BLVD,,,,0.00,N,Not at Intersection,N,Non-Junction,None,,,         ,Patrick,Martin,Cloudy,Front to Rear,no,no,no,no,no,False
102639545,GOODLETTSVILLE POLICE DEPT,20-03646,Davidson,Goodlettsville,1/31/2020 6:15:00 AM,2,1,0,36.323170,-86.707590,CARTWRIGHT ST,,,,25.00,Feet,North,LONG HOLLOW PKE,,,,0.00,N,Not at Intersection,N,Non-Junction,None,,,         ,George,Forbes,Rain,HeadOn,no,no,no,no,no,False
102639546,METROPOLITAN NASHVILLE POLICE DEPT,20200073942,Davidson,Nashville,1/31/2020 7:00:00 AM,2,0,0,36.214390,-86.838080,CLARKSVILLE PKE,,,,0.00,,,CEDAR CIR,,,,0.00,Y,T-Intersection,N,Non-Junction,Construction Zone,Work On Shoulder Or Median,Activity Area,         ,James,Wray,Rain,"Sideswipe, Opposite Direction",no,no,no,no,yes,False
102639547,METROPOLITAN NASHVILLE POLICE DEPT,20200071733,Davidson,Nashville,1/30/2020 12:55:00 PM,3,2,0,36.164160,-86.763060,I 24,,,,0.00,,,,,,,49.15,N,Not at Intersection,N,Non-Junction,None,,,         ,Garrett,Short,Clear,Front to Rear,no,no,no,no,no,False
102639548,METROPOLITAN NASHVILLE POLICE DEPT,20200073936,Davidson,Nashville,1/31/2020 7:05:00 AM,2,3,0,36.168120,-86.816930,JEFFERSON ST,,,,0.00,,,I40 W ENT RAMP,,,,0.00,Y,Y-Intersection,N,Entrance/Exit Ramp Related,None,,,         ,Brian,Quigley,Rain,Angle,no,no,no,no,no,False
102639549,METROPOLITAN NASHVILLE POLICE DEPT,20200073953,Davidson,Nashville,1/31/2020 7:32:00 AM,2,0,0,36.142110,-86.651970,I 40,,,,0.00,,,,,,,217.55,N,Not at Intersection, ,Non-Junction,None,,,         ,Ralph,Harvey,Cloudy,"Sideswipe, Same Direction",no,no,no,no,no,False
102639550,METROPOLITAN NASHVILLE POLICE DEPT,20200073958,Davidson,Nashville,1/31/2020 7:32:00 AM,2,0,0,36.015280,-86.620050,I24 W EXT RAMP,,,,0.00,Feet,East,I 24,,,,0.00,N,Not at Intersection, ,,None,,,         ,Lee,Davis,,,no,no,no,no,no,False
102639554,METROPOLITAN NASHVILLE POLICE DEPT,20200073873,Davidson,Nashville,1/31/2020 6:35:00 AM,3,0,0,36.227160,-86.746780,ELLINGTON PKWYS,,,,134.00,Feet,South,ELLINGTON PKWY N EXT RAMP,,,,0.00,N,Not at Intersection,N,Non-Junction,None,,,         ,Douglas,Smith,Rain,Front to Rear,no,no,no,no,no,False
102639556,METROPOLITAN NASHVILLE POLICE DEPT,20200074033,Davidson,Nashville,1/31/2020 8:05:00 AM,2,0,0,36.152240,-86.625070,BELL RD,,,,0.00,,,STEWARTS FERRY PKE,,,,0.00,Y,Four-Way, ,Intersection,None,,,         ,Michael,Dance,Rain,Angle,no,no,no,no,no,False
102639576,METROPOLITAN NASHVILLE POLICE DEPT,20200074027,Davidson,Nashville,1/31/2020 8:05:00 AM,2,0,0,36.134280,-86.779400,WEDGEWOOD AV,,,,91.00,Feet,West,8TH AVS,,,,0.00,N,Not at Intersection,N,Non-Junction,None,,,         ,Justin,Pinkelton,Rain,Front to Rear,no,no,no,no,yes,False
102639585,METROPOLITAN NASHVILLE POLICE DEPT,20200074062,Davidson,Nashville,1/31/2020 12:00:00 AM,2,0,0,36.198440,-86.620270,LEBANON PKE,,,,0.00,,,OLD HICKORY BLVD,,,,0.00,Y,Four-Way,N,Intersection,None,,,         ,Roger,Luther,Rain,Angle,no,no,no,no,no,False
102639596,METROPOLITAN NASHVILLE POLICE DEPT,20200074037,Davidson,Nashville,1/31/2020 8:10:00 AM,2,1,0,36.156780,-86.796640,17TH AVN,,,,5.00,Feet,South,STATE ST,,,,0.00,N,Not at Intersection,N,Non-Junction,None,,,         ,Zaire,Murray,Cloudy,Angle,no,no,no,no,no,False
102639614,METROPOLITAN NASHVILLE POLICE DEPT,20200074223,Davidson,Nashville,1/31/2020 12:00:00 AM,1,0,0,36.154700,-86.675030,LAKELAND DR,,,,373.00,Feet,East,EMERY DR,,,,0.00,N,Not at Intersection,N,Non-Junction,None,,,         ,Michael,Dance,Cloudy,Not Collision with Motor Vehicle in Transport,no,no,no,no,yes,False
102639620,METROPOLITAN NASHVILLE POLICE DEPT,20200074245,Davidson,Nashville,1/31/2020 9:05:00 AM,2,0,0,36.132670,-86.779240,8TH AVS,,,,60.00,Feet,North,BENTON AV,,,,0.00,N,Not at Intersection, ,Non-Junction,None,,,         ,Justin,Pinkelton,Cloudy,Angle,no,no,no,no,no,False
102639625,METROPOLITAN NASHVILLE POLICE DEPT,20200074109,Davidson,Goodlettsville,1/31/2020 8:30:00 AM,2,0,0,36.288220,-86.725230,I 65,,,,0.00,,,,,,,94.05,N,Not at Intersection, ,Non-Junction,None,,,         ,Charles,Wingo,Rain,"Sideswipe, Same Direction",no,no,no,no,no,False
102639626,METROPOLITAN NASHVILLE POLICE DEPT,20200073990,Davidson,Not in City Limit,1/31/2020 7:50:00 AM,1,1,0,36.302110,-86.812600,I 24,,,,0.00,,,,,,,38.65,N,Not at Intersection,N,Non-Junction,None,,,         ,Royce,McLester,Rain,Not Collision with Motor Vehicle in Transport,no,no,no,no,no,False
102639628,METROPOLITAN NASHVILLE POLICE DEPT,20200074168,Davidson,Nashville,1/31/2020 9:20:00 AM,2,0,0,36.173480,-86.760470,WOODLAND ST,,,,52.00,Feet,West,S 7TH ST,,,,0.00,N,Not at Intersection, ,Non-Junction,None,,,         ,Douglas,Smith,Rain,"Sideswipe, Same Direction",no,no,no,no,no,False
102639629,METROPOLITAN NASHVILLE POLICE DEPT,20200074102,Davidson,Nashville,1/31/2020 8:43:00 AM,3,1,0,36.070940,-86.635150,MURFREESBORO PKE,,,,456.00,Feet,South,BELL RD,,,,0.00,N,Not at Intersection,N,"Driveway, Alley Access, etc",None,,,         ,Patrick,Martin,Cloudy,Angle,no,no,no,no,no,False
102639633,METROPOLITAN NASHVILLE POLICE DEPT,2020068755,Davidson,Nashville,1/29/2020 11:35:00 AM,2,0,0,36.165050,-86.777850,BANKERS ALY,,,,116.00,Feet,East,3RD AVN,,,,0.00,N,Not at Intersection, ,Non-Junction,None,,,         ,Cory,West,Clear,"Sideswipe, Opposite Direction",no,no,no,yes,yes,False
102639634,METROPOLITAN NASHVILLE POLICE DEPT,20200073988,Davidson,Nashville,1/31/2020 7:40:00 AM,4,2,0,36.082560,-86.697760,I 24,,,,0.00,,,,,,,56.00,N,Not at Intersection,N,Non-Junction,None,,,         ,Luis,Pena,Cloudy,Front to Rear,no,no,no,no,no,False
102639635,METROPOLITAN NASHVILLE POLICE DEPT,20200073960,Davidson,Nashville,1/31/2020 6:32:00 AM,2,0,0,36.079370,-86.632570,EDGE O LAKE DR,,,,0.00,,,BELL RD,,,,0.00,Y,Four-Way,N,Intersection,None,,,         ,Mario,Diaz,Clear,Front to Rear,no,no,no,no,no,False
102639655,METROPOLITAN NASHVILLE POLICE DEPT,20200074194,Davidson,Nashville,1/31/2020 9:24:00 AM,3,1,0,36.170780,-86.801400,JEFFERSON ST,,,,20.00,Feet,West,14TH AVN,,,,0.00,N,Not at Intersection,N,Non-Junction,None,,,         ,Bianca,Crawford,Clear,Angle,no,no,no,no,yes,False
102639671,METROPOLITAN NASHVILLE POLICE DEPT,20200074260,Davidson,Nashville,1/31/2020 10:00:00 AM,2,0,0,36.149670,-86.747550,I 40,,,,0.00,,,,,,,211.75,N,Not at Intersection, ,Non-Junction,None,,,         ,Raymond,Flaherty,Clear,"Sideswipe, Same Direction",no,no,no,no,no,False
102639677,METROPOLITAN NASHVILLE POLICE DEPT,2020-0074321,Davidson,Nashville,1/31/2020 10:25:00 AM,2,0,0,36.152480,-86.802700,21ST AVN,,,,0.00,,,CHURCH ST,,,,0.00,Y,Four-Way, ,Intersection-Related,None,,,         ,Po,Cheng,Cloudy,Angle,no,no,no,no,no,Campus
102639681,METROPOLITAN NASHVILLE POLICE DEPT,20200074376,Davidson,Nashville,1/31/2020 9:38:00 AM,2,0,0,36.099130,-86.710450,I 24,,,,0.00,,,,,,,54.65,N,Not at Intersection,N,Non-Junction,None,,,         ,Patrick,Martin,Cloudy,Front to Rear,no,no,no,no,no,False
102639689,METROPOLITAN NASHVILLE POLICE DEPT,20200074278,Davidson,Nashville,1/31/2020 8:45:00 AM,2,0,0,36.208870,-86.776180,I 65,,,,0.00,,,,,,,87.50,N,Not at Intersection,Y,Non-Junction,None,,,         ,Jeanine,Sarno,Rain,Front to Rear,no,no,no,no,no,False
102639706,METROPOLITAN NASHVILLE POLICE DEPT,20200074428,Davidson,Nashville,1/31/2020 10:59:00 AM,2,0,0,36.157400,-86.759810,I 24,,,,0.00,,,,,,,49.65,N,Not at Intersection, ,Non-Junction,None,,,         ,Michael,Dance,Cloudy,"Sideswipe, Same Direction",no,no,no,no,no,False
102639725,METROPOLITAN NASHVILLE POLICE DEPT,20200074465,Davidson,Nashville,1/31/2020 11:52:00 AM,3,0,0,36.032200,-86.758290,CLOVERLAND DR,,,,300.00,Feet,West,CLOVERLAND PARK DR,,,,0.00,N,Not at Intersection, ,Non-Junction,None,,,         ,Earl,Davis,Cloudy,Front to Rear,no,no,no,no,no,False
102639728,METROPOLITAN NASHVILLE POLICE DEPT,20200074241,Davidson,Nashville,1/31/2020 9:36:00 AM,2,0,0,36.185170,-86.747770,GALLATIN AV,,,,181.00,Feet,North,CHICAMAUGA AV,,,,0.00,N,Not at Intersection, ,Non-Junction,None,,,         ,Torrance,Bennett,Rain,Front to Rear,no,no,no,no,no,False
102639729,METROPOLITAN NASHVILLE POLICE DEPT,20200074413,Davidson,Nashville,1/31/2020 11:19:00 AM,2,1,0,36.193560,-86.805930,ROSA L PARKS BLVD,,,,307.00,Feet,West,WATKINS COLLEGE PVTDR,,,,0.00,N,Not at Intersection,N,Non-Junction,None,,,         ,Cody,Jaworski,Rain,Angle,no,no,no,no,no,False
102639730,METROPOLITAN NASHVILLE POLICE DEPT,20200074333,Davidson,Nashville,1/31/2020 10:32:00 AM,2,0,0,36.157870,-86.759870,I 24,,,,0.00,,,,,,,49.60,N,Not at Intersection, ,Non-Junction,None,,,         ,Michael,Dance,Cloudy,Front to Rear,no,no,no,no,no,False
102639732,METROPOLITAN NASHVILLE POLICE DEPT,20200071004,Davidson,Nashville,1/30/2020 6:27:00 AM,1,1,0,36.066880,-86.599780,HAMILTON CHURCH RD,,,,180.00,Feet,East,MT VIEW RD,,,,0.00,N,Not at Intersection,N,Non-Junction,None,,,         ,Donald,Davidson,Cloudy,Not Collision with Motor Vehicle in Transport,yes,no,no,no,yes,False
102639771,METROPOLITAN NASHVILLE POLICE DEPT,20200074575,Davidson,Nashville,1/31/2020 12:48:00 PM,2,1,0,36.167660,-86.663320,LEBANON PKE,,,,0.00,,,DONELSON PKE,,,,0.00,Y,Four-Way, ,Non-Junction,None,,,         ,Michael,Dance,Cloudy,Front to Rear,no,no,no,no,no,False
102639809,METROPOLITAN NASHVILLE POLICE DEPT,20200074606,Davidson,Nashville,1/31/2020 1:03:00 PM,2,0,0,36.089350,-86.802940,BATTERY LN,,,,0.00,,,GRANNY WHITE PKE,,,,0.00,Y,Four-Way, ,,None,,,         ,Justin,Pinkelton,,,no,no,no,no,no,False
102639850,METROPOLITAN NASHVILLE POLICE DEPT,20200074535,Davidson,Nashville,1/31/2020 10:47:00 AM,2,0,0,36.156310,-86.807250,22ND AVN,,,,0.00,,,CHARLOTTE AV,,,,0.00,Y,Four-Way, ,Intersection,None,,,         ,Keith,Parlato,Rain,Angle,no,no,no,no,no,False
102639862,METROPOLITAN NASHVILLE POLICE DEPT,20200074540,Davidson,Nashville,1/31/2020 12:25:00 PM,1,0,0,36.236050,-86.743550,I65 N ENT RAMP,,,,0.00,Feet,East,ELLINGTON PKWYN,,,,0.00,N,Not at Intersection,N,Entrance/Exit Ramp Related,None,,,         ,Mandi,Maska,Cloudy,Not Collision with Motor Vehicle in Transport,no,no,no,no,no,False
102639888,GOODLETTSVILLE POLICE DEPT,20-03690,Davidson,Goodlettsville,1/31/2020 12:16:00 PM,2,0,0,36.299050,-86.700240,RIVERGATE PKWY,,,,45.00,Feet,North,GLANCY ST,,,,0.00,N,Not at Intersection, ,Non-Junction,None,,,         ,George,Forbes,Rain,Angle,no,no,no,no,no,False
102639906,METROPOLITAN NASHVILLE POLICE DEPT,20200074670,Davidson,Nashville,1/31/2020 12:45:00 PM,2,0,0,36.158530,-86.782950,BROADWAY,,,,65.00,Feet,West,9TH AVN,,,,0.00,N,Not at Intersection,N,Non-Junction,None,,,         ,William,Caillouette,Rain,"Sideswipe, Same Direction",no,no,no,no,yes,False
102639915,METROPOLITAN NASHVILLE POLICE DEPT,20200074624,Davidson,Nashville,1/31/2020 1:14:00 PM,2,1,0,36.124100,-86.743700,I 440,,,,0.00,,,,,,,6.60,N,Not at Intersection,N,Non-Junction,Work Zone,Laneclosure,Activity Area,         ,Patrick,Martin,Cloudy,Front to Rear,no,no,no,no,no,False
102639937,METROPOLITAN NASHVILLE POLICE DEPT,20200074664,Davidson,Nashville,1/31/2020 12:00:00 AM,3,0,0,36.101880,-86.718770,TWIN OAKS PVTDR,,,,398.00,Feet,North,ANTIOCH PKE,,,,0.00,N,Not at Intersection,N,Non-Junction,None,,,         ,James,Thomas,Unknown,Angle,no,no,no,yes,yes,False
102639938,METROPOLITAN NASHVILLE POLICE DEPT,20200074633,Davidson,Nashville,1/31/2020 1:12:00 PM,2,0,0,36.080370,-86.726570,NOLENSVILLE PKE,,,,286.00,Feet,North,HARDING PL,,,,0.00,N,Not at Intersection,N,OtherLocation,None,,,         ,Cynthia,Quirouette,Rain,Angle,no,no,no,yes,yes,False
102639950,VANDERBILT UNIVERSITY POLICE,20200074589,Davidson,Nashville,1/31/2020 12:43:00 PM,2,0,0,36.140740,-86.800340,21ST AVS,,,,0.00,,,DIXIE PL,,,,0.00,Y,T-Intersection, ,Intersection,None,,,         ,Casey,Campbell,Rain,Front to Rear,no,no,no,no,no,Campus
102639956,METROPOLITAN NASHVILLE POLICE DEPT,20200074742,Davidson,Nashville,1/31/2020 2:09:00 PM,2,1,0,36.150970,-86.750200,I 40,,,,0.00,,,,,,,211.60,N,Not at Intersection,N,Non-Junction,None,,,         ,Michael,Dance,Rain,Not Collision with Motor Vehicle in Transport,no,no,no,no,yes,False
102639957,METROPOLITAN NASHVILLE POLICE DEPT,20200074323,Davidson,Nashville,1/31/2020 12:00:00 AM,1,0,0,36.190280,-86.612910,OLD LEBANON DIRT RD,,,,17.00,Feet,East,WEBER RD,,,,0.00,N,Not at Intersection,N,Non-Junction,None,,,         ,Patrick,Lancaster,Cloudy,Not Collision with Motor Vehicle in Transport,no,no,no,no,yes,False
102639973,METROPOLITAN NASHVILLE POLICE DEPT,20200074724,Davidson,Nashville,1/31/2020 1:20:00 PM,2,0,0,36.205110,-86.776630,I 65,,,,0.00,,,,,,,87.20,N,Not at Intersection,Y,Non-Junction,None,,,         ,Jeanine,Sarno,Cloudy,Front to Rear,no,no,no,no,no,False
102639979,METROPOLITAN NASHVILLE POLICE DEPT,20200074617,Davidson,Nashville,1/31/2020 1:09:00 PM,2,0,0,36.209440,-86.713740,MCGAVOCK PKE,,,,23.00,Feet,North,RIVERWOOD DR,,,,0.00,N,Not at Intersection, ,Non-Junction,None,,,         ,Sarah,Cartwright,Cloudy,Angle,no,no,no,no,no,False
102639990,METROPOLITAN NASHVILLE POLICE DEPT,20200074654,Davidson,Nashville,1/31/2020 1:25:00 PM,2,0,0,36.185410,-86.764690,LISCHEY AV,,,,0.00,,,WILBURN ST,,,,0.00,Y,T-Intersection, ,Intersection,None,,,         ,Jeremy,Smith,Clear,Angle,no,no,no,no,no,False
102640022,METROPOLITAN NASHVILLE POLICE DEPT,20200074868,Davidson,Nashville,1/31/2020 3:20:00 PM,1,0,0,36.170250,-86.797940,I 40,,,,0.00,,,,,,,208.00,N,Not at Intersection, ,Non-Junction,None,,,         ,Gabriel,Vasquez,Clear,Not Collision with Motor Vehicle in Transport,no,no,no,no,no,False
102640028,METROPOLITAN NASHVILLE POLICE DEPT,20200074660,Davidson,Nashville,1/31/2020 1:31:00 PM,3,1,0,36.199640,-86.740650,DELMAS AV,,,,0.00,Feet,West,GALLATIN PKE,,,,0.00,N,Not at Intersection,N,Non-Junction,None,,,         ,Jamel,Griffin,Rain,Angle,no,no,no,no,no,False
102640036,METROPOLITAN NASHVILLE POLICE DEPT,20200074835,Davidson,Nashville,1/31/2020 3:05:00 PM,2,0,0,36.135910,-86.726730,I 24,,,,0.00,,,,,,,52.20,N,Not at Intersection, ,Non-Junction,None,,,         ,Douglas,Mann,Cloudy,Front to Rear,no,no,no,no,yes,False
102640038,METROPOLITAN NASHVILLE POLICE DEPT,20200074827,Davidson,Nashville,1/31/2020 3:03:00 PM,1,1,0,36.172420,-86.794810,10TH AVN,,,,0.00,,,JEFFERSON ST,,,,0.00,Y,Four-Way,N,Intersection,None,,,         ,Anna,Clayton,Cloudy,Not Collision with Motor Vehicle in Transport,yes,no,no,no,no,False
102640048,METROPOLITAN NASHVILLE POLICE DEPT,20200074926,Davidson,Not in City Limit,1/31/2020 3:43:00 PM,2,0,0,36.264320,-86.736340,OLD HICKORY BLVDW,,,,64.00,Feet,West,I65 N ENT RAMP,,,,0.00,N,Not at Intersection, ,Non-Junction,None,,,         ,Christopher,Littles,Cloudy,Angle,no,no,no,no,no,False
102640054,METROPOLITAN NASHVILLE POLICE DEPT,20200074880,Davidson,Nashville,1/31/2020 3:23:00 PM,2,0,0,36.217410,-86.701090,MCGAVOCK PKE,,,,0.00,Feet,East,OPRY MILLS DR,,,,0.00,N,Not at Intersection, ,,None,,,         ,Evan,Grace,,,no,no,no,no,no,False
102640082,METROPOLITAN NASHVILLE POLICE DEPT,20200074957,Davidson,Nashville,1/31/2020 3:39:00 PM,2,0,0,36.119590,-86.808760,US HWY 431,,,,28.00,Feet,South,STOKES LN,,,,0.00,N,Not at Intersection,N,Non-Junction,None,,,         ,Goran,Manojlovic,Clear,Angle,no,no,no,no,no,False
102640083,METROPOLITAN NASHVILLE POLICE DEPT,20200074773,Davidson,Nashville,1/31/2020 4:02:00 PM,2,1,0,36.202700,-86.758050,JONES AV,,,,109.00,Feet,South,JOY AV,,,,0.00,N,Not at Intersection,N,Non-Junction,None,,,         ,Ryan,Coll,Clear,HeadOn,no,no,no,no,no,False
102640091,METROPOLITAN NASHVILLE POLICE DEPT,20200074944,Davidson,Nashville,1/31/2020 3:25:00 PM,2,0,0,36.154880,-86.762190,I40 W ENT RAMP,,,,0.00,,,I40 W ENT RAMP,,,,0.00,,Not at Intersection,N,Non-Junction,None,,,         ,Miles,Posey,Rain,Front to Rear,no,no,no,no,yes,False
102640094,METROPOLITAN NASHVILLE POLICE DEPT,20200074818,Davidson,Nashville,1/31/2020 1:34:00 PM,2,0,0,36.109380,-86.727150,BRILEY PKWYS,,,,265.00,Feet,East,BRILEY PKWYN,,,,0.00,N,Not at Intersection, ,Non-Junction,None,,,         ,Edward,Starke,Clear,Front to Rear,no,no,no,no,no,False
102640095,METROPOLITAN NASHVILLE POLICE DEPT,20200074888,Davidson,Nashville,1/31/2020 3:15:00 PM,2,0,0,36.083050,-86.766720,-- UNKNOWN RAMP/ROAD --,,,,0.00,Feet,East,I 65,,,,0.00,N,Not at Intersection, ,,None,,,         ,Nicholas,Carroll,,,no,no,no,no,no,False
102640096,METROPOLITAN NASHVILLE POLICE DEPT,20200075038,Davidson,Nashville,1/31/2020 4:25:00 PM,2,1,0,36.185300,-86.636500,JACKSON DOWNS BLVD,,,,0.00,,,LEBANON PKE,,,,0.00,Y,T-Intersection,N,Intersection,None,,,         ,Adam,Warren,Cloudy,Front to Rear,no,no,no,no,no,False
102640116,METROPOLITAN NASHVILLE POLICE DEPT,20200074933,Davidson,Nashville,1/31/2020 3:44:00 PM,2,3,0,36.145500,-86.626190,BELL RD,,,,0.00,,,LINCOYA BAY DR,,,,0.00,Y,Four-Way,N,Intersection,None,,,         ,Jeffrey,Mullins,Cloudy,Front to Rear,no,no,no,no,no,False
102640117,METROPOLITAN NASHVILLE POLICE DEPT,20200075003,Davidson,Nashville,1/31/2020 3:32:00 PM,2,0,0,36.091260,-86.704050,I 24,,,,0.00,,,,,,,55.30,N,Not at Intersection, ,Non-Junction,None,,,         ,Edward,Starke,Clear,Front to Rear,no,no,no,no,no,False
102640119,METROPOLITAN NASHVILLE POLICE DEPT,20200074953,Davidson,Nashville,1/31/2020 3:53:00 PM,2,0,0,36.206620,-86.777900,W TRINITY LN,,,,0.00,Feet,East,BRICK CHURCH PKE,,,,0.00,N,Not at Intersection, ,Non-Junction,None,,,         ,Blake,McKay,Rain,Front to Rear,no,no,no,no,no,False
102640126,METROPOLITAN NASHVILLE POLICE DEPT,20200075103,Davidson,Nashville,1/31/2020 4:47:00 PM,2,0,0,36.161200,-86.792680,CHARLOTTE AV,,,,0.00,,,GEORGE L DAVIS BLVD,,,,0.00,Y,OTHER, ,Non-Junction,None,,,         ,Gabriel,Vasquez,Clear,"Sideswipe, Same Direction",no,no,no,no,no,False
102640127,METROPOLITAN NASHVILLE POLICE DEPT,20200075088,Davidson,Nashville,1/31/2020 4:42:00 PM,2,0,0,36.240740,-86.757370,DICKERSON PKE,,,,0.00,,,BRILEY PKWY E EXT RAMP,,,,0.00,Y,T-Intersection,N,Intersection,None,,,         ,Christopher,Littles,Cloudy,Front to Rear,no,no,no,no,yes,False
102640142,METROPOLITAN NASHVILLE POLICE DEPT,20200074972,Davidson,Nashville,1/31/2020 4:00:00 PM,2,0,0,36.168470,-86.796440,I 40,,,,0.00,,,,,,,208.15,N,Not at Intersection, ,,None,,,         ,James,Hill,,,no,no,no,no,no,False
102640143,METROPOLITAN NASHVILLE POLICE DEPT,20200075049,Davidson,Nashville,1/31/2020 3:50:00 PM,1,0,0,36.117270,-86.706810,GREYMONT DR,,,,0.00,,,GLENGARRY DR,,,,0.00,Y,Four-Way, ,Intersection,None,,,         ,Jonathan,Watch,Rain,Not Collision with Motor Vehicle in Transport,no,no,no,no,no,False
102640150,METROPOLITAN NASHVILLE POLICE DEPT,20200075048,Davidson,Nashville,1/31/2020 3:08:00 PM,2,0,0,36.183650,-86.610660,OLD HICKORY BLVD,,,,0.00,,,ANDREW JACKSON PKWY,,,,0.00,Y,Four-Way,N,Intersection,None,,,         ,David,Stanley,Rain,Front to Rear,no,no,no,no,yes,False
102640152,METROPOLITAN NASHVILLE POLICE DEPT,20200074887,Davidson,Nashville,1/31/2020 3:15:00 PM,3,0,0,36.161410,-86.760370,I 24,,,,0.00,,,,,,,49.40,N,Not at Intersection, ,Non-Junction,None,,,         ,Christopher,Beery,Cloudy,"Sideswipe, Same Direction",no,no,no,no,no,False
102640161,METROPOLITAN NASHVILLE POLICE DEPT,20200075143,Davidson,Nashville,1/31/2020 5:00:00 PM,2,0,0,36.079120,-86.709140,WALLACE RD,,,,0.00,Feet,East,TAMPA DR,,,,0.00,N,Not at Intersection, ,,None,,,         ,Beri,Scott,,,no,no,no,no,no,False
102640163,METROPOLITAN NASHVILLE POLICE DEPT,20200075097,Davidson,Not in City Limit,1/31/2020 4:45:00 PM,2,0,0,36.263090,-86.690490,E OLD HICKORY BLVD,,,,0.00,,,MYATT DR,,,,0.00,Y,Four-Way,N,Intersection-Related,None,,,         ,Eric,Wegener,Rain,Angle,no,no,no,no,no,False
102640165,METROPOLITAN NASHVILLE POLICE DEPT,20200075092,Davidson,Nashville,1/31/2020 4:40:00 PM,2,1,0,36.134240,-86.776370,I65 S ENT RAMP,,,,0.00,,,I65 S EXT RAMP,,,,0.00,Y,Four-Way,Y,Intersection,None,,,         ,Conor,Cronin,Rain,Angle,no,no,no,no,no,False
102640166,BERRY HILL POLICE DEPT,20-0414,Davidson,Berry Hill,1/31/2020 4:49:00 PM,2,1,0,36.125080,-86.765880,BRANSFORD AV,,,,0.00,,,ROSEDALE AV,,,,0.00,Y,T-Intersection, ,Intersection,None,,,         ,Roy,Morris,Cloudy,Front to Rear,no,no,no,no,no,False
102640185,METROPOLITAN NASHVILLE POLICE DEPT,20200074820,Davidson,Nashville,1/31/2020 12:00:00 AM,2,0,0,36.050790,-86.646940,HICKORY HOLLOW TER,,,,22.00,Feet,North,BELL RD,,,,0.00,N,Not at Intersection,Y,Non-Junction,None,,,         ,Madison,Meiss,Rain,Angle,no,no,no,no,no,False
102640193,METROPOLITAN NASHVILLE POLICE DEPT,20200075222,Davidson,Nashville,1/31/2020 5:44:00 PM,3,1,0,36.069330,-86.692760,HAYWOOD SQUARE PVTDR,,,,20.00,Feet,South,HAYWOOD LN,,,,0.00,N,Not at Intersection,N,Non-Junction,None,,,         ,Laura,Williams,Clear,Angle,no,no,no,no,no,False
102640197,METROPOLITAN NASHVILLE POLICE DEPT,20200074796,Davidson,Nashville,1/31/2020 2:55:00 PM,2,1,0,36.079230,-86.727410,HARDING PL,,,,375.00,Feet,West,NOLENSVILLE PKE,,,,0.00,N,Not at Intersection,N,Non-Junction,None,,,         ,Thomas,Odom,Rain,Angle,no,no,no,no,no,False