master_record_number,agency,agency_tracking_number,county,city,collision_date,vehicles_involved,number_injured,number_dead,latitude,longitude,roadway_name,roadway_suffix,roadway_number,roadway_local_id,distance_from_reference,miles-feet_indicator,direction_from_reference,intersection_road_name,intersection_road_name_suffix,intersection_road_number,intersection_local_id,mile_marker,intersection_indicator,intersect_type,interchange_related_indicator,relation_to_junction,work_zone_type,construction_maintenance_zone,construction_maintenance_zone_location,fatal_case_number,officer_first_name,officer_last_name,weather_condition(s),manner_of_crash,pedestrian,bicycle,scooter,parking,hitrun,mou
102641833,METROPOLITAN NASHVILLE POLICE DEPT,20200078942,Davidson,Not in City Limit,2/2/2020 12:00:00 AM,1,0,0,36.333920,-86.870170,WHITES CREEK PKE,,,,0.00,,,,,,,0.00,,,N,Non-Junction,None,,,         ,Garren,Hoskins,Unknown,Not Collision with Motor Vehicle in Transport,no,no,no,yes,yes,False
102641871,METROPOLITAN NASHVILLE POLICE DEPT,20200079222,Davidson,Nashville,2/2/2020 1:20:00 PM,2,0,0,36.169470,-86.766530,I 24,,,,0.00,,,,,,,48.70,N,Not at Intersection,N,Non-Junction,None,,,         ,Nathaniel,Larson,Clear,Front to Rear,no,no,no,yes,no,False
102641881,METROPOLITAN NASHVILLE POLICE DEPT,20200079249,Davidson,Nashville,2/2/2020 1:51:00 PM,2,0,0,36.169770,-86.673060,LEBANON PKE,,,,0.00,,,OLD LEBANON PKE,,,,0.00,Y,T-Intersection,N,Intersection,None,,,         ,Roger,Luther,Clear,Angle,no,no,no,no,no,False
102641900,METROPOLITAN NASHVILLE POLICE DEPT,20200079286,Davidson,Nashville,2/2/2020 2:25:00 PM,2,1,0,36.048130,-86.664060,I 24,,,,0.00,,,,,,,59.10,N,Not at Intersection, ,Non-Junction,None,,,         ,Steven,Begley,Clear,Front to Rear,no,no,no,no,no,False
102641909,METROPOLITAN NASHVILLE POLICE DEPT,20200079283,Davidson,Nashville,2/2/2020 2:27:00 PM,1,0,0,36.219320,-86.749690,HART LN,,,,269.00,Feet,West,ELLINGTON PKWY S EXT RAMP,,,,0.00,N,Not at Intersection,N,Non-Junction,None,,,         ,Jamel,Griffin,Clear,Not Collision with Motor Vehicle in Transport,no,no,no,no,no,False
102641914,METROPOLITAN NASHVILLE POLICE DEPT,20200079273,Davidson,Nashville,2/2/2020 2:14:00 PM,2,2,0,36.239080,-86.723810,GALLATIN PKE,,,,0.00,,,GALLATIN PKES,,,,0.00,Y,OTHER,N,Non-Junction,None,,,         ,Frederick,Nelson,Clear,Front to Rear,no,no,no,no,no,False
102641915,METROPOLITAN NASHVILLE POLICE DEPT,20200079341,Davidson,Nashville,2/2/2020 2:30:00 PM,3,0,0,36.192780,-86.752750,ELLINGTON PKWYN,,,,204.00,Feet,South,DOUGLAS AV,,,,0.00,N,Not at Intersection,N,Entrance/Exit Ramp Related,None,,,         ,Wade,Johnson,Clear,Front to Rear,no,no,no,no,yes,False
102641917,METROPOLITAN NASHVILLE POLICE DEPT,20200079359,Davidson,Nashville,2/2/2020 3:00:00 PM,2,0,0,36.153220,-86.764410,I 40,,,,0.00,,,,,,,210.70,N,Not at Intersection, ,Non-Junction,None,,,         ,Timothy,Ward,Clear,"Sideswipe, Same Direction",no,no,no,no,yes,False
102641955,METROPOLITAN NASHVILLE POLICE DEPT,20200079511,Davidson,Nashville,2/2/2020 4:25:00 PM,2,0,0,36.106060,-86.815000,ABBOTT MARTIN RD,,,,287.00,Feet,East,BANDYWOOD DR,,,,0.00,N,Not at Intersection, ,Non-Junction,None,,,         ,Hillary,Sherman,Clear,Angle,no,no,no,no,no,False
102641956,METROPOLITAN NASHVILLE POLICE DEPT,20200079316,Davidson,Not in City Limit,2/2/2020 1:45:00 PM,2,0,0,36.261390,-86.712480,GALLATIN PKES,,,,58.00,Feet,North,MAPLE ST,,,,0.00,N,Not at Intersection, ,Non-Junction,None,,,         ,Dylan,Bradley,Clear,Angle,no,no,no,no,no,False
102641959,METROPOLITAN NASHVILLE POLICE DEPT,20200079478,Davidson,Nashville,2/2/2020 4:33:00 PM,2,1,0,36.256130,-86.714410,GALLATIN PKES,,,,20.00,Feet,South,NEELYS BEND RD,,,,0.00,N,Not at Intersection,N,Non-Junction,None,,,         ,DuJuan,Kendrick,Clear,Front to Rear,no,no,no,no,no,False
102641968,METROPOLITAN NASHVILLE POLICE DEPT,20200079379,Davidson,Nashville,2/2/2020 2:10:00 PM,2,0,0,36.215060,-86.603240,LEBANON PKE,,,,451.00,Feet,East,SHUTE LN,,,,0.00,N,Not at Intersection,N,Non-Junction,None,,,         ,Destiny,Zunic,Clear,Angle,no,no,no,no,yes,False
102641971,METROPOLITAN NASHVILLE POLICE DEPT,20200079552,Davidson,Nashville,2/2/2020 5:21:00 PM,2,1,0,36.169610,-86.806680,DR D B TODD JR BLVD,,,,54.00,Feet,North,JEFFERSON ST,,,,0.00,N,Not at Intersection,N,Non-Junction,None,,,         ,Jerica,Gladston,Clear,Front to Rear,no,no,no,no,no,False
102641985,METROPOLITAN NASHVILLE POLICE DEPT,20200079550,Davidson,Nashville,2/2/2020 5:24:00 PM,2,0,0,36.070220,-86.684700,HAYWOOD LN,,,,54.00,Feet,West,ANTIOCH PKE,,,,0.00,N,Not at Intersection, ,Non-Junction,None,,,         ,Brandon,Simpkins,Clear,Front to Rear,no,no,no,no,no,False
102641991,METROPOLITAN NASHVILLE POLICE DEPT,20200079573,Davidson,Nashville,2/2/2020 5:30:00 PM,2,1,0,36.068160,-86.670100,RICHARDS RD,,,,314.00,Feet,West,DOWDY DR,,,,0.00,N,Not at Intersection,N,Non-Junction,None,,,         ,John,Walden,Clear,"Sideswipe, Opposite Direction",no,no,no,no,no,False
102641995,METROPOLITAN NASHVILLE POLICE DEPT,20200079568,Davidson,Nashville,2/2/2020 5:30:00 PM,2,0,0,36.134140,-86.819920,I440 E ENT RAMP,,,,0.00,Feet,East,I 440,,,,0.00,N,Not at Intersection, ,Entrance/Exit Ramp Related,Construction Zone,,,         ,Nathan,Glass,Clear,"Sideswipe, Same Direction",no,no,no,no,no,False
102642007,METROPOLITAN NASHVILLE POLICE DEPT,20200079608,Davidson,Nashville,2/2/2020 5:58:00 PM,2,0,0,36.129070,-86.778050,8TH AVS,,,,179.00,Feet,North,FRANKLIN PKE,,,,0.00,N,Not at Intersection, ,Non-Junction,None,,,         ,Sekou,Samassi,Clear,"Sideswipe, Same Direction",no,no,no,no,no,False
102642015,METROPOLITAN NASHVILLE POLICE DEPT,20200079575,Davidson,Nashville,2/2/2020 3:15:00 PM,2,0,0,36.124990,-86.752200,ROSEDALE AV,,,,0.00,,,NOLENSVILLE PKE,,,,0.00,Y,T-Intersection,Y,Intersection-Related,None,,,         ,William,Hamblen,Clear,Front to Rear,no,no,no,no,yes,False
102642018,METROPOLITAN NASHVILLE POLICE DEPT,20200079657,Davidson,Nashville,2/2/2020 6:00:00 PM,2,0,0,36.148030,-86.663900,PATRIOT WAY,,,,3.00,Feet,North,ELM HILL PKE,,,,0.00,N,Not at Intersection,N,Non-Junction,None,,,         ,Evan,Grace,Clear,HeadOn,no,no,no,no,no,False
102642026,METROPOLITAN NASHVILLE POLICE DEPT,20200079443,Davidson,Not in City Limit,2/2/2020 4:04:00 PM,2,0,0,36.324840,-86.874370,I 24,,,,0.00,,,,,,,34.60,N,Not at Intersection, ,Non-Junction,None,,,         ,Gabriel,Centeno,Clear,"Sideswipe, Same Direction",no,no,no,no,no,False
102642027,METROPOLITAN NASHVILLE POLICE DEPT,20200079648,Davidson,Nashville,2/2/2020 6:35:00 PM,1,1,0,36.212240,-86.827550,W HAMILTON AV,,,,699.00,Feet,West,WHITES CREEK GRNWY,,,,0.00,N,Not at Intersection,N,Non-Junction,None,,,         ,Shannon,Forsyth,Clear,Not Collision with Motor Vehicle in Transport,no,no,no,no,no,False
102642029,METROPOLITAN NASHVILLE POLICE DEPT,20200079728,Davidson,Nashville,2/2/2020 6:01:00 PM,1,0,0,36.222750,-86.667120,NEELYS BEND RD,,,,423.00,Feet,South,NEELYS BEND RD PVTDR,,,,0.00,N,Not at Intersection,N,Non-Junction,None,,,         ,Bradley,Campbell,Clear,Not Collision with Motor Vehicle in Transport,no,no,no,no,no,False
102642031,METROPOLITAN NASHVILLE POLICE DEPT,20200079326,Davidson,Nashville,2/2/2020 2:53:00 PM,2,0,0,36.092670,-86.652140,MURFREESBORO PKE,,,,487.00,Feet,South,OLD MURFREESBORO PKE,,,,0.00,N,Not at Intersection,N,Non-Junction,None,,,         ,Andrew,Ramirez,Clear,Front to Rear,no,no,no,no,no,False
102642032,METROPOLITAN NASHVILLE POLICE DEPT,20200079311,Davidson,Nashville,2/2/2020 2:45:00 PM,2,1,0,36.064140,-86.629160,HAMILTON CHURCH RD,,,,311.00,Feet,South,MURFREESBORO PKE,,,,0.00,N,Not at Intersection,N,Non-Junction,None,,,         ,Andrew,Ramirez,Clear,Angle,no,no,no,no,no,False
102642033,METROPOLITAN NASHVILLE POLICE DEPT,20200079671,Davidson,Not in City Limit,2/2/2020 6:50:00 PM,2,0,0,36.268830,-86.710670,GALLATIN PKEN,,,,123.00,Feet,North,LOVELL ST,,,,0.00,N,Not at Intersection, ,Non-Junction,None,,,         ,Samuel,Kersten,Clear,"Sideswipe, Same Direction",no,no,no,no,no,False
102642053,METROPOLITAN NASHVILLE POLICE DEPT,20200079765,Davidson,Nashville,2/2/2020 6:50:00 PM,2,0,0,36.203800,-86.601390,NETHERLANDS DR,,,,311.00,Feet,East,DUTCHMANS DR,,,,0.00,N,Not at Intersection,N,Non-Junction,None,,,         ,Heather,Fox,Clear,Front to Rear,no,no,no,no,no,False
102642078,METROPOLITAN NASHVILLE POLICE DEPT,20200079773,Davidson,Nashville,2/2/2020 12:00:00 AM,1,0,0,36.027190,-86.662840,PRESTON RD,,,,924.00,Feet,North,PETTUS RD,,,,0.00,N,Not at Intersection, ,Non-Junction,None,,,         ,Maccio,Hightower,Clear,Not Collision with Motor Vehicle in Transport,no,no,no,no,no,False
102642128,METROPOLITAN NASHVILLE POLICE DEPT,20200079696,Davidson,Nashville,2/2/2020 7:23:00 PM,2,2,0,36.077090,-86.725560,EDMONDSON PKE,,,,0.00,,,WALLACE RD,,,,0.00,Y,Four-Way,N,Intersection,None,,,         ,Molly,Page,Clear,Angle,no,no,no,no,no,False
102642134,GOODLETTSVILLE POLICE DEPT,20-03929,Davidson,Goodlettsville,2/2/2020 2:35:00 AM,1,0,0,36.308650,-86.704170,I 65,,,,0.00,,,,,,,95.90,N,Not at Intersection,N,Non-Junction,None,,,         ,Christopher,Jones,Clear,Not Collision with Motor Vehicle in Transport,no,no,no,no,no,False
102642135,METROPOLITAN NASHVILLE POLICE DEPT,20200079898,Davidson,Nashville,2/2/2020 9:40:00 PM,2,0,0,36.136860,-86.795760,WEDGEWOOD AV,,,,0.00,,,17TH AVS,,,,0.00,Y,Four-Way, ,,None,,,         ,William,Hamblen,,,no,no,no,no,no,Campus
102642176,METROPOLITAN NASHVILLE POLICE DEPT,20200079921,Davidson,Antioch,2/2/2020 10:06:00 PM,3,3,0,36.047840,-86.612050,MURFREESBORO PKE,,,,1284.00,Feet,North,MOUNTAIN SPRINGS RD,,,,0.00,N,Not at Intersection,N,Non-Junction,None,,,         ,Andrew,Ramirez,Clear,Angle,no,no,no,no,no,False
102642177,METROPOLITAN NASHVILLE POLICE DEPT,20200079695,Davidson,Nashville,2/2/2020 7:27:00 PM,1,0,0,36.186960,-86.833830,RIVER DR,,,,201.00,Feet,West,RIVER CT,,,,0.00,N,Not at Intersection,N,Non-Junction,None,,,         ,Wesley,Carver,Cloudy,Not Collision with Motor Vehicle in Transport,no,no,no,no,yes,False
102642194,METROPOLITAN NASHVILLE POLICE DEPT,20200079689,Davidson,Nashville,2/2/2020 7:00:00 PM,2,2,0,36.117710,-86.667770,DONELSON PKE,,,,391.00,Feet,North,HANGAR LN,,,,0.00,N,Not at Intersection,N,Non-Junction,None,,,         ,Michael,Fox,Clear,HeadOn,no,no,no,no,no,False
102642248,METROPOLITAN NASHVILLE POLICE DEPT,20200079955,Davidson,Nashville,2/2/2020 10:30:00 PM,2,1,0,36.214980,-86.817820,BUENA VISTA PKE,,,,98.00,Feet,North,MOORMANS ARM RD,,,,0.00,N,Not at Intersection,Y,Non-Junction,None,,,         ,Abigail,Malone,Clear,"Sideswipe, Opposite Direction",no,no,no,no,yes,False
102642263,METROPOLITAN NASHVILLE POLICE DEPT,20200079988,Davidson,Nashville,2/2/2020 10:29:00 PM,2,0,0,36.163820,-86.776430,2ND AVN,,,,230.00,Feet,North,COMMERCE ST,,,,0.00,N,Not at Intersection,N,Non-Junction,None,,,         ,Richard,Luellen,Clear,Unknown,no,no,no,no,yes,False
102642271,METROPOLITAN NASHVILLE POLICE DEPT,20200080253,Davidson,Nashville,2/3/2020 12:00:00 AM,2,0,0,36.200290,-86.594690,BROOKSIDE WOODS BLVD,,,,0.00,Feet,East,WAYNEWOOD LN,,,,0.00,N,Not at Intersection,N,Non-Junction,None,,,         ,Graham,Binkley,Clear,"Sideswipe, Opposite Direction",no,no,no,no,no,False
102642311,METROPOLITAN NASHVILLE POLICE DEPT,20200080542,Davidson,Not in City Limit,2/3/2020 5:30:00 AM,2,0,0,36.264210,-86.734910,OLD HICKORY BLVDW,,,,84.00,Feet,East,BOYDS HILLTOP DR,,,,0.00,N,Not at Intersection, ,Non-Junction,None,,,         ,Jonathon,Sheppard,Clear,"Sideswipe, Same Direction",no,no,no,no,yes,False
102642331,METROPOLITAN NASHVILLE POLICE DEPT,20200080557,Davidson,Nashville,2/3/2020 5:50:00 AM,3,0,0,36.200410,-86.776700,I 65,,,,0.00,,,,,,,86.90,N,Not at Intersection,N,Non-Junction,None,,,         ,David,Crisman,Clear,Front to Rear,no,no,no,no,yes,False
102642332,METROPOLITAN NASHVILLE POLICE DEPT,20200080560,Davidson,Nashville,2/3/2020 5:45:00 AM,1,1,0,36.234650,-86.810280,EXIT 19,,,,0.00,Feet,East,STATE HWY 155,,,,0.00,N,Not at Intersection,N,Non-Junction,None,,,         ,Thomas,Clingan,Clear,Not Collision with Motor Vehicle in Transport,no,no,no,no,no,False
102642340,METROPOLITAN NASHVILLE POLICE DEPT,20200080582,Davidson,Antioch,2/3/2020 6:07:00 AM,2,1,0,36.012070,-86.617740,I 24,,,,0.00,,,,,,,62.75,N,Not at Intersection,N,Non-Junction,None,,,         ,Douglas,Meringer,Clear,Front to Rear,no,no,no,no,no,False
102642357,METROPOLITAN NASHVILLE POLICE DEPT,20200080569,Davidson,Not in City Limit,2/3/2020 6:03:00 AM,2,1,0,36.077020,-87.013920,I 40,,,,0.00,,,,,,,192.90,N,Not at Intersection,N,Non-Junction,None,,,         ,Nicholas,Smith,Clear,Angle,no,no,no,no,no,False
102642376,METROPOLITAN NASHVILLE POLICE DEPT,20200080689,Davidson,Nashville,2/3/2020 7:00:00 AM,2,0,0,36.206220,-86.768490,DICKERSON PKE,,,,127.00,Feet,North,E TRINITY LN,,,,0.00,N,Not at Intersection,N,Non-Junction,None,,,         ,Donovan,Coble,Clear,Front to Rear,no,no,no,no,yes,False
102642404,METROPOLITAN NASHVILLE POLICE DEPT,20200080653,Davidson,Nashville,2/3/2020 6:10:00 AM,2,0,0,36.185950,-86.798170,I65 S EXT RAMP,,,,25.00,Feet,East,I 65,,,,0.00,N,Not at Intersection, ,Non-Junction,None,,,         ,Andy,Esqueda,Clear,Front to Rear,no,no,no,no,no,False
102642412,METROPOLITAN NASHVILLE POLICE DEPT,20200078360,Davidson,Nashville,2/2/2020 1:10:00 AM,1,0,1,36.041340,-86.822430,OLD HICKORY BLVD,,,,296.00,Feet,West,HICKORY SPRINGS RD,,,,0.00,N,Not at Intersection,N,Non-Junction,None,,,20-0082  ,Jerre,Fly,Clear,Not Collision with Motor Vehicle in Transport,no,no,no,no,no,False
102642433,METROPOLITAN NASHVILLE POLICE DEPT,20200080665,Davidson,Antioch,2/3/2020 6:02:00 AM,2,0,0,36.035050,-86.598050,MURFREESBORO PKE,,,,1616.00,Feet,West,MAXWELL RD,,,,0.00,N,Not at Intersection,N,Non-Junction,None,,,         ,Patrick,Martin,Clear,Front to Rear,no,no,no,no,yes,False
102642447,METROPOLITAN NASHVILLE POLICE DEPT,20200080737,Davidson,Nashville,2/3/2020 7:39:00 AM,2,1,0,36.153040,-86.730680,LEBANON PKE,,,,0.51,Miles,East,OMOHUNDRO PL,,,,0.00,N,Not at Intersection,N,Non-Junction,None,,,         ,Lynsie,Smith,Clear,Front to Rear,no,no,no,no,no,False
102642450,METROPOLITAN NASHVILLE POLICE DEPT,20200080757,Davidson,Nashville,2/3/2020 7:51:00 AM,2,0,0,36.110090,-86.720590,I24 W EXT RAMP,,,,0.00,,,I 24,,,,0.00,Y,T-Intersection,N,Intersection,None,,,         ,Robert,Higgins,Clear,Front to Rear,no,no,no,no,no,False
102642456,METROPOLITAN NASHVILLE POLICE DEPT,20200080796,Davidson,Nashville,2/3/2020 8:11:00 AM,2,0,0,36.193340,-86.752680,ELLINGTON PKWYS,,,,0.00,,,DOUGLAS AV,,,,0.00,Y,OTHER,N,Non-Junction,None,,,         ,Doyle,Price,Cloudy,Front to Rear,no,no,no,no,no,False
102642464,METROPOLITAN NASHVILLE POLICE DEPT,20200080910,Davidson,Nashville,2/3/2020 8:40:00 AM,3,0,0,36.192000,-86.781430,I 65,,,,0.00,,,,,,,86.25,N,Not at Intersection,N,Non-Junction,None,,,         ,Brian,Mclarty,Clear,Front to Rear,no,no,no,no,yes,False
102642465,METROPOLITAN NASHVILLE POLICE DEPT,20200080711,Davidson,Nashville,2/3/2020 7:10:00 AM,1,0,0,36.157480,-86.818630,TORBETT ST,,,,0.00,,,28TH AVN,,,,0.00,Y,T-Intersection,N,Non-Junction,None,,,         ,Brian,Quigley,Clear,Not Collision with Motor Vehicle in Transport,no,no,no,no,yes,False
102642471,GOODLETTSVILLE POLICE DEPT,20-04140,Davidson,Goodlettsville,2/3/2020 7:45:00 AM,2,0,0,36.311340,-86.697410,CONFERENCE DR,,,,258.00,Feet,West,NORTHCHASE DR,,,,0.00,N,Not at Intersection,N,Non-Junction,None,,,         ,George,Henry,Clear,Front to Rear,no,no,no,no,no,False
102642474,METROPOLITAN NASHVILLE POLICE DEPT,20200080886,Davidson,Nashville,2/3/2020 8:40:00 AM,2,0,0,36.120530,-86.703210,MURFREESBORO PKE,,,,154.00,Feet,East,GLENGARRY DR,,,,0.00,N,Not at Intersection,N,Non-Junction,None,,,         ,Ricardo,Cruz,Clear,Front to Rear,no,no,no,no,yes,False
102642483,METROPOLITAN NASHVILLE POLICE DEPT,20200080990,Davidson,Nashville,2/3/2020 9:45:00 AM,2,1,0,36.166200,-86.834990,39TH AVN,,,,0.00,,,DR WALTER S DAVIS BLVD,,,,0.00,Y,T-Intersection,N,Intersection,None,,,         ,Curtis,Rich,Cloudy,Front to Rear,no,no,no,no,yes,False
102642491,METROPOLITAN NASHVILLE POLICE DEPT,20200080882,Davidson,Nashville,2/3/2020 8:45:00 AM,2,0,0,36.155910,-86.767010,MIDDLETON ST,,,,0.00,,,HERMITAGE AV,,,,0.00,Y,Four-Way, ,Intersection-Related,None,,,         ,Charles,Coe,Clear,"Sideswipe, Same Direction",no,no,no,no,no,False
102642493,METROPOLITAN NASHVILLE POLICE DEPT,20200080779,Davidson,Not in City Limit,2/3/2020 12:00:00 AM,1,0,0,36.242620,-86.935290,BULL RUN RD,,,,1818.00,Feet,East,KIRBY HILL RD,,,,0.00,N,Not at Intersection,N,Non-Junction,None,,,         ,Jedidayah,Merriweather,Cloudy,Not Collision with Motor Vehicle in Transport,no,no,no,no,yes,False
102642496,METROPOLITAN NASHVILLE POLICE DEPT,20200080911,Davidson,Nashville,2/3/2020 9:04:00 AM,2,2,0,36.214130,-86.730760,GALLATIN PKE,,,,0.00,,,GILLOCK ST,,,,0.00,Y,T-Intersection,N,Non-Junction,None,,,         ,Michael,Agee,Cloudy,Angle,no,no,no,no,no,False
102642499,METROPOLITAN NASHVILLE POLICE DEPT,20200080830,Davidson,Nashville,2/3/2020 8:23:00 AM,2,1,0,36.169270,-86.774840,JAMES ROBERTSON PKWY,,,,680.00,Feet,West,MAIN ST,,,,0.00,N,Not at Intersection,N,Non-Junction,None,,,         ,Luis,Pena,Clear,Front to Rear,no,no,no,no,no,False
102642517,METROPOLITAN NASHVILLE POLICE DEPT,2020069245,Davidson,Nashville,1/29/2020 3:26:00 PM,1,0,0,36.168960,-86.778190,GAY ST,,,,0.00,,,,,,,0.00,,, ,"Driveway, Alley Access, etc",None,,,         ,Joshua,Reece,Cloudy,Not Collision with Motor Vehicle in Transport,no,no,no,yes,no,False
102642520,METROPOLITAN NASHVILLE POLICE DEPT,20200080841,Davidson,Nashville,2/3/2020 8:20:00 AM,2,0,0,36.191440,-86.827560,CLARKSVILLE PKE,,,,0.00,Feet,East,TSU CONNECTOR,,,,0.00,N,Not at Intersection,N,Non-Junction,None,,,         ,Pamela,Caulder,Clear,Front to Rear,no,no,no,no,no,False
102642530,METROPOLITAN NASHVILLE POLICE DEPT,20200080916,Davidson,Nashville,2/3/2020 9:08:00 AM,2,1,0,36.164680,-86.651240,STEWARTS FERRY PKE,,,,0.00,,,MCCAMPBELL AV,,,,0.00,Y,Four-Way,N,Intersection,None,,,         ,Katelyn,Argeroplos,Clear,Front to Rear,no,no,no,no,no,False
102642535,METROPOLITAN NASHVILLE POLICE DEPT,20200081094,Davidson,Nashville,2/3/2020 10:45:00 AM,1,1,0,36.156450,-86.803100,20TH AVN,,,,90.00,Feet,North,MURPHY AV,,,,0.00,N,Not at Intersection,N,Non-Junction,None,,,         ,Nathan,Kemp,Clear,Not Collision with Motor Vehicle in Transport,no,no,no,no,no,False
102642547,METROPOLITAN NASHVILLE POLICE DEPT,20200081027,Davidson,Nashville,2/3/2020 10:01:00 AM,2,0,0,36.173110,-86.764640,MAIN ST,,,,229.00,Feet,East,SPRING ST,,,,0.00,N,Not at Intersection,N,Non-Junction,None,,,         ,Torrance,Bennett,Clear,Angle,no,no,no,no,no,False
102642571,METROPOLITAN NASHVILLE POLICE DEPT,20200081184,Davidson,Nashville,2/3/2020 11:30:00 AM,2,0,0,36.158260,-86.791880,14TH AVN,,,,143.00,Feet,North,I40 E ENT RAMP,,,,0.00,N,Not at Intersection,N,Non-Junction,None,,,         ,Jackson,Smythe,Clear,Front to Rear,no,no,no,no,yes,False
102642572,METROPOLITAN NASHVILLE POLICE DEPT,20200081135,Davidson,Nashville,2/3/2020 4:35:00 AM,2,0,0,36.084320,-86.700640,I24 E ENT RAMP,,,,291.00,Feet,South,I 24,,,,0.00,N,Not at Intersection,N,Non-Junction,None,,,         ,Patrick,Martin,Unknown,Angle,no,no,no,yes,yes,False
102642577,Nashville Airport Police,2020-00423,Davidson,Nashville,2/3/2020 12:00:00 AM,2,0,0,36.106960,-86.667400,FAIRCLOTH LN,,,,914.00,Feet,South,KNAPP BLVD,,,,0.00,N,Not at Intersection, ,Non-Junction,None,,,         ,Mark,Nauert,Clear,Angle,no,no,no,yes,no,False
102642582,METROPOLITAN NASHVILLE POLICE DEPT,20200081193,Davidson,Nashville,2/3/2020 11:36:00 AM,1,0,0,36.087290,-86.649930,MURFREESBORO PKE,,,,0.00,,,,,,,0.00,,, ,Non-Junction,None,,,         ,Jason,Hees,Clear,Not Collision with Motor Vehicle in Transport,no,no,no,yes,yes,False
102642604,METROPOLITAN NASHVILLE POLICE DEPT,20200081211,Davidson,Madison,2/3/2020 11:43:00 AM,2,1,0,36.280490,-86.706510,ODETTE ST,,,,305.00,Feet,North,FLORENCE AV,,,,0.00,N,Not at Intersection,N,Non-Junction,None,,,         ,Michelle,Steidl,Clear,Other,no,no,no,no,no,False
102642612,METROPOLITAN NASHVILLE POLICE DEPT,20200080948,Davidson,Nashville,2/3/2020 9:28:00 AM,2,2,0,36.158410,-86.790610,GEORGE L DAVIS BLVD,,,,0.00,,,CHURCH ST,,,,0.00,Y,Four-Way,N,Intersection,None,,,         ,Frank,Campbell,Clear,Angle,no,no,no,no,no,False
102642633,METROPOLITAN NASHVILLE POLICE DEPT,2020081006,Davidson,Nashville,2/3/2020 9:47:00 AM,2,0,0,36.078310,-86.944760,SAWYER BROWN RD,,,,351.00,Feet,North,RAMP,,,,0.00,N,Not at Intersection,N,Non-Junction,None,,,         ,Brandon,O'Guin,Clear,"Sideswipe, Same Direction",no,no,no,no,yes,False
102642654,METROPOLITAN NASHVILLE POLICE DEPT,20200081285,Davidson,Not in City Limit,2/3/2020 12:27:00 PM,2,2,0,36.269340,-86.755690,DICKERSON PKE,,,,31.00,Feet,North,OLD HICKORY BLVD,,,,0.00,N,Not at Intersection,N,Non-Junction,None,,,         ,Ian,Wilson,Clear,Front to Rear,no,no,no,no,no,False
102642686,BERRY HILL POLICE DEPT,20-0448,Davidson,Berry Hill,2/3/2020 11:14:00 AM,2,0,0,36.121250,-86.775850,KIRKWOOD AV,,,,124.00,Feet,West,FRANKLIN PKE,,,,0.00,N,Not at Intersection, ,OtherLocation,None,,,         ,Ronnie,Hill,Cloudy,Angle,no,no,no,yes,yes,False
102642699,METROPOLITAN NASHVILLE POLICE DEPT,20200081339,Davidson,Nashville,2/3/2020 12:49:00 PM,3,0,0,36.045510,-86.854310,OLD HICKORY BLVD,,,,250.00,Feet,East,CROMWELL DR,,,,0.00,N,Not at Intersection,N,Non-Junction,None,,,         ,Nathan,Kemp,Clear,Front to Rear,no,no,no,no,no,False
102642704,METROPOLITAN NASHVILLE POLICE DEPT,20200081264,Davidson,Nashville,2/3/2020 12:10:00 PM,2,0,0,36.195410,-86.621820,LEBANON PKE,,,,70.00,Feet,South,BONNASPRING DR,,,,0.00,N,Not at Intersection, ,Non-Junction,None,,,         ,Patrick,Lancaster,Clear,"Sideswipe, Same Direction",no,no,no,no,no,False
102642707,METROPOLITAN NASHVILLE POLICE DEPT,20200081368,Davidson,Nashville,2/3/2020 1:00:00 PM,2,1,0,36.132880,-86.774590,I65 N EXT RAMP,,,,0.00,Feet,East,I 65,,,,0.00,N,Not at Intersection,N,Non-Junction,None,,,         ,Melissa,Lomax,Clear,"Sideswipe, Same Direction",no,no,no,no,no,False
102642724,METROPOLITAN NASHVILLE POLICE DEPT,20200081239,Davidson,Nashville,2/3/2020 11:10:00 AM,2,0,0,36.176500,-86.789670,MONROE ST,,,,193.00,Feet,East,6TH AVN,,,,0.00,N,Not at Intersection, ,Non-Junction,None,,,         ,Andy,Esqueda,Clear,"Sideswipe, Same Direction",no,no,no,no,no,False
102642725,METROPOLITAN NASHVILLE POLICE DEPT,20200080908,Davidson,Nashville,2/3/2020 8:48:00 AM,2,0,0,36.193660,-86.831220,CLARKSVILLE PKE,,,,0.00,Feet,,BUENA VISTA PKE,,,,0.00,Y,Four-Way,N,Intersection-Related,None,,,         ,Pamela,Caulder,Clear,Front to Rear,no,no,no,no,no,False
102642746,METROPOLITAN NASHVILLE POLICE DEPT,20200081358,Davidson,Nashville,2/3/2020 12:58:00 PM,2,1,0,36.115600,-86.780270,I65 ENT RAMP,,,,0.00,Feet,East,I 440,,,,0.00,N,Not at Intersection,Y,Entrance/Exit Ramp Related,Construction Zone,,,         ,Brent,Bauer,Cloudy,Front to Rear,no,no,no,no,no,False