master_record_number,agency,agency_tracking_number,county,city,collision_date,vehicles_involved,number_injured,number_dead,latitude,longitude,roadway_name,roadway_suffix,roadway_number,roadway_local_id,distance_from_reference,miles-feet_indicator,direction_from_reference,intersection_road_name,intersection_road_name_suffix,intersection_road_number,intersection_local_id,mile_marker,intersection_indicator,intersect_type,interchange_related_indicator,relation_to_junction,work_zone_type,construction_maintenance_zone,construction_maintenance_zone_location,fatal_case_number,officer_first_name,officer_last_name,weather_condition(s),manner_of_crash,pedestrian,bicycle,scooter,parking,hitrun,mou
102643726,METROPOLITAN NASHVILLE POLICE DEPT,20200084798,Davidson,Nashville,2/4/2020 6:40:00 PM,2,0,0,36.147550,-86.758650,LEWIS ST,,,,0.00,Feet,,LAFAYETTE ST,,,,0.00,Y,Four-Way,Y,Intersection,None,,,         ,Reagan,Heath,Rain,Angle,no,no,no,no,yes,False
102643727,METROPOLITAN NASHVILLE POLICE DEPT,20200084677,Davidson,Nashville,2/4/2020 5:13:00 PM,2,0,0,36.213980,-86.764370,US HWY 31W,,,,0.00,Feet,,ROCK ST,,,,0.00,Y,T-Intersection, ,Intersection-Related,None,,,         ,Nicholas,Silinsky,Rain,Front to Rear,no,no,no,no,no,False
102643728,GOODLETTSVILLE POLICE DEPT,20-04305,Davidson,Goodlettsville,2/4/2020 5:49:00 PM,2,0,0,36.323080,-86.699440,NORTHCREEK BLVD,,,,0.00,Feet,,NORTHGATE CIR,,,,0.00,Y,Four-Way, ,Intersection,None,,,         ,Nicholas,Given,Rain,Angle,no,no,no,no,no,False
102643730,METROPOLITAN NASHVILLE POLICE DEPT,20200084568,Davidson,Nashville,2/4/2020 5:12:00 PM,2,2,0,36.115250,-86.791990,BATTLEFIELD DR,,,,0.00,,,GRANNY WHITE PKE,,,,0.00,Y,Four-Way,N,Intersection,None,,,         ,FELIKS,ABRAHAMYAN,Rain,Front to Rear,no,no,no,no,no,False
102643731,METROPOLITAN NASHVILLE POLICE DEPT,20200084817,Davidson,Nashville,2/4/2020 7:08:00 PM,1,0,0,36.153200,-86.853870,I 40,,,,0.00,,,,,,,204.20,N,Not at Intersection,N,Non-Junction,None,,,         ,Devonte,Coleman,Rain,Not Collision with Motor Vehicle in Transport,no,no,no,no,no,False
102643732,METROPOLITAN NASHVILLE POLICE DEPT,20200084631,Davidson,Nashville,2/4/2020 5:30:00 PM,2,0,0,36.178050,-86.800770,I 65,,,,0.00,,,,,,,84.85,N,Not at Intersection, ,Non-Junction,None,,,         ,Brian,Warstadt,Rain,"Sideswipe, Same Direction",no,no,no,no,no,False
102643734,METROPOLITAN NASHVILLE POLICE DEPT,20200084641,Davidson,Nashville,2/4/2020 5:40:00 PM,3,0,0,36.082560,-86.710830,HARDING PL,,,,105.00,Feet,West,TAMPA DR,,,,0.00,N,Not at Intersection, ,Non-Junction,None,,,         ,Edward,Starke,Rain,Front to Rear,no,no,no,no,no,False
102643736,METROPOLITAN NASHVILLE POLICE DEPT,20200084722,Davidson,Nashville,2/4/2020 12:00:00 AM,2,0,0,36.163300,-86.761780,I 24,,,,0.00,,,,,,,49.25,N,Not at Intersection, ,Non-Junction,None,,,         ,Gordon,Stovall,Rain,"Sideswipe, Same Direction",no,no,no,no,no,False
102643739,VANDERBILT UNIVERSITY POLICE,20200084640,Davidson,Nashville,2/4/2020 5:40:00 PM,2,0,0,36.138990,-86.803950,CHILDRENS WAY,WAY,,,0.00,,,CHILDRENS WAY,WAY,,,0.00,Y,T-Intersection,N,Intersection-Related,None,,,         ,Cheryl,Bradley,Rain,Front to Rear,no,no,no,no,no,Campus
102643740,METROPOLITAN NASHVILLE POLICE DEPT,20200084814,Davidson,Goodlettsville,2/4/2020 7:03:00 PM,2,0,0,36.298710,-86.697680,GALLATIN PKEN,,,,505.00,Feet,South,CUDE LN,,,,0.00,N,Not at Intersection, ,Non-Junction,None,,,         ,Samuel,Kersten,Rain,Angle,no,no,no,no,no,False
102643744,VANDERBILT UNIVERSITY POLICE,200084336,Davidson,Nashville,2/4/2020 3:20:00 PM,2,0,0,36.149930,-86.800810,21ST AVS,,,,187.00,Feet,North,TERRACE PL,,,,0.00,N,Not at Intersection, ,Non-Junction,None,,,         ,Ray,Stanard,Rain,"Sideswipe, Same Direction",no,no,no,no,no,Campus
102643746,METROPOLITAN NASHVILLE POLICE DEPT,20200084771,Davidson,Not in City Limit,2/4/2020 12:00:00 AM,2,0,0,36.036380,-86.966180,HIGHWAY 100,,,,686.00,Feet,East,PASQUO RD,,,,0.00,N,Not at Intersection, ,Non-Junction,None,,,         ,Je-Marc,Sears,Rain,"Sideswipe, Opposite Direction",no,no,no,yes,no,False
102643748,METROPOLITAN NASHVILLE POLICE DEPT,20200084797,Davidson,Nashville,2/4/2020 6:42:00 PM,2,0,0,36.228380,-86.772860,I 65,,,,0.00,,,,,,,88.85,N,Not at Intersection, ,Non-Junction,None,,,         ,Bradley,Fort,Rain,"Sideswipe, Same Direction",no,no,no,no,no,False
102643751,METROPOLITAN NASHVILLE POLICE DEPT,20200084872,Davidson,Nashville,2/4/2020 7:37:00 PM,2,0,0,36.239740,-86.774010,BRILEY PKWYE,,,,286.00,Feet,West,MOOREWOOD DR,,,,0.00,N,Not at Intersection, ,Non-Junction,None,,,         ,Christopher,Littles,Rain,"Sideswipe, Same Direction",no,no,no,no,no,False
102643754,METROPOLITAN NASHVILLE POLICE DEPT,20200084871,Davidson,Nashville,2/4/2020 7:25:00 PM,2,0,0,36.171990,-86.767900,EXIT 48,,,,0.00,Feet,East,I 24,,,,0.00,N,Not at Intersection, ,Non-Junction,None,,,         ,Brent,Morris,Rain,"Sideswipe, Same Direction",no,no,no,no,no,False
102643755,METROPOLITAN NASHVILLE POLICE DEPT,20200084830,Davidson,Nashville,2/4/2020 7:13:00 PM,2,0,0,36.148790,-86.746410,I 40,,,,0.00,,,,,,,211.85,N,Not at Intersection, ,Non-Junction,None,,,         ,Joseph,Simon,Rain,"Sideswipe, Same Direction",no,no,no,no,no,False
102643761,METROPOLITAN NASHVILLE POLICE DEPT,20200084743,Davidson,Nashville,2/4/2020 6:31:00 PM,2,0,0,36.093050,-86.762450,I 65,,,,0.00,,,,,,,78.55,N,Not at Intersection, ,,None,,,         ,FELIKS,ABRAHAMYAN,,,no,no,no,no,no,False
102643762,METROPOLITAN NASHVILLE POLICE DEPT,20200084774,Davidson,Nashville,2/4/2020 6:45:00 PM,3,2,0,36.221140,-86.804900,REVELS DR,,,,0.00,,,WHITES CREEK PKE,,,,0.00,Y,Four-Way,N,Non-Junction,None,,,         ,Shannon,Forsyth,Rain,Angle,no,no,no,no,yes,False
102643763,METROPOLITAN NASHVILLE POLICE DEPT,20200084676,Davidson,Nashville,2/4/2020 6:00:00 PM,2,1,0,36.125820,-86.846490,KENNER AV,,,,0.00,Feet,,HARDING PKE,,,,0.00,Y,Four-Way,N,Intersection,None,,,         ,William,Vanbergen,Rain,Angle,no,no,no,no,no,False
102643766,METROPOLITAN NASHVILLE POLICE DEPT,20200084916,Davidson,Not in City Limit,2/4/2020 7:49:00 PM,2,0,0,36.282840,-86.707220,GALLATIN PKEN,,,,213.00,Feet,South,EDGEMEADE BLVD,,,,0.00,N,Not at Intersection,N,Non-Junction,None,,,         ,Samuel,Kersten,Rain,Front to Rear,no,no,no,no,yes,False
102643767,METROPOLITAN NASHVILLE POLICE DEPT,20200084821,Davidson,Nashville,2/4/2020 7:10:00 PM,2,1,0,36.150480,-86.770350,4TH AVS,,,,0.00,,,I40 E EXT RAMP,,,,0.00,Y,Four-Way,N,Non-Junction,None,,,         ,Miles,Posey,Rain,Angle,no,no,no,no,no,False
102643772,METROPOLITAN NASHVILLE POLICE DEPT,20200084653,Davidson,Nashville,2/4/2020 5:47:00 PM,2,1,0,36.148050,-86.816250,31ST AVN,,,,0.00,,,29TH AVN,,,,0.00,Y,Y-Intersection,Y,Intersection-Related,None,,,         ,William,Hamblen,Rain,Angle,no,no,no,no,no,False
102643773,METROPOLITAN NASHVILLE POLICE DEPT,20200084959,Davidson,Nashville,2/4/2020 8:28:00 PM,1,0,0,36.126580,-86.710160,THOMPSON PL,,,,0.00,,,,,,,0.00,,,N,Non-Junction,None,,,         ,YUNUS,ADAK,Rain,Not Collision with Motor Vehicle in Transport,no,no,no,no,no,False
102643781,METROPOLITAN NASHVILLE POLICE DEPT,20200084747,Davidson,Nashville,2/4/2020 5:54:00 PM,2,0,0,36.172840,-86.765340,JAMES ROBERTSON PKWY,,,,0.00,,,SPRING ST,,,,0.00,Y,Four-Way, ,Non-Junction,None,,,         ,Tyler,Manivong,Rain,Angle,no,no,no,no,no,False
102643789,METROPOLITAN NASHVILLE POLICE DEPT,20200084836,Davidson,Nashville,2/4/2020 7:10:00 PM,2,0,0,36.179910,-86.800460,I 65,,,,0.00,,,,,,,85.00,N,Not at Intersection,N,Non-Junction,None,,,         ,Roy,Sain Jr.,Rain,Front to Rear,no,no,no,no,no,False
102643790,METROPOLITAN NASHVILLE POLICE DEPT,20200084703,Davidson,Nashville,2/4/2020 6:18:00 PM,2,0,0,36.087260,-86.692610,HARDING PL,,,,133.00,Feet,West,ANTIOCH PKE,,,,0.00,N,Not at Intersection,N,Non-Junction,None,,,         ,Edward,Starke,Rain,Angle,no,no,no,no,no,False
102643791,METROPOLITAN NASHVILLE POLICE DEPT,20200084727,Davidson,Nashville,2/4/2020 5:55:00 PM,2,0,0,36.078650,-86.683590,ANTIOCH PKE,,,,253.00,Feet,East,CHEROKEE HILLS DR,,,,0.00,N,Not at Intersection, ,"Driveway, Alley Access, etc",None,,,         ,John,Jones,Rain,"Sideswipe, Same Direction",no,no,no,no,no,False
102643800,METROPOLITAN NASHVILLE POLICE DEPT,20200085024,Davidson,Nashville,2/4/2020 6:32:00 PM,2,0,0,36.129140,-86.772860,I 65,,,,0.00,,,,,,,81.00,N,Not at Intersection,N,Non-Junction,None,,,         ,FELIKS,ABRAHAMYAN,Rain,Angle,no,no,no,no,yes,False
102643802,METROPOLITAN NASHVILLE POLICE DEPT,20200084932,Davidson,Nashville,2/4/2020 12:00:00 AM,2,0,0,36.136720,-86.814950,ACKLEN AVE,,,,231.00,Feet,West,MARLBOROUGH AVE,,,,0.00,N,Not at Intersection,N,Non-Junction,None,,,         ,Goran,Manojlovic,Clear,Unknown,no,no,no,no,yes,False
102643808,METROPOLITAN NASHVILLE POLICE DEPT,20200084899,Davidson,Nashville,2/4/2020 5:40:00 PM,2,0,0,36.042470,-86.712950,NOLENSVILLE PKE,,,,7.00,Feet,North,MILL CREEK WHITTLEMORE GRNWY,,,,0.00,N,Not at Intersection, ,Non-Junction,None,,,         ,Edward,Starke,Rain,Angle,no,no,no,no,no,False
102643819,METROPOLITAN NASHVILLE POLICE DEPT,20200084637,Davidson,Nashville,2/4/2020 5:30:00 PM,2,1,0,36.164340,-86.794030,I 40,,,,0.00,,,,,,,208.45,N,Not at Intersection,N,Non-Junction,None,,,         ,Timothy,Skopek,Rain,Front to Rear,no,no,no,no,no,False
102643821,METROPOLITAN NASHVILLE POLICE DEPT,20200084941,Davidson,Nashville,2/4/2020 8:00:00 PM,2,0,0,36.236850,-86.760250,I 65,,,,0.00,,,,,,,89.80,N,Not at Intersection, ,Non-Junction,None,,,         ,Randall,Smith,Rain,"Sideswipe, Same Direction",no,no,no,no,no,False
102643823,METROPOLITAN NASHVILLE POLICE DEPT,20200084843,Davidson,Nashville,2/4/2020 7:20:00 PM,2,0,0,36.165540,-86.613230,I 40,,,,0.00,,,,,,,220.10,N,Not at Intersection,N,Non-Junction,None,,,         ,William,Badger,Rain,Angle,no,no,no,no,no,False
102643824,METROPOLITAN NASHVILLE POLICE DEPT,20200084745,Davidson,Nashville,2/4/2020 6:30:00 PM,2,2,0,36.205820,-86.776550,I 65,,,,0.00,,,,,,,87.30,N,Not at Intersection,N,Non-Junction,None,,,         ,Jeremy,Spoonemore,Rain,Angle,no,no,no,no,no,False
102643826,METROPOLITAN NASHVILLE POLICE DEPT,20200085090,Davidson,Not in City Limit,2/4/2020 12:00:00 AM,1,1,0,36.277260,-86.729060,N GRAYCROFT AV,,,,262.00,Feet,North,E CAMPBELL RD,,,,0.00,N,Not at Intersection,N,Unknown,None,,,         ,Christopher,Littles,Rain,Unknown,no,no,no,no,yes,False
102643832,METROPOLITAN NASHVILLE POLICE DEPT,20200085067,Davidson,Nashville,2/4/2020 9:33:00 PM,1,1,0,36.148850,-86.804560,WEST END AV,,,,0.00,,,23RD AVN,,,,0.00,Y,OTHER, ,Intersection,None,,,         ,Douglas,Sykes,Rain,Not Collision with Motor Vehicle in Transport,yes,no,no,no,no,Campus
102643833,METROPOLITAN NASHVILLE POLICE DEPT,20200084935,Davidson,Nashville,2/4/2020 8:10:00 PM,1,0,0,36.059460,-86.670870,HICKORY HOLLOW PKWY,,,,99.00,Feet,South,UNA ANTIOCH PKE,,,,0.00,N,Not at Intersection,N,Non-Junction,None,,,         ,John,Jones,Rain,Not Collision with Motor Vehicle in Transport,no,no,no,no,yes,False
102643834,METROPOLITAN NASHVILLE POLICE DEPT,20200085063,Davidson,Nashville,2/4/2020 7:40:00 PM,2,0,0,36.103230,-86.666480,MURFREESBORO PKE,,,,0.00,Feet,West,FAIRCLOTH LN,,,,0.00,N,Not at Intersection,N,Non-Junction,None,,,         ,Deandera,Payne,Rain,"Sideswipe, Same Direction",no,no,no,no,yes,False
102643852,METROPOLITAN NASHVILLE POLICE DEPT,20200084849,Davidson,Nashville,2/4/2020 7:29:00 PM,2,1,0,36.145780,-86.645490,I 40,,,,0.00,,,,,,,217.10,N,Not at Intersection,N,Non-Junction,None,,,         ,Allyson,Reis,Rain,Angle,no,no,no,no,no,False
102643860,METROPOLITAN NASHVILLE POLICE DEPT,20200081816,Davidson,Nashville,2/3/2020 2:30:00 PM,1,1,0,36.102150,-86.805980,GREEN HILLS DR,,,,176.00,Feet,North,SHACKLEFORD RD,,,,0.00,N,Not at Intersection,N,Unknown,None,,,         ,Torian,Cox,Clear,Not Collision with Motor Vehicle in Transport,yes,no,no,no,yes,False
102643871,METROPOLITAN NASHVILLE POLICE DEPT,20200084926,Davidson,Nashville,2/4/2020 5:44:00 PM,2,0,0,36.055010,-86.642410,ZELIDA AV,,,,0.00,,,BELL RD,,,,0.00,Y,Four-Way,N,Intersection,None,,,         ,Steven,Begley,Rain,"Sideswipe, Same Direction",no,no,no,no,yes,False
102643878,METROPOLITAN NASHVILLE POLICE DEPT,20200085051,Davidson,Nashville,2/4/2020 9:26:00 PM,1,1,0,36.053770,-86.672990,I 24,,,,0.00,,,,,,,58.40,N,Not at Intersection,N,Non-Junction,None,,,         ,Steffani,Dahlstrom,Rain,Not Collision with Motor Vehicle in Transport,no,no,no,no,no,False
102643885,METROPOLITAN NASHVILLE POLICE DEPT,20200084693,Davidson,Nashville,2/4/2020 6:13:00 PM,2,1,0,36.153930,-86.818200,US HWY 70,,,,0.00,,,28TH AVE N,,,,0.00,Y,Four-Way,N,Intersection-Related,None,,,         ,Jonathan,Sharp,Rain,Front to Rear,no,no,no,no,no,False
102643896,METROPOLITAN NASHVILLE POLICE DEPT,20200085074,Davidson,Nashville,2/4/2020 9:40:00 PM,2,1,0,36.180100,-86.807850,BUCHANAN ST,,,,0.00,,,14TH AVE N,,,,0.00,Y,T-Intersection,N,Intersection-Related,None,,,         ,Russell,Jones,Rain,Angle,no,no,no,no,yes,False
102643897,METROPOLITAN NASHVILLE POLICE DEPT,20200085138,Davidson,Nashville,2/4/2020 6:15:00 PM,2,0,0,36.215110,-86.598300,LEBANON PKE,,,,186.00,Feet,West,ANDREW JACKSON PKWY,,,,0.00,N,Not at Intersection, ,,None,,,         ,Terence,Mitchell,,,no,no,no,no,no,False
102643898,METROPOLITAN NASHVILLE POLICE DEPT,20200085059,Davidson,Nashville,2/4/2020 9:38:00 PM,2,1,0,36.053770,-86.672990,I 24,,,,0.00,,,,,,,58.40,N,Not at Intersection,N,Non-Junction,None,,,         ,Cressie,Prill,Rain,Front to Rear,no,no,no,no,no,False
102643901,METROPOLITAN NASHVILLE POLICE DEPT,20200085154,Davidson,Nashville,2/4/2020 9:26:00 PM,1,0,0,36.066810,-86.686950,-- UNKNOWN RAMP/ROAD --,,,,0.00,Feet,East,I 24,,,,0.00,N,Not at Intersection,N,Entrance/Exit Ramp Related,None,,,         ,Autumn,Manning,Rain,Not Collision with Motor Vehicle in Transport,no,no,no,no,no,False
102643907,METROPOLITAN NASHVILLE POLICE DEPT,20200085156,Davidson,Nashville,2/4/2020 10:15:00 PM,1,1,0,36.055100,-86.742660,MCMURRAY DR,,,,0.00,,,EDMONDSON PKE,,,,0.00,Y,OTHER,N,Non-Junction,None,,,         ,Brandon,Rardin,Rain,Not Collision with Motor Vehicle in Transport,yes,no,no,no,yes,False
102643908,METROPOLITAN NASHVILLE POLICE DEPT,20200085145,Davidson,Nashville,2/4/2020 9:40:00 PM,1,0,0,36.098170,-86.964220,CHARLOTTE PKE,,,,226.00,Feet,East,QUAIL CREEK RD,,,,0.00,N,Not at Intersection,N,Non-Junction,None,,,         ,Aaron,Wigginton,Rain,Not Collision with Motor Vehicle in Transport,no,no,no,no,no,False
102643909,METROPOLITAN NASHVILLE POLICE DEPT,20200078134,Davidson,Nashville,2/1/2020 11:08:00 PM,4,0,0,36.040190,-86.780800,STATE HWY 254,,,,29.00,Feet,East,-- UNKNOWN RAMP/ROAD --,,,,0.00,N,Not at Intersection, ,Non-Junction,None,,,         ,John,Frazier,Clear,Other,no,no,no,no,yes,False
102643910,METROPOLITAN NASHVILLE POLICE DEPT,20200084767,Davidson,Nashville,2/4/2020 6:44:00 PM,2,1,0,36.085990,-86.699920,I 24,,,,0.00,,,,,,,55.75,N,Not at Intersection,N,Non-Junction,None,,,         ,John,Walden,Rain,Angle,no,no,no,no,no,False
102643911,METROPOLITAN NASHVILLE POLICE DEPT,20200085248,Davidson,Nashville,2/4/2020 11:40:00 PM,1,0,0,36.151020,-86.750320,I 40,,,,0.00,,,,,,,211.60,N,Not at Intersection,N,Non-Junction,None,,,         ,Christopher,Lawson,Rain,Not Collision with Motor Vehicle in Transport,no,no,no,no,no,False
102643912,METROPOLITAN NASHVILLE POLICE DEPT,20200078610,Davidson,Nashville,2/2/2020 4:39:00 AM,2,0,0,36.045410,-86.713270,STATE HWY 254,,,,29.00,Feet,West,US HWY 31 ALT,,,,0.00,N,Not at Intersection,N,Non-Junction,None,,,         ,John,Frazier,Clear,Other,no,no,no,no,no,False
102643913,METROPOLITAN NASHVILLE POLICE DEPT,20200085213,Davidson,Nashville,2/4/2020 9:15:00 PM,2,0,0,36.190180,-86.626520,LEBANON PKE,,,,754.00,Feet,South,BONNABROOK DR,,,,0.00,N,Not at Intersection,N,Non-Junction,None,,,         ,Clayton,Smith,Rain,Front to Rear,no,no,no,no,yes,False
102643916,METROPOLITAN NASHVILLE POLICE DEPT,20200085270,Davidson,Nashville,2/4/2020 11:10:00 PM,2,0,0,36.153260,-86.687690,ATRIUM WAY,,,,4.00,Feet,North,ELM HILL PKE,,,,0.00,N,Not at Intersection,N,Non-Junction,None,,,         ,Meghan,Pope,Rain,"Sideswipe, Same Direction",no,no,no,no,no,False
102643917,METROPOLITAN NASHVILLE POLICE DEPT,20200076377,Davidson,Nashville,2/1/2020 3:28:00 AM,2,1,0,36.104550,-86.766870,I 65,,,,0.00,,,,,,,79.40,N,Not at Intersection,N,Non-Junction,None,,,         ,John,Frazier,Rain,Other,no,no,no,no,yes,False
102643921,METROPOLITAN NASHVILLE POLICE DEPT,20200079974,Davidson,Nashville,2/2/2020 10:52:00 PM,2,0,0,36.149620,-86.798020,US HWY 431,,,,0.00,Feet,East,20TH AVE S,,,,0.00,N,Not at Intersection, ,Non-Junction,None,,,         ,John,Frazier,Clear,"Sideswipe, Same Direction",no,no,no,no,no,Campus
102643922,METROPOLITAN NASHVILLE POLICE DEPT,20200085323,Davidson,Nashville,2/5/2020 12:21:00 AM,2,0,0,36.142210,-86.680110,I 40,,,,0.00,,,,,,,215.85,N,Not at Intersection,N,Non-Junction,None,,,         ,Ralph,Smith IV,Rain,Angle,no,no,no,no,yes,False
102643924,METROPOLITAN NASHVILLE POLICE DEPT,20200085440,Davidson,Nashville,2/5/2020 1:40:00 AM,1,0,0,36.204590,-86.776700,I 65,,,,0.00,,,,,,,87.20,N,Not at Intersection,N,Non-Junction,None,,,         ,Jacob,Dick,Rain,Not Collision with Motor Vehicle in Transport,no,no,no,no,no,False
102643925,METROPOLITAN NASHVILLE POLICE DEPT,20200085421,Davidson,Nashville,2/5/2020 12:00:00 AM,1,0,0,36.140860,-86.732610,I 40,,,,0.00,,,,,,,213.00,N,Not at Intersection,N,Non-Junction,None,,,         ,Janelle,Keslar,Rain,Not Collision with Motor Vehicle in Transport,no,no,no,no,no,False
102643928,METROPOLITAN NASHVILLE POLICE DEPT,20200085415,Davidson,Nashville,2/5/2020 1:07:00 AM,1,1,0,36.158730,-86.690910,ATRIUM WAY,,,,448.00,Feet,North,BRILEY PKWYN,,,,0.00,N,Not at Intersection,N,OtherLocation,None,,,         ,Meghan,Pope,Rain,Not Collision with Motor Vehicle in Transport,no,no,no,yes,no,False
102643940,METROPOLITAN NASHVILLE POLICE DEPT,20200085371,Davidson,Nashville,2/4/2020 8:00:00 PM,2,0,0,36.025470,-86.713050,NOLENSVILLE PKE,,,,0.00,,,LENOX VILLAGE DR,,,,0.00,Y,Four-Way,N,Non-Junction,None,,,         ,Landon,Bagwell,Rain,Front to Rear,no,no,no,no,yes,False
102643943,METROPOLITAN NASHVILLE POLICE DEPT,20200085481,Davidson,Nashville,2/5/2020 2:11:00 AM,1,1,0,36.165230,-86.802980,17TH AVN,,,,309.00,Feet,West,HERMAN ST,,,,0.00,N,Not at Intersection,N,Non-Junction,None,,,         ,Dakota,Vermillion,Rain,Not Collision with Motor Vehicle in Transport,no,no,no,yes,no,False
102643969,METROPOLITAN NASHVILLE POLICE DEPT,20200085725,Davidson,Nashville,2/5/2020 4:12:00 AM,2,0,0,36.045370,-86.713260,NOLENSVILLE PKE,,,,0.00,Feet,,OLD HICKORY BLVD,,,,0.00,Y,Four-Way,N,Intersection,None,,,         ,Bryce,Hatten,Rain,Angle,no,no,no,no,no,False
102644004,METROPOLITAN NASHVILLE POLICE DEPT,20200085846,Davidson,Nashville,2/5/2020 5:00:00 AM,1,0,0,36.054450,-86.667270,HICKORY HOLLOW PKWY,,,,1496.00,Feet,East,MT VIEW RD,,,,0.00,N,Not at Intersection,N,Non-Junction,None,,,         ,David,Simmonds,Rain,Not Collision with Motor Vehicle in Transport,no,no,no,no,no,False
102644026,METROPOLITAN NASHVILLE POLICE DEPT,20200085871,Davidson,Nashville,2/5/2020 5:55:00 AM,3,2,0,36.179650,-86.773920,I 24,,,,0.00,,,,,,,47.70,N,Not at Intersection,N,Non-Junction,None,,,         ,Edward,Holden,Rain,Front to Rear,no,no,no,no,no,False
102644033,METROPOLITAN NASHVILLE POLICE DEPT,20200085831,Davidson,Not in City Limit,2/5/2020 5:19:00 AM,1,1,0,36.259290,-86.886570,EATONS CREEK RD,,,,1750.00,Feet,East,OLD HICKORY BLVD,,,,0.00,N,Not at Intersection,N,Non-Junction,None,,,         ,John,Deiterick,Cloudy,Not Collision with Motor Vehicle in Transport,no,no,no,no,yes,False
102644036,METROPOLITAN NASHVILLE POLICE DEPT,20200071100,Davidson,Nashville,1/30/2020 7:18:00 AM,1,0,1,36.065100,-86.627360,HAMILTON CHURCH RD,,,,347.00,Feet,East,MURFREESBORO PKE,,,,0.00,N,Not at Intersection,N,Non-Junction,None,,,20-0064  ,Donald,Davidson,Cloudy,Not Collision with Motor Vehicle in Transport,yes,no,no,no,no,False
102644044,METROPOLITAN NASHVILLE POLICE DEPT,20200085929,Davidson,Nashville,2/5/2020 6:55:00 AM,2,0,0,36.203650,-86.739320,E TRINITY LN,,,,234.00,Feet,West,GALLATIN PKE,,,,0.00,N,Not at Intersection, ,Non-Junction,None,,,         ,Douglas,Smith,Rain,"Sideswipe, Same Direction",no,no,no,no,no,False
102644052,METROPOLITAN NASHVILLE POLICE DEPT,20200085877,Davidson,Nashville,2/5/2020 6:04:00 AM,2,0,0,36.139050,-86.733010,MURFREESBORO PKE,,,,0.00,,,ARLINGTON AV,,,,0.00,Y,T-Intersection,Y,Intersection,None,,,         ,Teresah,Pinho,Clear,Front to Rear,no,no,no,no,no,False
102644053,METROPOLITAN NASHVILLE POLICE DEPT,20200086101,Davidson,Nashville,2/5/2020 7:44:00 AM,2,0,0,36.153270,-86.842860,ALABAMA AV,,,,176.00,Feet,West,46TH AVN,,,,0.00,N,Not at Intersection, ,,None,,,         ,Curtis,Rich,,,no,no,no,no,no,False
102644054,METROPOLITAN NASHVILLE POLICE DEPT,20200085947,Davidson,Nashville,2/5/2020 6:23:00 AM,2,0,0,36.248010,-86.720360,GALLATIN PKES,,,,0.00,,,DUE WEST AVW,,,,0.00,Y,Four-Way,N,Intersection,None,,,         ,Doyle,Price,Rain,"Sideswipe, Same Direction",no,no,no,no,yes,False
102644055,METROPOLITAN NASHVILLE POLICE DEPT,20200085933,Davidson,Nashville,2/5/2020 6:55:00 AM,2,0,0,36.117870,-86.699780,MURFREESBORO PKE,,,,187.00,Feet,East,BRILEY PKWY N EXT RAMP,,,,0.00,N,Not at Intersection, ,Non-Junction,None,,,         ,Lynsie,Smith,Rain,"Sideswipe, Opposite Direction",no,no,no,no,no,False
102644056,METROPOLITAN NASHVILLE POLICE DEPT,20200086041,Davidson,Nashville,2/5/2020 7:30:00 AM,2,0,0,36.190520,-86.626080,LEBANON PKE,,,,582.00,Feet,South,BONNABROOK DR,,,,0.00,N,Not at Intersection, ,Non-Junction,None,,,         ,Ricardo,Cruz,Cloudy,Front to Rear,no,no,no,no,no,False
102644061,METROPOLITAN NASHVILLE POLICE DEPT,20200085938,Davidson,Nashville,2/5/2020 6:58:00 AM,1,1,0,36.071230,-86.645720,EDGE O LAKE DR,,,,526.00,Feet,South,RICE RD,,,,0.00,N,Not at Intersection, ,Non-Junction,None,,,         ,Jason,Hees,Rain,Not Collision with Motor Vehicle in Transport,no,no,no,no,no,False
102644062,METROPOLITAN NASHVILLE POLICE DEPT,20200086009,Davidson,Nashville,2/5/2020 7:13:00 AM,2,0,0,36.077790,-86.682570,ANTIOCH PKE,,,,690.00,Feet,South,CHEROKEE HILLS DR,,,,0.00,N,Not at Intersection, ,Non-Junction,None,,,         ,Jason,Hees,Rain,Angle,no,no,no,no,no,False
102644066,METROPOLITAN NASHVILLE POLICE DEPT,20200085927,Davidson,Nashville,2/5/2020 6:40:00 AM,2,0,0,36.098960,-86.717510,MCCALL ST,,,,0.00,,,ANTIOCH PKE,,,,0.00,Y,T-Intersection, ,Intersection,None,,,         ,Patrick,Martin,Cloudy,Angle,no,no,no,no,no,False
102644071,METROPOLITAN NASHVILLE POLICE DEPT,20200085944,Davidson,Nashville,2/5/2020 6:28:00 AM,2,0,0,36.157930,-86.791610,I40 E ENT RAMP,,,,0.00,,,I 40,,,,0.00,Y,Four-Way, ,Intersection,None,,,         ,William,Caillouette,Rain,Angle,no,no,no,no,no,False
102644073,METROPOLITAN NASHVILLE POLICE DEPT,20200086008,Davidson,Nashville,2/5/2020 7:15:00 AM,2,0,0,36.185580,-86.798390,I65 S ENT RAMP,,,,0.00,Feet,,I 65,,,,0.00,Y,T-Intersection,N,Non-Junction,None,,,         ,Alec,Pellissier,Rain,Front to Rear,no,no,no,no,yes,False