master_record_number,agency,agency_tracking_number,county,city,collision_date,vehicles_involved,number_injured,number_dead,latitude,longitude,roadway_name,roadway_suffix,roadway_number,roadway_local_id,distance_from_reference,miles-feet_indicator,direction_from_reference,intersection_road_name,intersection_road_name_suffix,intersection_road_number,intersection_local_id,mile_marker,intersection_indicator,intersect_type,interchange_related_indicator,relation_to_junction,work_zone_type,construction_maintenance_zone,construction_maintenance_zone_location,fatal_case_number,officer_first_name,officer_last_name,weather_condition(s),manner_of_crash,pedestrian,bicycle,scooter,parking,hitrun,mou
102644509,METROPOLITAN NASHVILLE POLICE DEPT,2020087286,Davidson,Not in City Limit,2/5/2020 6:16:00 PM,2,0,0,36.269670,-86.694890,MAY DR,,,,1.00,Feet,North,ROOSEVELT AV,,,,0.00,N,Not at Intersection,N,Non-Junction,None,,,         ,Anthony,Cavis,Rain,"Sideswipe, Same Direction",no,no,no,no,no,False
102644513,METROPOLITAN NASHVILLE POLICE DEPT,20200087267,Davidson,Nashville,2/5/2020 6:00:00 PM,1,1,0,36.137700,-86.728850,MURFREESBORO PKE,,,,28.00,Feet,East,I24 E ENT RAMP,,,,0.00,N,Not at Intersection,N,Non-Junction,None,,,         ,Jason,Milyaro Lucas,Rain,Not Collision with Motor Vehicle in Transport,yes,no,no,no,no,False
102644515,METROPOLITAN NASHVILLE POLICE DEPT,20200087442,Davidson,Nashville,2/5/2020 7:00:00 PM,2,0,0,36.100550,-86.739920,NOLENSVILLE PKE,,,,0.00,,,CHILTON ST,,,,0.00,Y,OTHER,Y,Non-Junction,None,,,         ,Citlaly,Juarez,Rain,HeadOn,no,no,no,no,yes,False
102644526,METROPOLITAN NASHVILLE POLICE DEPT,20200087095,Davidson,Nashville,2/5/2020 4:25:00 PM,2,0,0,36.106370,-86.742880,MORTON AV,,,,0.00,,,NOLENSVILLE PKE,,,,0.00,Y,Four-Way,N,Intersection,None,,,         ,Corey,Reed,Rain,Angle,no,no,no,no,no,False
102644529,METROPOLITAN NASHVILLE POLICE DEPT,20200087228,Davidson,Nashville,2/5/2020 5:37:00 PM,1,1,0,36.121520,-86.794630,KIRKWOOD AVE,,,,69.00,Feet,East,BELMONT BLVD,,,,0.00,N,Not at Intersection,N,Non-Junction,None,,,         ,Katelin,Ehrhardt,Rain,Not Collision with Motor Vehicle in Transport,no,yes,no,no,no,False
102644531,METROPOLITAN NASHVILLE POLICE DEPT,20200087411,Davidson,Nashville,2/5/2020 7:14:00 PM,1,0,0,36.154160,-86.833990,I 40,,,,0.00,,,,,,,205.30,N,Not at Intersection,N,Non-Junction,None,,,         ,Je-Marc,Sears,Rain,Not Collision with Motor Vehicle in Transport,no,no,no,no,no,False
102644532,METROPOLITAN NASHVILLE POLICE DEPT,20200087395,Davidson,Nashville,2/5/2020 6:06:00 PM,3,0,0,36.044810,-86.662240,BELL RD,,,,211.00,Feet,West,CANE RIDGE RD,,,,0.00,N,Not at Intersection,N,Non-Junction,None,,,         ,Edward,Starke,Rain,"Sideswipe, Same Direction",no,no,no,no,yes,False
102644533,METROPOLITAN NASHVILLE POLICE DEPT,20200087217,Davidson,Nashville,2/5/2020 5:26:00 PM,2,0,0,36.233150,-86.701570,BRILEY PKWYW,,,,612.00,Feet,North,MUSIC VALLEY DR,,,,0.00,N,Not at Intersection,N,Non-Junction,None,,,         ,Zachariah,Bush,Rain,Front to Rear,no,no,no,no,no,False
102644538,METROPOLITAN NASHVILLE POLICE DEPT,20200087040,Davidson,Nashville,2/5/2020 3:15:00 PM,2,0,0,36.124770,-86.847940,HARDING PKE,,,,120.00,Feet,West,WOODMONT BLVD,,,,0.00,N,Not at Intersection, ,Non-Junction,None,,,         ,Torian,Cox,Rain,Front to Rear,no,no,no,no,no,False
102644544,METROPOLITAN NASHVILLE POLICE DEPT,20200087257,Davidson,Nashville,2/5/2020 3:48:00 PM,2,0,0,36.101800,-86.868940,HARDING PL,,,,400.00,Feet,East,HARDING PKE,,,,0.00,N,Not at Intersection, ,Non-Junction,None,,,         ,Justin,Coyle,Rain,"Sideswipe, Same Direction",no,no,no,no,no,False
102644545,METROPOLITAN NASHVILLE POLICE DEPT,20200087552,Davidson,Nashville,2/5/2020 6:03:00 PM,2,0,0,36.043330,-86.655840,I 24,,,,0.00,,,,,,,59.60,N,Not at Intersection,N,Non-Junction,None,,,         ,Edward,Starke,Rain,"Sideswipe, Same Direction",no,no,no,no,yes,False
102644556,METROPOLITAN NASHVILLE POLICE DEPT,20200087336,Davidson,Nashville,2/5/2020 5:45:00 PM,2,0,0,36.141610,-86.672390,I 40,,,,0.00,,,,,,,215.00,N,Not at Intersection, ,Non-Junction,None,,,         ,William,Badger,Rain,Front to Rear,no,no,no,no,no,False
102644568,METROPOLITAN NASHVILLE POLICE DEPT,20200087273,Davidson,Nashville,2/5/2020 5:55:00 PM,2,0,0,36.214750,-86.817670,BUENA VISTA PKE,,,,0.00,Feet,,MOORMANS ARM RD,,,,0.00,Y,T-Intersection,Y,Intersection,None,,,         ,Melissa,Flores,Rain,Front to Rear,no,no,no,no,no,False
102644577,METROPOLITAN NASHVILLE POLICE DEPT,20200087568,Davidson,Nashville,2/5/2020 8:52:00 PM,2,1,0,36.151710,-86.677200,ELM HILL PKE,,,,58.00,Feet,West,EMERY DR,,,,0.00,N,Not at Intersection,N,Non-Junction,None,,,         ,Jason,Milyaro Lucas,Rain,Angle,no,no,no,no,no,False
102644593,METROPOLITAN NASHVILLE POLICE DEPT,20200087621,Davidson,Not in City Limit,2/5/2020 9:30:00 PM,2,1,0,36.266900,-86.710910,DUPONT AV,,,,0.00,,,GALLATIN PKEN,,,,0.00,Y,Four-Way,N,Intersection,None,,,         ,Christopher,Littles,Cloudy,Angle,no,no,no,no,yes,False
102644594,METROPOLITAN NASHVILLE POLICE DEPT,20200087615,Davidson,Nashville,2/5/2020 8:10:00 PM,2,0,0,36.078390,-86.645690,EDGE O LAKE DR,,,,230.00,Feet,South,MARTWAY DR,,,,0.00,N,Not at Intersection,N,Non-Junction,None,,,         ,Edward,Starke,Rain,Front to Rear,no,no,no,no,yes,False
102644595,METROPOLITAN NASHVILLE POLICE DEPT,20200087604,Davidson,Not in City Limit,2/5/2020 8:30:00 PM,1,1,0,36.012060,-86.704300,HOLT RD,,,,235.00,Feet,West,NOLENSVILLE PKE,,,,0.00,N,Not at Intersection,N,Non-Junction,None,,,         ,FELIKS,ABRAHAMYAN,Rain,Not Collision with Motor Vehicle in Transport,no,no,no,no,no,False
102644612,METROPOLITAN NASHVILLE POLICE DEPT,20200087476,Davidson,Nashville,2/5/2020 7:40:00 PM,2,0,0,36.160520,-86.821080,I 40,,,,0.00,,,,,,,206.15,N,Not at Intersection, ,,None,,,         ,Jonathan,Sharp,,,no,no,no,no,no,False
102644613,METROPOLITAN NASHVILLE POLICE DEPT,20200087672,Davidson,Nashville,2/5/2020 9:45:00 PM,2,0,0,36.075890,-86.693940,I 24,,,,0.00,,,,,,,56.50,N,Not at Intersection,N,Non-Junction,None,,,         ,Corey,Reed,Rain,Angle,no,no,no,no,no,False
102644617,METROPOLITAN NASHVILLE POLICE DEPT,20200087659,Davidson,Nashville,2/5/2020 9:58:00 PM,1,1,0,36.137340,-86.890830,I 40,,,,0.00,,,,,,,201.75,N,Not at Intersection,N,Non-Junction,None,,,         ,Brandon,Pedigo,Rain,Not Collision with Motor Vehicle in Transport,no,no,no,no,no,False
102644619,METROPOLITAN NASHVILLE POLICE DEPT,20200087632,Davidson,Nashville,2/5/2020 9:35:00 PM,2,1,0,36.045740,-86.674350,BELL RD,,,,0.00,,,BLUE HOLE RD,,,,0.00,Y,Four-Way,N,Intersection,None,,,         ,John,Jones,Rain,HeadOn,no,no,no,no,no,False
102644620,METROPOLITAN NASHVILLE POLICE DEPT,20200087378,Davidson,Nashville,2/5/2020 7:00:00 PM,3,2,0,36.155660,-86.827790,I 40,,,,0.00,,,,,,,205.60,N,Not at Intersection,N,Non-Junction,None,,,         ,Timothy,Skopek,Rain,Other,yes,no,no,no,no,False
102644640,METROPOLITAN NASHVILLE POLICE DEPT,20200087702,Davidson,Nashville,2/5/2020 10:35:00 PM,1,2,0,36.151760,-86.851530,CHARLOTTE AV,,,,107.00,Feet,West,53RD AVN,,,,0.00,N,Not at Intersection,N,Non-Junction,None,,,         ,Je-Marc,Sears,Rain,Not Collision with Motor Vehicle in Transport,no,no,no,no,no,False
102644665,METROPOLITAN NASHVILLE POLICE DEPT,20200087831,Davidson,Nashville,2/5/2020 11:10:00 PM,1,0,0,36.118490,-86.767940,I 440,,,,0.00,,,,,,,5.25,N,Not at Intersection,Y,Non-Junction,None,,,         ,Kevin,Reynolds,Rain,Not Collision with Motor Vehicle in Transport,no,no,no,no,no,False
102644684,METROPOLITAN NASHVILLE POLICE DEPT,20200087878,Davidson,Nashville,2/5/2020 11:46:00 PM,2,0,0,36.178440,-86.775970,COWAN ST,,,,468.00,Feet,West,SPRING ST,,,,0.00,N,Not at Intersection,N,Non-Junction,None,,,         ,Reginald,Pierre-Paul,Rain,Angle,no,no,no,yes,no,False
102644692,METROPOLITAN NASHVILLE POLICE DEPT,20200087932,Davidson,Goodlettsville,2/6/2020 12:33:00 AM,1,0,0,36.296940,-86.699180,RIVERGATE PKWY,,,,0.00,,,GALLATIN PKEN,,,,0.00,Y,Four-Way, ,Intersection,None,,,         ,Derrick,Toney,Rain,Not Collision with Motor Vehicle in Transport,no,no,no,no,no,False
102644707,METROPOLITAN NASHVILLE POLICE DEPT,20200087898,Davidson,Nashville,2/6/2020 12:16:00 AM,1,0,0,36.209140,-86.852710,HYDESDALE LN,,,,516.00,Feet,West,MULLINS PARK GRWY,,,,0.00,N,Not at Intersection,N,Non-Junction,None,,,         ,Joshua,Green,Rain,Not Collision with Motor Vehicle in Transport,no,no,no,no,yes,False
102644712,METROPOLITAN NASHVILLE POLICE DEPT,20200088234,Davidson,Nashville,2/6/2020 3:00:00 AM,2,1,0,36.153260,-86.795480,WEST END AV,,,,178.00,Feet,East,18TH AVS,,,,0.00,N,Not at Intersection,N,Non-Junction,None,,,         ,Landon,Bagwell,Cloudy,"Sideswipe, Same Direction",no,no,no,no,no,False
102644717,METROPOLITAN NASHVILLE POLICE DEPT,20200087992,Davidson,Nashville,2/6/2020 12:55:00 AM,2,1,0,36.138290,-86.726770,I 24,,,,0.00,,,,,,,52.40,N,Not at Intersection,N,Non-Junction,None,,,         ,Meghan,Pope,Rain,Front to Rear,no,no,no,no,no,False
102644720,METROPOLITAN NASHVILLE POLICE DEPT,20200088178,Davidson,Nashville,2/6/2020 2:35:00 AM,1,0,0,36.138290,-86.726770,I 24,,,,0.00,,,,,,,52.40,N,Not at Intersection,N,Non-Junction,None,,,         ,Meghan,Pope,Rain,Not Collision with Motor Vehicle in Transport,no,no,no,no,no,False
102644727,METROPOLITAN NASHVILLE POLICE DEPT,20200083607,Davidson,Nashville,2/4/2020 9:08:00 AM,2,1,1,36.275450,-86.765290,OLD HICKORY BLVD,,,,235.00,Feet,West,LAWING DR,,,,0.00,N,Not at Intersection,N,Non-Junction,None,,,20-0079  ,Donald,Davidson,Rain,HeadOn,no,no,no,no,no,False
102644730,METROPOLITAN NASHVILLE POLICE DEPT,20200088405,Davidson,Nashville,2/6/2020 5:08:00 AM,1,0,0,36.096890,-86.708890,I 24,,,,0.00,,,,,,,54.80,N,Not at Intersection,N,Non-Junction,None,,,         ,Teresah,Pinho,Rain,Unknown,no,no,no,no,yes,False
102644766,METROPOLITAN NASHVILLE POLICE DEPT,20200088496,Davidson,Nashville,2/6/2020 6:10:00 AM,2,0,0,36.233630,-86.724790,GALLATIN PKE SB EXT RAMP,,,,0.00,,,GALLATIN PKE,,,,0.00,Y,Y-Intersection, ,Entrance/Exit Ramp Related,None,,,         ,Frederick,Ware,Rain,"Sideswipe, Same Direction",no,no,no,no,no,False
102644769,METROPOLITAN NASHVILLE POLICE DEPT,20200088509,Davidson,Nashville,2/6/2020 6:26:00 AM,2,0,0,36.202620,-86.776880,I 65,,,,0.00,,,,,,,86.95,N,Not at Intersection, ,Non-Junction,None,,,         ,Malik,Burriss,Rain,Front to Rear,no,no,no,no,no,False
102644777,METROPOLITAN NASHVILLE POLICE DEPT,20200088585,Davidson,Nashville,2/6/2020 7:20:00 AM,2,0,0,36.125730,-86.904490,I 40,,,,0.00,,,,,,,200.60,N,Not at Intersection, ,Non-Junction,None,,,         ,Curtis,Rich,Rain,Front to Rear,no,no,no,no,no,False
102644780,METROPOLITAN NASHVILLE POLICE DEPT,20200081500,Davidson,Nashville,2/3/2020 2:12:00 PM,2,0,0,36.124580,-86.806880,I440 W ENT RAMP,,,,0.00,Feet,East,I 440,,,,0.00,N,Not at Intersection, ,Entrance/Exit Ramp Related,None,,,         ,Nathan,Kemp,Clear,Front to Rear,no,no,no,no,no,False
102644781,METROPOLITAN NASHVILLE POLICE DEPT,20200088624,Davidson,Nashville,2/6/2020 7:33:00 AM,1,1,0,36.115990,-86.788010,I 440,,,,0.00,,,,,,,3.90,N,Not at Intersection,N,Non-Junction,None,,,         ,Nathan,Kemp,Rain,Not Collision with Motor Vehicle in Transport,no,no,no,no,no,False
102644783,METROPOLITAN NASHVILLE POLICE DEPT,20200088564,Davidson,Nashville,2/6/2020 7:03:00 AM,2,1,0,36.096770,-86.654560,OLD MURFREESBORO PKE,,,,0.00,,,SMITH SPRINGS RD,,,,0.00,Y,Four-Way,N,Intersection,None,,,         ,Michael,Dance,Rain,Front to Rear,no,no,no,no,no,False
102644784,METROPOLITAN NASHVILLE POLICE DEPT,20200088505,Davidson,Nashville,2/6/2020 6:20:00 AM,3,0,0,36.175320,-86.767240,ELLINGTON PKWYS,,,,117.00,Feet,North,ELLINGTON PKWY N ENT RAMP,,,,0.00,N,Not at Intersection, ,Non-Junction,None,,,         ,Edward,Holden,Rain,Front to Rear,no,no,no,no,no,False
102644792,METROPOLITAN NASHVILLE POLICE DEPT,20200088536,Davidson,Antioch,2/6/2020 6:31:00 AM,2,0,0,36.054030,-86.618510,MURFREESBORO PKE,,,,0.80,Miles,North,MOUNTAIN SPRINGS RD,,,,0.00,N,Not at Intersection, ,Non-Junction,None,,,         ,Patrick,Martin,Rain,Angle,no,no,no,no,no,False
102644794,METROPOLITAN NASHVILLE POLICE DEPT,20200088582,Davidson,Antioch,2/6/2020 7:13:00 AM,2,0,0,36.039400,-86.602990,MURFREESBORO PKE,,,,0.00,,,OLD HICKORY BLVD,,,,0.00,Y,T-Intersection,Y,Intersection-Related,None,,,         ,Thomas,White,Rain,"Sideswipe, Same Direction",no,no,no,no,yes,False
102644799,THP District 9 - Administrative,320007886,Davidson,Nashville,2/5/2020 9:16:00 AM,2,0,0,36.166290,-86.788000,ROSA L PARKS BLVD,,,,0.00,,,,,,,0.00,,, ,"Driveway, Alley Access, etc",None,,,         ,Brian,Carmouche,Clear,"Sideswipe, Same Direction",no,no,no,yes,no,False
102644804,METROPOLITAN NASHVILLE POLICE DEPT,20200088622,Davidson,Nashville,2/6/2020 7:33:00 AM,2,0,0,36.154000,-86.835860,I 40,,,,0.00,,,,,,,205.20,N,Not at Intersection, ,Non-Junction,None,,,         ,Alexis,Pond,Rain,"Sideswipe, Same Direction",no,no,no,no,no,False
102644810,METROPOLITAN NASHVILLE POLICE DEPT,20200088694,Davidson,Nashville,2/6/2020 8:00:00 AM,2,0,0,36.137850,-86.857710,KNOB RD,,,,0.00,,,WHITE BRIDGE PKE,,,,0.00,Y,Four-Way, ,Intersection,None,,,         ,Curtis,Rich,Rain,Angle,no,no,no,no,yes,False
102644811,METROPOLITAN NASHVILLE POLICE DEPT,20200088545,Davidson,Nashville,2/6/2020 6:30:00 AM,3,0,0,36.089580,-86.762480,I 65,,,,0.00,,,,,,,78.30,N,Not at Intersection,N,Non-Junction,None,,,         ,Melissa,Lomax,Rain,Front to Rear,no,no,no,no,no,False
102644816,METROPOLITAN NASHVILLE POLICE DEPT,20200088578,Davidson,Nashville,2/6/2020 7:12:00 AM,2,0,0,36.037720,-86.794750,OLD HICKORY BLVD,,,,0.00,,,BRENTWOOD BLVD,,,,0.00,Y,Four-Way,N,Intersection,None,,,         ,Earl,Davis,Rain,Angle,no,no,no,no,no,False
102644819,METROPOLITAN NASHVILLE POLICE DEPT,20200088689,Davidson,Nashville,2/6/2020 8:00:00 AM,2,1,0,36.218990,-86.748540,ELLINGTON PKWY S EXT RAMP,,,,0.00,Feet,East,HART LN,,,,0.00,N,Not at Intersection,N,Non-Junction,None,,,         ,Jackson,Sanders,Rain,Front to Rear,no,no,no,no,no,False
102644820,METROPOLITAN NASHVILLE POLICE DEPT,20200088670,Davidson,Nashville,2/6/2020 7:50:00 AM,2,0,0,36.157250,-86.807580,22ND AVN,,,,167.00,Feet,South,FELICIA ST,,,,0.00,N,Not at Intersection, ,,None,,,         ,Brian,Quigley,,,no,no,no,no,no,False
102644824,METROPOLITAN NASHVILLE POLICE DEPT,20200088726,Davidson,Nashville,2/6/2020 8:11:00 AM,2,0,0,36.094330,-86.653150,OLD MURFREESBORO PKE,,,,185.00,Feet,North,MURFREESBORO PKE,,,,0.00,N,Not at Intersection,N,"Driveway, Alley Access, etc",None,,,         ,Michael,Dance,Rain,"Sideswipe, Same Direction",no,no,no,no,yes,False
102644827,METROPOLITAN NASHVILLE POLICE DEPT,20-0088562,Davidson,Nashville,2/6/2020 7:02:00 AM,2,1,0,36.155590,-86.771070,2ND AVS,,,,0.00,Feet,West,LEA AV,,,,0.00,N,Not at Intersection,N,Non-Junction,None,,,         ,Harold,Wells,Rain,Angle,no,no,no,no,no,False
102644830,METROPOLITAN NASHVILLE POLICE DEPT,20200088656,Davidson,Nashville,2/6/2020 7:48:00 AM,2,0,0,36.047420,-86.750350,HILL RD,,,,0.00,,,SAN MARCOS DR,,,,0.00,Y,T-Intersection, ,Intersection,None,,,         ,Earl,Davis,Rain,"Sideswipe, Opposite Direction",no,no,no,no,no,False
102644833,METROPOLITAN NASHVILLE POLICE DEPT,20200088541,Davidson,Nashville,2/6/2020 6:20:00 AM,2,0,0,36.089580,-86.762480,I 65,,,,0.00,,,,,,,78.30,N,Not at Intersection,N,Non-Junction,None,,,         ,Melissa,Lomax,Rain,Front to Rear,no,no,no,no,no,False
102644834,METROPOLITAN NASHVILLE POLICE DEPT,20200088784,Davidson,Nashville,2/6/2020 8:48:00 AM,2,1,0,36.116000,-86.793520,I 440,,,,0.00,,,,,,,3.80,N,Not at Intersection,N,Non-Junction,None,,,         ,Nathan,Kemp,Rain,Front to Rear,no,no,no,no,no,False
102644837,METROPOLITAN NASHVILLE POLICE DEPT,20200088621,Davidson,Nashville,2/6/2020 12:00:00 AM,2,0,0,36.149290,-86.761060,CLAIBORNE ST,,,,328.00,Feet,North,LAFAYETTE ST,,,,0.00,N,Not at Intersection,N,Non-Junction,None,,,         ,Michael,Brooks,Unknown,Unknown,no,no,no,no,yes,False
102644838,METROPOLITAN NASHVILLE POLICE DEPT,20200088685,Davidson,Nashville,2/6/2020 7:28:00 AM,2,0,0,36.151070,-86.670570,ELM HILL PKE,,,,0.00,,,OLD ELM HILL PKE,,,,0.00,Y,T-Intersection,N,Intersection,None,,,         ,Michael,Brooks,Rain,Front to Rear,no,no,no,no,yes,False
102644846,Nashville Airport Police,20-00444,Davidson,Nashville,2/5/2020 12:00:00 PM,2,0,0,36.133410,-86.665080,BNA DR,,,,0.00,,,TERMINAL DR,,,,0.00,Y,OTHER, ,Non-Junction,None,,,         ,Jerry,Lovell,Rain,"Sideswipe, Same Direction",no,no,no,no,no,False
102644847,METROPOLITAN NASHVILLE POLICE DEPT,20200088655,Davidson,Not in City Limit,2/6/2020 7:47:00 AM,3,1,0,36.310230,-86.827100,I 24,,,,0.00,,,,,,,37.65,N,Not at Intersection,N,Non-Junction,None,,,         ,Tyler,Adcock,Rain,Front to Rear,no,no,no,no,no,False
102644850,METROPOLITAN NASHVILLE POLICE DEPT,20200088724,Davidson,Nashville,2/6/2020 8:14:00 AM,2,0,0,36.183650,-86.610660,OLD HICKORY BLVD,,,,0.00,,,ANDREW JACKSON PKWY,,,,0.00,Y,Four-Way, ,,None,,,         ,Michael,Dance,,,no,no,no,no,no,False
102644854,THP District 9 - Administrative,320007897,Davidson,Nashville,2/5/2020 6:55:00 AM,2,0,0,36.164160,-86.787380,ROSA L PARKS BLVD,,,,0.00,,,,,,,0.00,,, ,Non-Junction,None,,,         ,Adam,Simpkins,Rain,"Sideswipe, Same Direction",no,no,no,yes,no,False
102644864,METROPOLITAN NASHVILLE POLICE DEPT,20200088756,Davidson,Nashville,2/6/2020 7:57:00 AM,2,0,0,36.170920,-86.747790,SHELBY AV,,,,96.00,Feet,East,S 13TH ST,,,,0.00,N,Not at Intersection,N,Non-Junction,None,,,         ,Parker,Vegas,Rain,Front to Rear,no,no,no,no,no,False
102644869,METROPOLITAN NASHVILLE POLICE DEPT,20200088531,Davidson,Nashville,2/6/2020 6:40:00 AM,1,1,0,36.209590,-86.870360,ASHLAND CITY HWY,,,,0.00,Feet,,ASHLAND CITY HWY WB ENT RAMP,,,,0.00,Y,Four-Way,N,Intersection,None,,,         ,Royce,McLester,Rain,Not Collision with Motor Vehicle in Transport,no,no,no,no,no,False
102644870,METROPOLITAN NASHVILLE POLICE DEPT,20200088613,Davidson,Nashville,2/6/2020 7:26:00 AM,2,1,0,36.116880,-86.738670,LUTIE ST,,,,0.00,,,STERLING BOONE DR,,,,0.00,Y,Four-Way,N,Intersection,None,,,         ,Matthew,Swindell,Rain,Angle,no,no,no,no,yes,False
102644874,METROPOLITAN NASHVILLE POLICE DEPT,20200088769,Davidson,Nashville,2/6/2020 8:43:00 AM,3,2,0,36.141990,-86.675060,I 40,,,,0.00,,,,,,,215.00,N,Not at Intersection,N,Non-Junction,None,,,         ,Michael,Brooks,Rain,Front to Rear,no,no,no,no,no,False
102644875,METROPOLITAN NASHVILLE POLICE DEPT,20200088767,Davidson,Nashville,2/6/2020 8:41:00 AM,2,1,0,36.109430,-86.723380,I24 E EXT RAMP,,,,0.00,Feet,East,BRILEY PKWYS,,,,0.00,N,Not at Intersection,N,Entrance/Exit Ramp Related,None,,,         ,Patrick,Martin,Rain,Front to Rear,no,no,no,no,yes,False
102644880,METROPOLITAN NASHVILLE POLICE DEPT,20200088721,Davidson,Nashville,2/6/2020 7:45:00 AM,2,0,0,36.187970,-86.798220,DOMINICAN DR,,,,78.00,Feet,East,ROSA L PARKS BLVD,,,,0.00,N,Not at Intersection, ,Non-Junction,None,,,         ,Alec,Pellissier,Rain,Front to Rear,no,no,no,no,no,False
102644895,METROPOLITAN NASHVILLE POLICE DEPT,20200088808,Davidson,Nashville,2/6/2020 9:00:00 AM,5,1,0,36.081730,-86.697250,I 24,,,,0.00,,,,,,,56.05,N,Not at Intersection,N,Non-Junction,None,,,         ,Thomas,White,Rain,Front to Rear,no,no,no,no,yes,False
102644904,METROPOLITAN NASHVILLE POLICE DEPT,20200088816,Davidson,Nashville,2/6/2020 8:30:00 AM,2,0,0,36.184410,-86.773730,HANCOCK ST,,,,0.00,,,DICKERSON PKE,,,,0.00,Y,T-Intersection, ,Intersection,None,,,         ,Mandi,Maska,Rain,Angle,no,no,no,no,no,False
102644909,METROPOLITAN NASHVILLE POLICE DEPT,20200088826,Davidson,Nashville,2/6/2020 9:14:00 AM,2,1,0,36.094060,-86.678280,DONELSON PKE,,,,484.00,Feet,North,HARDING PL,,,,0.00,N,Not at Intersection,N,"Driveway, Alley Access, etc",None,,,         ,Patrick,Martin,Cloudy,"Sideswipe, Same Direction",no,no,no,no,no,False
102644910,METROPOLITAN NASHVILLE POLICE DEPT,20200088941,Davidson,Nashville,2/6/2020 9:06:00 AM,2,0,0,36.144780,-86.739710,I 40,,,,0.00,,,,,,,212.30,N,Not at Intersection, ,Non-Junction,None,,,         ,Michael,Dance,Rain,"Sideswipe, Same Direction",no,no,no,no,no,False
102644913,METROPOLITAN NASHVILLE POLICE DEPT,20200088885,Davidson,Nashville,2/6/2020 9:44:00 AM,2,0,0,36.135580,-86.726730,I 24,,,,0.00,,,,,,,52.20,N,Not at Intersection, ,Non-Junction,None,,,         ,Matthew,Swindell,Cloudy,"Sideswipe, Same Direction",no,no,no,no,no,False
102644916,METROPOLITAN NASHVILLE POLICE DEPT,20200088832,Davidson,Nashville,2/6/2020 9:17:00 AM,2,0,0,36.133870,-86.819290,I 440,,,,0.00,,,,,,,1.70,N,Not at Intersection,N,Non-Junction,None,,,         ,Nathan,Kemp,Rain,Front to Rear,no,no,no,no,yes,False
102644917,METROPOLITAN NASHVILLE POLICE DEPT,20200088904,Davidson,Nashville,2/6/2020 9:51:00 AM,2,2,0,36.072070,-86.769660,I 65,,,,0.00,,,,,,,77.10,N,Not at Intersection,N,Non-Junction,None,,,         ,Nathan,Kemp,Rain,"Sideswipe, Same Direction",no,no,no,no,no,False
102644924,METROPOLITAN NASHVILLE POLICE DEPT,20200088959,Davidson,Nashville,2/6/2020 12:00:00 AM,2,0,0,36.261330,-86.757560,DICKERSON PKE,,,,66.00,Feet,North,TUCKAHOE DR,,,,0.00,N,Not at Intersection, ,Non-Junction,Work Zone,,,         ,Keenan,McCann,Cloudy,Front to Rear,no,no,no,no,no,False
102644928,METROPOLITAN NASHVILLE POLICE DEPT,20200088665,Davidson,Nashville,2/6/2020 7:45:00 AM,2,0,0,36.130460,-86.769590,HONEYSUCKLE RD,,,,55.00,Feet,West,VINE HILL RD,,,,0.00,N,Not at Intersection, ,,None,,,         ,Joel,Cottrill,,,no,no,no,yes,no,False
102644930,METROPOLITAN NASHVILLE POLICE DEPT,2020-0088659,Davidson,Nashville,2/6/2020 7:49:00 AM,3,0,0,36.154560,-86.788570,I 40,,,,0.00,,,,,,,209.25,N,Not at Intersection,N,Non-Junction,None,,,         ,Sean,Williams,Clear,"Sideswipe, Same Direction",no,no,no,no,no,False
102644938,METROPOLITAN NASHVILLE POLICE DEPT,20200088911,Davidson,Nashville,2/6/2020 9:56:00 AM,2,0,0,36.116500,-86.748050,JOYNER AV,,,,0.00,,,NOLENSVILLE PKE,,,,0.00,Y,Four-Way,N,Intersection,None,,,         ,Robert,Higgins,Cloudy,Front to Rear,no,no,no,no,no,False
102644963,METROPOLITAN NASHVILLE POLICE DEPT,20200089086,Davidson,Not in City Limit,2/6/2020 11:25:00 AM,2,0,0,36.278360,-86.690540,MYATT DR,,,,89.00,Feet,North,MADISON INDUSTRIAL RD,,,,0.00,N,Not at Intersection, ,Non-Junction,None,,,         ,Brian,Otto,Cloudy,Front to Rear,no,no,no,no,no,False
102644966,METROPOLITAN NASHVILLE POLICE DEPT,20200089071,Davidson,Nashville,2/6/2020 11:13:00 AM,1,0,0,36.135240,-86.792140,15TH AVS,,,,169.00,Feet,North,WEDGEWOOD AV,,,,0.00,N,Not at Intersection,N,Non-Junction,None,,,         ,Nathan,Kemp,Clear,Not Collision with Motor Vehicle in Transport,no,no,no,no,no,False
102644969,METROPOLITAN NASHVILLE POLICE DEPT,20200089101,Davidson,Nashville,2/6/2020 11:34:00 AM,2,0,0,36.169280,-86.862060,CENTENNIAL BLVD,,,,0.00,,,63RD AVN,,,,0.00,Y,Four-Way, ,,None,,,         ,Alexis,Pond,,,no,no,no,no,no,False
102644976,METROPOLITAN NASHVILLE POLICE DEPT,20200088773,Davidson,Nashville,2/6/2020 8:34:00 AM,2,0,0,36.279550,-86.783570,BRICK CHURCH PKE,,,,0.00,,,OLD HICKORY BLVD,,,,0.00,Y,Four-Way,N,Intersection,None,,,         ,Brandon,Bilbrey,Rain,Angle,no,no,no,no,no,False