master_record_number,agency,agency_tracking_number,county,city,collision_date,vehicles_involved,number_injured,number_dead,latitude,longitude,roadway_name,roadway_suffix,roadway_number,roadway_local_id,distance_from_reference,miles-feet_indicator,direction_from_reference,intersection_road_name,intersection_road_name_suffix,intersection_road_number,intersection_local_id,mile_marker,intersection_indicator,intersect_type,interchange_related_indicator,relation_to_junction,work_zone_type,construction_maintenance_zone,construction_maintenance_zone_location,fatal_case_number,officer_first_name,officer_last_name,weather_condition(s),manner_of_crash,pedestrian,bicycle,scooter,parking,hitrun,mou
102645581,BELLE MEADE POLICE DEPT,20-0028,Davidson,Belle Meade,2/6/2020 6:45:00 PM,2,0,0,36.095850,-86.856780,HARDING PL,,,,0.00,,,BELLE MEADE BLVD,,,,0.00,Y,Four-Way, ,Intersection-Related,None,,,         ,Tyler,Parrish,Rain,Front to Rear,no,no,no,no,no,False
102645584,METROPOLITAN NASHVILLE POLICE DEPT,20200091188,Davidson,Nashville,2/7/2020 4:56:00 AM,1,0,0,36.075610,-86.661540,UNA ANTIOCH PKE,,,,75.00,Feet,East,HUNTERS GREEN CIR,,,,0.00,N,Not at Intersection, ,Non-Junction,None,,,         ,William,Williams,Snow,Not Collision with Motor Vehicle in Transport,no,no,no,no,no,False
102645600,METROPOLITAN NASHVILLE POLICE DEPT,20200091225,Davidson,Nashville,2/7/2020 5:27:00 AM,2,0,0,36.134570,-86.723360,MURFREESBORO PKE,,,,309.00,Feet,West,PLUS PARK BLVD,,,,0.00,N,Not at Intersection,N,Non-Junction,None,,,         ,Corey,Ethridge,Snow,Angle,no,no,no,no,yes,False
102645623,THP District 3 - Nashville,320008102,Davidson,Nashville,2/6/2020 9:20:00 AM,2,0,0,36.038100,-86.782630,I 65,,,,0.00,,,,,,,74.55,N,Not at Intersection, ,Non-Junction,None,,,         ,Bryan,Hawkins,Cloudy,Front to Rear,no,no,no,no,no,False
102645624,METROPOLITAN NASHVILLE POLICE DEPT,20200091298,Davidson,Nashville,2/7/2020 6:40:00 AM,1,1,0,36.143460,-86.699600,I40 E ENT RAMP,,,,0.00,Feet,East,I 40,,,,0.00,N,Not at Intersection,N,Non-Junction,None,,,         ,Michael,Dance,Snow,Not Collision with Motor Vehicle in Transport,no,no,no,no,no,False
102645627,METROPOLITAN NASHVILLE POLICE DEPT,20200091267,Davidson,Madison,2/7/2020 5:20:00 AM,2,0,0,36.256100,-86.714430,GALLATIN PKES,,,,35.00,Feet,South,NEELYS BEND RD,,,,0.00,N,Not at Intersection, ,Non-Junction,None,,,         ,Michael,Reid,Snow,Angle,no,no,no,no,no,False
102645639,METROPOLITAN NASHVILLE POLICE DEPT,20200091326,Davidson,Nashville,2/7/2020 7:00:00 AM,2,0,0,36.125370,-86.733600,I 440,,,,0.00,,,,,,,7.20,N,Not at Intersection,N,Non-Junction,Work Zone,Laneclosure,Activity Area,         ,Patrick,Martin,Snow,Front to Rear,no,no,no,no,no,False
102645643,METROPOLITAN NASHVILLE POLICE DEPT,20200091314,Davidson,Nashville,2/7/2020 6:58:00 AM,2,0,0,36.151340,-86.751090,I 40,,,,0.00,,,,,,,211.55,N,Not at Intersection, ,Non-Junction,None,,,         ,Justin,Chisholm,Snow,"Sideswipe, Same Direction",no,no,no,no,no,False
102645655,METROPOLITAN NASHVILLE POLICE DEPT,20200091304,Davidson,Nashville,2/7/2020 6:34:00 AM,2,0,0,36.123950,-86.747440,I 440,,,,0.00,,,,,,,6.50,N,Not at Intersection, ,Non-Junction,Work Zone,,,         ,Patrick,Martin,Snow,Front to Rear,no,no,no,no,no,False
102645666,METROPOLITAN NASHVILLE POLICE DEPT,20200091389,Davidson,Nashville,2/7/2020 7:22:00 AM,2,0,0,36.039590,-86.781660,I65 N EXT RAMP,,,,0.00,,,OLD HICKORY BLVD,,,,0.00,Y,OTHER, ,Entrance/Exit Ramp Related,None,,,         ,Earl,Davis,Snow,Front to Rear,no,no,no,no,no,False
102645668,METROPOLITAN NASHVILLE POLICE DEPT,20200091356,Davidson,Nashville,2/7/2020 7:10:00 AM,2,0,0,36.089070,-86.649990,RANSOM PL,,,,0.00,,,MURFREESBORO PKE,,,,0.00,Y,Four-Way, ,Intersection,None,,,         ,Brian,Ewing,Snow,Angle,no,no,no,no,no,False
102645682,METROPOLITAN NASHVILLE POLICE DEPT,20200091361,Davidson,Nashville,2/7/2020 7:15:00 AM,3,1,0,36.037660,-86.786510,FRANKLIN PKE,,,,95.00,Feet,North,OLD HICKORY BLVD,,,,0.00,N,Not at Intersection, ,Non-Junction,None,,,         ,Cynthia,Quirouette,Snow,Front to Rear,no,no,no,no,no,False
102645686,METROPOLITAN NASHVILLE POLICE DEPT,20200091306,Davidson,Not in City Limit,2/7/2020 6:35:00 AM,2,1,0,36.327930,-86.893140,I 24,,,,0.00,,,,,,,33.60,N,Not at Intersection, ,Non-Junction,None,,,         ,Royce,McLester,Snow,Front to Rear,no,no,no,no,no,False
102645694,METROPOLITAN NASHVILLE POLICE DEPT,20200091372,Davidson,Nashville,2/6/2020 12:00:00 AM,2,0,0,36.169530,-86.752580,S 10TH ST,,,,328.00,Feet,East,S 9TH ST,,,,0.00,N,Not at Intersection,N,Non-Junction,None,,,         ,Parker,Vegas,Snow,"Sideswipe, Same Direction",no,no,no,no,yes,False
102645695,METROPOLITAN NASHVILLE POLICE DEPT,20200091382,Davidson,Nashville,2/7/2020 7:30:00 AM,3,0,0,36.201800,-86.776840,I 65,,,,0.00,,,,,,,87.00,N,Not at Intersection, ,Non-Junction,None,,,         ,James,Wray,Snow,Front to Rear,no,no,no,no,no,False
102645697,METROPOLITAN NASHVILLE POLICE DEPT,20200091433,Davidson,Nashville,2/7/2020 8:02:00 AM,2,0,0,36.152120,-86.626260,BLACKWOOD DR,,,,352.00,Feet,West,STEWARTS FERRY PKE,,,,0.00,N,Not at Intersection, ,Non-Junction,None,,,         ,Michael,Brooks,Snow,"Sideswipe, Same Direction",no,no,no,no,no,False
102645712,METROPOLITAN NASHVILLE POLICE DEPT,20200091393,Davidson,Nashville,2/7/2020 7:32:00 AM,2,0,0,36.206690,-86.779080,US HWY 431,,,,203.00,Feet,West,HAMPTON ST,,,,0.00,N,Not at Intersection,N,Non-Junction,None,,,         ,Jedidayah,Merriweather,Snow,Front to Rear,no,no,no,no,yes,False
102645729,METROPOLITAN NASHVILLE POLICE DEPT,20200091337,Davidson,Nashville,2/7/2020 6:16:00 AM,2,0,0,36.151010,-86.796490,19TH AVS,,,,0.00,Feet,,BROADWAY,,,,0.00,Y,Four-Way,N,Non-Junction,None,,,         ,Michelle,Norris,Blowing Snow,"Sideswipe, Opposite Direction",no,no,no,no,no,False
102645732,METROPOLITAN NASHVILLE POLICE DEPT,20200091501,Davidson,Nashville,2/7/2020 8:31:00 AM,2,0,0,36.165610,-86.778620,3RD AVN,,,,9.00,Feet,South,UNION ST,,,,0.00,N,Not at Intersection, ,Non-Junction,None,,,         ,Parker,Vegas,Snow,"Sideswipe, Opposite Direction",no,no,no,no,yes,False
102645733,METROPOLITAN NASHVILLE POLICE DEPT,20200091379,Davidson,Nashville,2/7/2020 8:05:00 AM,1,1,0,36.186590,-86.718060,ROSEBANK AV,,,,0.00,,,PRESTON DR,,,,0.00,Y,Four-Way,N,Intersection,None,,,         ,Nathaniel,Larson,Snow,Not Collision with Motor Vehicle in Transport,yes,no,no,no,no,False
102645741,METROPOLITAN NASHVILLE POLICE DEPT,20200091481,Davidson,Nashville,2/7/2020 8:15:00 AM,2,0,0,36.160760,-86.793690,14TH AVN,,,,0.00,,,CHARLOTTE AV,,,,0.00,Y,Four-Way, ,Intersection-Related,None,,,         ,Garrett,Short,Snow,"Sideswipe, Same Direction",no,no,no,no,no,False
102645748,GOODLETTSVILLE POLICE DEPT,20-04689,Davidson,Goodlettsville,2/7/2020 7:20:00 AM,2,0,0,36.321030,-86.703830,I 65,,,,0.00,,,,,,,96.80,N,Not at Intersection,N,Non-Junction,None,,,         ,George,Henry,Snow,Front to Rear,no,no,no,no,no,False
102645749,METROPOLITAN NASHVILLE POLICE DEPT,20200091551,Davidson,Nashville,2/7/2020 9:00:00 AM,2,1,0,36.091070,-86.825450,HARDING PL,,,,38.00,Feet,West,TWINMONT CT,,,,0.00,N,Not at Intersection, ,Non-Junction,None,,,         ,Tony,Folad,Snow,Front to Rear,no,no,no,no,no,False
102645756,METROPOLITAN NASHVILLE POLICE DEPT,20200091510,Davidson,Nashville,2/7/2020 8:40:00 AM,2,0,0,36.126150,-86.752750,NOLENSVILLE PKE,,,,0.00,,,ROSEDALE CT,,,,0.00,Y,T-Intersection, ,,None,,,         ,Jackson,Smythe,,,no,no,no,no,no,False
102645779,METROPOLITAN NASHVILLE POLICE DEPT,20200091565,Davidson,Nashville,2/7/2020 9:10:00 AM,2,0,0,36.134130,-86.773240,WEDGEWOOD AV,,,,232.00,Feet,East,LINDELL AV,,,,0.00,N,Not at Intersection, ,,None,,,         ,Jackson,Smythe,,,no,no,no,no,no,False
102645781,VANDERBILT UNIVERSITY POLICE,20200084031,Davidson,Nashville,2/4/2020 12:44:00 PM,2,2,0,36.138840,-86.800590,21ST AVS,,,,0.00,,,CAPERS AV,,,,0.00,Y,T-Intersection,N,Intersection,None,,,         ,Ron,Reeves,Cloudy,Angle,no,no,no,no,no,Campus
102645803,METROPOLITAN NASHVILLE POLICE DEPT,2020-0091317,Davidson,Nashville,2/7/2020 12:00:00 AM,2,0,0,36.166800,-86.599070,OLD HICKORY BLVD,,,,0.00,,,CROSSHILL WAY,,,,0.00,Y,Four-Way, ,Intersection-Related,None,,,         ,Frank,Walker,Blowing Snow,"Sideswipe, Same Direction",no,no,no,no,no,False
102645807,METROPOLITAN NASHVILLE POLICE DEPT,20200091666,Davidson,Nashville,2/7/2020 9:50:00 AM,2,0,0,36.133610,-86.792100,15TH AVE S,,,,6.00,Feet,East,15TH AVE S,,,,0.00,N,Not at Intersection, ,,None,,,         ,Joel,Cottrill,,,no,no,no,no,no,False
102645813,METROPOLITAN NASHVILLE POLICE DEPT,20200091387,Davidson,Nashville,2/7/2020 7:20:00 AM,2,0,0,36.139450,-86.819990,MURPHY RD,,,,17.00,Feet,West,PARK DR,,,,0.00,N,Not at Intersection,N,Non-Junction,None,,,         ,Natalia,Johnson,Snow,Angle,no,no,no,no,yes,False
102645814,METROPOLITAN NASHVILLE POLICE DEPT,2020-0091651,Davidson,Nashville,2/7/2020 10:03:00 AM,1,2,0,36.158580,-86.774020,3RD AVS,,,,83.00,Feet,South,MOLLOY ST,,,,0.00,N,Not at Intersection,N,OtherLocation,None,,,         ,Harold,Wells,Clear,Not Collision with Motor Vehicle in Transport,yes,no,no,no,no,False
102645820,METROPOLITAN NASHVILLE POLICE DEPT,20200091891,Davidson,Nashville,2/7/2020 11:45:00 AM,1,0,0,36.168290,-86.860340,CENTENNIAL BLVD,,,,64.00,Feet,East,62ND AVN,,,,0.00,N,Not at Intersection, ,Non-Junction,None,,,         ,Curtis,Rich,Cloudy,Not Collision with Motor Vehicle in Transport,no,no,no,no,no,False
102645821,METROPOLITAN NASHVILLE POLICE DEPT,20200091756,Davidson,Nashville,2/7/2020 10:36:00 AM,2,0,0,36.126900,-86.710990,THOMPSON PL,,,,0.00,,,,,,,0.00,,,N,Non-Junction,None,,,         ,Michael,Brooks,Cloudy,"Sideswipe, Opposite Direction",no,no,no,yes,yes,False
102645822,METROPOLITAN NASHVILLE POLICE DEPT,20200091810,Davidson,Nashville,2/7/2020 10:52:00 AM,1,0,0,36.169780,-86.587990,I 40,,,,0.00,,,,,,,221.55,N,Not at Intersection, ,Non-Junction,None,,,         ,Michael,Brooks,Cloudy,Not Collision with Motor Vehicle in Transport,no,no,no,no,no,False
102645828,METROPOLITAN NASHVILLE POLICE DEPT,20200091763,Davidson,Nashville,2/7/2020 9:15:00 AM,2,0,0,36.119130,-86.767230,I 440,,,,0.00,,,,,,,5.30,N,Not at Intersection, ,Non-Junction,Construction Zone,,,         ,Justin,Pinkelton,Snow,Front to Rear,no,no,no,no,no,False
102645837,METROPOLITAN NASHVILLE POLICE DEPT,20200091760,Davidson,Nashville,2/7/2020 10:40:00 AM,2,0,0,36.161200,-86.792680,CHARLOTTE AV,,,,0.00,,,GEORGE L DAVIS BLVD,,,,0.00,Y,Four-Way, ,Intersection,None,,,         ,Cory,West,Clear,Angle,no,no,no,no,no,False
102645838,METROPOLITAN NASHVILLE POLICE DEPT,20200091799,Davidson,Nashville,2/7/2020 10:45:00 AM,2,0,0,36.157480,-86.770590,HERMITAGE AV,,,,0.00,,,PEABODY ST,,,,0.00,Y,OTHER,N,OtherLocation,None,,,         ,Kimberly,Forsyth,Snow,Angle,no,no,no,yes,yes,False
102645839,METROPOLITAN NASHVILLE POLICE DEPT,20200091678,Davidson,Nashville,2/7/2020 10:11:00 AM,2,0,0,36.173710,-86.602390,CENTRAL PKE,,,,83.00,Feet,West,OLD HICKORY BLVD,,,,0.00,N,Not at Intersection, ,Non-Junction,None,,,         ,Michael,Brooks,Cloudy,Front to Rear,no,no,no,no,no,False
102645840,METROPOLITAN NASHVILLE POLICE DEPT,20200091915,Davidson,Nashville,2/7/2020 12:02:00 PM,2,0,0,36.109450,-86.728050,EAST THOMPSON LN,,,,0.00,,,THOMPSON LN,,,,0.00,Y,Four-Way, ,Intersection-Related,None,,,         ,Patrick,Martin,Cloudy,Front to Rear,no,no,no,no,no,False
102645843,METROPOLITAN NASHVILLE POLICE DEPT,20200091835,Davidson,Nashville,2/7/2020 11:24:00 AM,2,0,0,36.086580,-86.771970,FRANKLIN PKE,,,,0.00,,,HARDING PL,,,,0.00,Y,Four-Way, ,Intersection,None,,,         ,Justin,Pinkelton,Cloudy,Front to Rear,no,no,no,no,no,False
102645864,METROPOLITAN NASHVILLE POLICE DEPT,20200092022,Davidson,Nashville,2/7/2020 12:50:00 PM,2,0,0,36.042450,-86.712940,MILL CREEK WHITTLEMORE GRNWY,,,,0.00,,,SWISS AV,,,,0.00,Y,Four-Way,Y,Intersection,None,,,         ,Gary,Sneed,Cloudy,Angle,no,no,no,no,yes,False
102645890,METROPOLITAN NASHVILLE POLICE DEPT,20200092042,Davidson,Nashville,2/7/2020 12:59:00 PM,2,0,0,36.306810,-86.685750,GALLATIN PKEN,,,,318.00,Feet,West,NORTHSIDE MARKETPLACE PVTDR,,,,0.00,N,Not at Intersection, ,Non-Junction,None,,,         ,Ian,Wilson,Clear,Front to Rear,no,no,no,no,no,False
102645937,METROPOLITAN NASHVILLE POLICE DEPT,20200092121,Davidson,Nashville,2/7/2020 1:19:00 PM,2,0,0,36.140660,-86.725600,I 40,,,,0.00,,,,,,,213.35,N,Not at Intersection, ,Entrance/Exit Ramp Related,None,,,         ,Michael,Brooks,Cloudy,"Sideswipe, Same Direction",no,no,no,no,no,False
102645938,METROPOLITAN NASHVILLE POLICE DEPT,20200092113,Davidson,Nashville,2/7/2020 1:20:00 PM,2,0,0,36.161300,-86.758640,S 5TH ST,,,,124.00,Feet,North,DAVIDSON ST,,,,0.00,N,Not at Intersection,N,Non-Junction,None,,,         ,Parker,Vegas,Clear,"Sideswipe, Same Direction",no,no,no,yes,yes,False
102645942,METROPOLITAN NASHVILLE POLICE DEPT,20200092115,Davidson,Nashville,2/7/2020 1:33:00 PM,2,0,0,36.081820,-86.713130,HARDING PL,,,,164.00,Feet,East,WHISPERING OAKS PL,,,,0.00,N,Not at Intersection,N,Non-Junction,None,,,         ,Robert,Higgins,Cloudy,Front to Rear,no,no,no,no,no,False
102645948,METROPOLITAN NASHVILLE POLICE DEPT,20200092139,Davidson,Nashville,2/7/2020 1:45:00 PM,1,1,0,36.103000,-86.819280,HILLSBORO CIR,,,,255.00,Feet,North,HILLSBORO DR,,,,0.00,N,Not at Intersection,N,Non-Junction,None,,,         ,Curtis,Rich,Cloudy,Not Collision with Motor Vehicle in Transport,yes,no,no,no,no,False
102645952,METROPOLITAN NASHVILLE POLICE DEPT,20200092040,Davidson,Nashville,2/7/2020 12:58:00 PM,2,0,0,36.083650,-86.647220,MURFREESBORO PKE,,,,0.00,,,BROOKSBORO PL,,,,0.00,Y,T-Intersection,N,Intersection-Related,None,,,         ,Patrick,Martin,Cloudy,"Sideswipe, Opposite Direction",no,no,no,no,no,False
102646010,METROPOLITAN NASHVILLE POLICE DEPT,20200092198,Davidson,Nashville,2/7/2020 2:23:00 PM,2,1,0,36.242300,-86.760100,DOVERSIDE DR,,,,0.00,,,SKYLINE COMMONS PVTDR,,,,0.00,Y,T-Intersection,N,Intersection,None,,,         ,Christopher,Littles,Cloudy,Angle,no,no,no,no,no,False
102646023,METROPOLITAN NASHVILLE POLICE DEPT,20200092205,Davidson,Nashville,2/7/2020 2:30:00 PM,2,0,0,36.120820,-86.779280,VAULX LN,,,,0.00,,,KIRKWOOD AV,,,,0.00,Y,Four-Way, ,Intersection,None,,,         ,Justin,Pinkelton,Clear,Angle,no,no,no,no,no,False
102646044,METROPOLITAN NASHVILLE POLICE DEPT,20200092201,Davidson,Nashville,2/7/2020 12:00:00 AM,2,0,0,36.131070,-86.781040,S DOUGLAS AVE,,,,0.00,,,ELLIOTT AVE,,,,0.00,Y,Four-Way,Y,Intersection-Related,None,,,         ,Joel,Cottrill,Clear,Angle,no,no,no,no,no,False
102646048,METROPOLITAN NASHVILLE POLICE DEPT,20200092312,Davidson,Nashville,2/7/2020 12:00:00 AM,2,1,0,36.118100,-86.800600,I 440,,,,0.00,,,,,,,3.20,N,Not at Intersection,N,Non-Junction,None,,,         ,Sekou,Samassi,Clear,Front to Rear,no,no,no,no,no,False
102646055,METROPOLITAN NASHVILLE POLICE DEPT,20200092234,Davidson,Nashville,2/7/2020 1:50:00 PM,2,1,0,36.040900,-86.779380,STONE BROOK DR,,,,0.00,,,OLD HICKORY BLVD,,,,0.00,Y,Four-Way, ,Intersection,None,,,         ,FELIKS,ABRAHAMYAN,Cloudy,Angle,no,no,no,no,no,False
102646056,METROPOLITAN NASHVILLE POLICE DEPT,20200092221,Davidson,Nashville,2/7/2020 2:46:00 PM,2,0,0,36.120820,-86.779280,VAULX LN,,,,0.00,,,KIRKWOOD AV,,,,0.00,Y,Four-Way, ,Intersection,None,,,         ,Justin,Pinkelton,Clear,Other,no,no,no,no,no,False
102646059,METROPOLITAN NASHVILLE POLICE DEPT,20200092343,Davidson,Not in City Limit,2/7/2020 3:25:00 PM,2,0,0,36.263070,-86.711920,STATE RT 45,,,,0.00,,,GALLATIN PKEN,,,,0.00,Y,Four-Way, ,Intersection,None,,,         ,Christopher,Littles,Cloudy,"Sideswipe, Same Direction",no,no,no,no,no,False
102646061,METROPOLITAN NASHVILLE POLICE DEPT,20200092270,Davidson,Nashville,2/7/2020 2:59:00 PM,1,1,0,36.152200,-86.842220,CHARLOTTE AV,,,,0.00,,,46TH AVN,,,,0.00,Y,Four-Way,N,Intersection-Related,None,,,         ,Hillary,Sherman,Clear,Not Collision with Motor Vehicle in Transport,yes,no,no,no,no,False
102646065,METROPOLITAN NASHVILLE POLICE DEPT,20200092273,Davidson,Nashville,2/7/2020 2:46:00 PM,2,0,0,36.080400,-86.717930,RECOVERY RD,,,,0.00,,,HARDING PL,,,,0.00,Y,Four-Way, ,Intersection,None,,,         ,Edward,Starke,Clear,Angle,no,no,no,no,no,False
102646068,METROPOLITAN NASHVILLE POLICE DEPT,20200092183,Davidson,Nashville,2/7/2020 2:11:00 PM,2,0,0,36.165080,-86.767690,SHELBY AV,,,,102.00,Feet,North,S 2ND ST,,,,0.00,N,Not at Intersection, ,Non-Junction,None,,,         ,Erik,Wagner,Cloudy,"Sideswipe, Same Direction",no,no,no,no,no,False
102646073,METROPOLITAN NASHVILLE POLICE DEPT,20200092367,Davidson,Nashville,2/7/2020 3:45:00 PM,2,1,0,36.188090,-86.797740,DOMINICAN DR,,,,226.00,Feet,East,ROSA L PARKS BLVD,,,,0.00,N,Not at Intersection,N,Non-Junction,None,,,         ,Daniel,Kallman,Clear,Angle,no,no,no,no,no,False
102646092,METROPOLITAN NASHVILLE POLICE DEPT,20200091963,Davidson,Nashville,2/7/2020 12:25:00 PM,2,1,0,36.232630,-86.758740,DICKERSON PKE,,,,187.00,Feet,South,MAPLEWOOD TRC,,,,0.00,N,Not at Intersection,N,Non-Junction,None,,,         ,James,McDugle,Cloudy,"Sideswipe, Same Direction",no,no,no,no,no,False
102646093,GOODLETTSVILLE POLICE DEPT,20-04688,Davidson,Goodlettsville,2/7/2020 7:05:00 AM,1,0,0,36.320220,-86.703060,I 65,,,,0.00,,,,,,,96.70,N,Not at Intersection,Y,Entrance/Exit Ramp Related,None,,,         ,Brandon,Wright,Blowing Snow,Not Collision with Motor Vehicle in Transport,no,no,no,no,no,False
102646110,METROPOLITAN NASHVILLE POLICE DEPT,20200092225,Davidson,Nashville,2/7/2020 2:31:00 PM,3,0,0,36.166360,-86.764800,I 24,,,,0.00,,,,,,,49.00,N,Not at Intersection,N,Non-Junction,None,,,         ,Roy,Sain Jr.,Cloudy,Front to Rear,no,no,no,no,yes,False
102646113,METROPOLITAN NASHVILLE POLICE DEPT,20200092371,Davidson,Nashville,2/7/2020 3:45:00 PM,2,0,0,36.170830,-86.600630,I40 W EXT RAMP,,,,272.00,Feet,East,OLD HICKORY BLVD,,,,0.00,N,Not at Intersection, ,Non-Junction,None,,,         ,Destiny,Zunic,Clear,Angle,no,no,no,no,no,False
102646122,METROPOLITAN NASHVILLE POLICE DEPT,20200092496,Davidson,Nashville,2/7/2020 4:58:00 PM,2,0,0,36.151690,-86.822480,I 440,,,,0.00,,,,,,,1.55,N,Not at Intersection, ,,None,,,         ,FELIKS,ABRAHAMYAN,,,no,no,no,no,no,False
102646123,METROPOLITAN NASHVILLE POLICE DEPT,20200092394,Davidson,Nashville,2/7/2020 4:06:00 PM,2,0,0,36.188140,-86.797530,DOMINICAN DR,,,,211.00,Feet,West,FRENCH LANDING DR,,,,0.00,N,Not at Intersection, ,Non-Junction,None,,,         ,Cressie,Prill,Clear,"Sideswipe, Same Direction",no,no,no,no,no,False
102646127,METROPOLITAN NASHVILLE POLICE DEPT,20200092378,Davidson,Nashville,2/7/2020 3:50:00 PM,2,0,0,36.091980,-86.704620,I 24,,,,0.00,,,,,,,55.20,N,Not at Intersection, ,Non-Junction,None,,,         ,Timothy,Ward,Clear,Front to Rear,no,no,no,no,no,False
102646130,METROPOLITAN NASHVILLE POLICE DEPT,20200087167,Davidson,Nashville,2/5/2020 4:54:00 PM,2,0,0,36.164860,-86.767910,S 2ND ST,,,,0.00,,,SHELBY AV,,,,0.00,Y,Four-Way,N,Intersection,None,,,         ,Michael,Douglas,Rain,Front to Rear,no,no,no,no,no,False
102646136,METROPOLITAN NASHVILLE POLICE DEPT,20200092419,Davidson,Nashville,2/7/2020 3:39:00 PM,2,0,0,36.116380,-86.770290,-- UNKNOWN RAMP/ROAD --,,,,0.00,Feet,East,I 65,,,,0.00,N,Not at Intersection, ,Non-Junction,None,,,         ,Sekou,Samassi,Clear,"Sideswipe, Same Direction",no,no,no,no,no,False
102646143,THP District 3 - Nashville,320006821,Davidson,Nashville,1/31/2020 9:50:00 AM,2,0,0,36.235670,-86.581220,LANGFORD PASS,,,,0.00,,,SAUNDERSVILLE RD,,,,0.00,Y,T-Intersection,Y,Intersection,None,,,         ,Joseph,Chery,Cloudy,Front to Rear,no,no,no,no,no,False
102646144,METROPOLITAN NASHVILLE POLICE DEPT,20200092299,Davidson,Nashville,2/7/2020 3:16:00 PM,2,0,0,36.151900,-86.784230,11TH AVS,,,,0.00,,,12TH AVS,,,,0.00,Y,T-Intersection, ,,None,,,         ,Michael,Douglas,,,no,no,no,no,no,False
102646145,METROPOLITAN NASHVILLE POLICE DEPT,20200092464,Davidson,Nashville,2/7/2020 4:28:00 PM,2,0,0,36.164510,-86.779480,4TH AVN,,,,0.00,,,THE ARCADE,,,,0.00,Y,T-Intersection, ,Non-Junction,None,,,         ,Erik,Wagner,Cloudy,Angle,no,no,no,no,no,False
102646148,METROPOLITAN NASHVILLE POLICE DEPT,20200092507,Davidson,Nashville,2/7/2020 4:11:00 PM,2,0,0,36.079510,-86.696180,I 24,,,,0.00,,,,,,,56.20,N,Not at Intersection, ,Non-Junction,None,,,         ,Edward,Starke,Clear,Front to Rear,no,no,no,no,no,False
102646149,METROPOLITAN NASHVILLE POLICE DEPT,20200092439,Davidson,Nashville,2/7/2020 4:00:00 PM,2,0,0,36.238310,-86.756310,I 65,,,,0.00,,,,,,,90.05,N,Not at Intersection,N,Non-Junction,None,,,         ,Timothy,Skopek,Clear,Not Collision with Motor Vehicle in Transport,no,no,no,no,yes,False
102646153,METROPOLITAN NASHVILLE POLICE DEPT,20200092329,Davidson,Nashville,2/7/2020 3:32:00 PM,1,1,0,36.207580,-86.835340,W HAMILTON AVE,,,,296.00,Feet,East,HAYNES PARK DR,,,,0.00,N,Not at Intersection,N,Non-Junction,None,,,         ,Chase,Harriman,Clear,Not Collision with Motor Vehicle in Transport,no,no,no,no,no,False
102646156,METROPOLITAN NASHVILLE POLICE DEPT,20200092583,Davidson,Nashville,2/7/2020 5:50:00 PM,2,1,0,36.042990,-86.654730,I 24,,,,0.00,,,,,,,59.70,N,Not at Intersection,N,Non-Junction,None,,,         ,Andrew,Ramirez,Clear,Front to Rear,no,no,no,no,yes,False
102646158,METROPOLITAN NASHVILLE POLICE DEPT,20200092611,Davidson,Nashville,2/7/2020 6:05:00 PM,2,0,0,36.044160,-86.656740,I24 W EXT RAMP,,,,0.00,Feet,East,I 24,,,,0.00,N,Not at Intersection, ,,None,,,         ,Edward,Starke,,,no,no,no,no,no,False
102646160,METROPOLITAN NASHVILLE POLICE DEPT,20200092469,Davidson,Nashville,2/7/2020 4:44:00 PM,4,1,0,36.244910,-86.828780,BUENA VISTA PKE,,,,808.00,Feet,North,HORACE MANN DR,,,,0.00,N,Not at Intersection,N,Non-Junction,None,,,         ,Jacob,Krispin,Clear,Angle,no,no,no,no,no,False
102646161,METROPOLITAN NASHVILLE POLICE DEPT,20200092586,Davidson,Nashville,2/7/2020 5:56:00 PM,2,0,0,36.183440,-86.744890,EASTLAND AV,,,,0.00,,,N 14TH ST,,,,0.00,Y,Four-Way, ,Intersection-Related,None,,,         ,Richard,Conger,Clear,Front to Rear,no,no,no,no,no,False
102646164,METROPOLITAN NASHVILLE POLICE DEPT,20200092516,Davidson,Nashville,2/7/2020 5:10:00 PM,2,0,0,36.133790,-86.819240,I 440,,,,0.00,,,,,,,1.70,N,Not at Intersection, ,,None,,,         ,Jacob,Robbins,,,no,no,no,no,no,False
102646168,METROPOLITAN NASHVILLE POLICE DEPT,20200092661,Davidson,Nashville,2/7/2020 5:05:00 PM,2,0,0,36.158480,-86.640250,STEWARTS FERRY PKE,,,,0.00,,,HICKORY BEND DR,,,,0.00,Y,T-Intersection,N,Non-Junction,None,,,         ,Adam,Warren,Clear,Front to Rear,no,no,no,no,yes,False
102646170,METROPOLITAN NASHVILLE POLICE DEPT,20200092542,Davidson,Nashville,2/7/2020 5:15:00 PM,3,0,0,36.114710,-86.724670,I 24,,,,0.00,,,,,,,53.30,N,Not at Intersection, ,Non-Junction,None,,,         ,Timothy,Ward,Clear,Front to Rear,no,no,no,no,no,False
102646172,METROPOLITAN NASHVILLE POLICE DEPT,20200092612,Davidson,Nashville,2/7/2020 5:11:00 PM,2,0,0,36.144800,-86.812780,WEST END AV,,,,131.00,Feet,East,29TH AVN,,,,0.00,N,Not at Intersection, ,,None,,,         ,FELIKS,ABRAHAMYAN,,,no,no,no,no,no,Campus
102646188,METROPOLITAN NASHVILLE POLICE DEPT,20200092504,Davidson,Nashville,2/7/2020 5:01:00 PM,2,0,0,36.130250,-86.855850,STATE HWY 155,,,,483.00,Feet,West,BROOKWOOD TER,,,,0.00,N,Not at Intersection, ,Non-Junction,None,,,         ,Lawrence,Whited,Cloudy,Angle,no,no,no,no,no,False