master_record_number,agency,agency_tracking_number,county,city,collision_date,vehicles_involved,number_injured,number_dead,latitude,longitude,roadway_name,roadway_suffix,roadway_number,roadway_local_id,distance_from_reference,miles-feet_indicator,direction_from_reference,intersection_road_name,intersection_road_name_suffix,intersection_road_number,intersection_local_id,mile_marker,intersection_indicator,intersect_type,interchange_related_indicator,relation_to_junction,work_zone_type,construction_maintenance_zone,construction_maintenance_zone_location,fatal_case_number,officer_first_name,officer_last_name,weather_condition(s),manner_of_crash,pedestrian,bicycle,scooter,parking,hitrun,mou
102646207,METROPOLITAN NASHVILLE POLICE DEPT,20200092196,Davidson,Nashville,2/7/2020 2:23:00 PM,2,0,0,36.094290,-86.758250,SIDCO DR,,,,0.00,,,POWELL AV,,,,0.00,Y,OTHER,N,Non-Junction,None,,,         ,Citlaly,Juarez,Clear,Front to Rear,no,no,no,no,yes,False
102646220,METROPOLITAN NASHVILLE POLICE DEPT,20200092668,Davidson,Nashville,2/7/2020 6:13:00 PM,2,0,0,36.044780,-86.669600,BELL RD,,,,6.00,Feet,East,BEECHWOOD TER,,,,0.00,N,Not at Intersection,N,Non-Junction,None,,,         ,Edward,Starke,Clear,Angle,no,no,no,no,no,False
102646221,METROPOLITAN NASHVILLE POLICE DEPT,20200092641,Davidson,Nashville,2/7/2020 5:20:00 PM,2,0,0,36.135890,-86.808330,ACKLEN AVE,,,,9.00,Feet,West,26TH AVE S,,,,0.00,N,Not at Intersection, ,Non-Junction,None,,,         ,Goran,Manojlovic,Clear,"Sideswipe, Same Direction",no,no,no,no,no,Campus
102646259,METROPOLITAN NASHVILLE POLICE DEPT,20200092875,Davidson,Nashville,2/7/2020 7:59:00 PM,2,0,0,36.256190,-86.714380,GALLATIN PKES,,,,2.00,Feet,North,NEELYS BEND RD,,,,0.00,N,Not at Intersection, ,Non-Junction,None,,,         ,Rudy,Basaldua,Clear,Angle,no,no,no,no,no,False
102646260,METROPOLITAN NASHVILLE POLICE DEPT,20200092921,Davidson,Nashville,2/7/2020 8:21:00 PM,2,0,0,36.040260,-86.816400,GRANNY WHITE PKE,,,,0.00,,,OLD HICKORY BLVD,,,,0.00,Y,Four-Way, ,,None,,,         ,FELIKS,ABRAHAMYAN,,,no,no,no,no,no,False
102646265,METROPOLITAN NASHVILLE POLICE DEPT,20200092739,Davidson,Nashville,2/7/2020 6:34:00 PM,2,2,0,36.211480,-86.921030,OLD HICKORY BLVD,,,,0.00,Feet,,ASHLAND CITY HWY,,,,0.00,Y,Four-Way,Y,Intersection,None,,,         ,Gabriel,Centeno,Clear,Angle,no,no,no,no,no,False
102646270,METROPOLITAN NASHVILLE POLICE DEPT,20200092866,Davidson,Nashville,2/7/2020 7:45:00 PM,1,0,0,36.118550,-86.913630,I 40,,,,0.00,,,,,,,199.90,N,Not at Intersection,N,Non-Junction,None,,,         ,Honorio,Canchola,Clear,Not Collision with Motor Vehicle in Transport,no,no,no,no,no,False
102646272,METROPOLITAN NASHVILLE POLICE DEPT,20200092899,Davidson,Nashville,2/7/2020 8:10:00 PM,2,0,0,36.236650,-86.724480,GALLATIN PKES,,,,0.00,,,GALLATIN PKE NB EXT RAMP,,,,0.00,Y,Y-Intersection,N,Entrance/Exit Ramp Related,None,,,         ,Christopher,Littles,Cloudy,"Sideswipe, Same Direction",no,no,no,no,yes,False
102646279,METROPOLITAN NASHVILLE POLICE DEPT,20200092264,Davidson,Nashville,2/7/2020 2:22:00 PM,2,0,0,36.160240,-86.818610,BOOKER ST,,,,84.00,Feet,East,28TH AVN,,,,0.00,N,Not at Intersection,N,Non-Junction,None,,,         ,Jerica,Gladston,Clear,Front to Rear,no,no,no,no,yes,False
102646311,METROPOLITAN NASHVILLE POLICE DEPT,20200092581,Davidson,Nashville,2/7/2020 5:48:00 PM,2,2,0,36.156450,-86.631310,STEWARTS FERRY PKE,,,,0.00,,,I40 W EXT RAMP,,,,0.00,Y,Four-Way,N,Intersection,None,,,         ,Peter,Kinsey,Cloudy,Angle,no,no,no,no,no,False
102646320,METROPOLITAN NASHVILLE POLICE DEPT,20200093018,Davidson,Nashville,2/7/2020 9:02:00 PM,2,0,0,36.161220,-86.850410,52ND AVN,,,,114.00,Feet,North,TENNESSEE AV,,,,0.00,N,Not at Intersection, ,Non-Junction,None,,,         ,Je-Marc,Sears,Clear,"Sideswipe, Opposite Direction",no,no,no,no,no,False
102646321,METROPOLITAN NASHVILLE POLICE DEPT,20200092671,Davidson,Nashville,2/7/2020 6:32:00 PM,2,0,0,36.048890,-86.713760,US HWY 31 ALT,,,,41.00,Feet,North,HICKORYVIEW DR,,,,0.00,N,Not at Intersection, ,Non-Junction,None,,,         ,Katelin,Ehrhardt,Clear,Angle,no,no,no,no,no,False
102646323,METROPOLITAN NASHVILLE POLICE DEPT,20200093008,Davidson,Nashville,2/7/2020 6:45:00 PM,2,0,0,36.215140,-86.601000,LEBANON PKE,,,,980.00,Feet,West,ANDREW JACKSON PKWY,,,,0.00,N,Not at Intersection,N,Non-Junction,None,,,         ,Destiny,Zunic,Clear,"Sideswipe, Same Direction",no,no,no,no,yes,False
102646326,METROPOLITAN NASHVILLE POLICE DEPT,20200093079,Davidson,Nashville,2/7/2020 8:48:00 PM,2,1,0,36.059070,-86.716220,NOLENSVILLE PKE,,,,0.00,,,TUSCULUM RD,,,,0.00,Y,Four-Way,N,Intersection-Related,None,,,         ,FELIKS,ABRAHAMYAN,Clear,Front to Rear,no,no,no,no,yes,False
102646327,METROPOLITAN NASHVILLE POLICE DEPT,20200093080,Davidson,Nashville,2/7/2020 9:36:00 PM,1,0,0,36.233130,-86.701860,BRILEY PKWYE,,,,647.00,Feet,North,BRILEY PKWYW,,,,0.00,N,Not at Intersection,N,Non-Junction,None,,,         ,Terence,Mitchell,Clear,Not Collision with Motor Vehicle in Transport,no,no,no,no,no,False
102646329,METROPOLITAN NASHVILLE POLICE DEPT,20200093077,Davidson,Nashville,2/7/2020 9:20:00 PM,1,0,0,36.142980,-86.706520,I 40,,,,0.00,,,,,,,214.40,N,Not at Intersection,N,Non-Junction,None,,,         ,Adam,Warren,Clear,Not Collision with Motor Vehicle in Transport,no,no,no,no,no,False
102646335,METROPOLITAN NASHVILLE POLICE DEPT,20200093044,Davidson,Nashville,2/7/2020 9:10:00 PM,3,1,0,36.201660,-86.759880,JOY CIR,,,,506.00,Feet,West,JOY AV,,,,0.00,N,Not at Intersection,N,Non-Junction,None,,,         ,Stephen,Johnston,Clear,Angle,no,no,no,no,no,False
102646337,METROPOLITAN NASHVILLE POLICE DEPT,20200092752,Davidson,Nashville,2/7/2020 12:00:00 AM,1,0,0,36.157460,-86.629720,I40 W EXT RAMP,,,,0.00,,,I 40,,,,0.00,Y,Y-Intersection,N,Non-Junction,None,,,         ,Peter,Kinsey,Cloudy,Unknown,no,no,no,no,yes,False
102646348,METROPOLITAN NASHVILLE POLICE DEPT,20200093030,Davidson,Nashville,2/7/2020 8:25:00 PM,2,0,0,36.181100,-86.606700,OLD HICKORY BLVD,,,,564.00,Feet,East,FRIST BLVD,,,,0.00,N,Not at Intersection, ,Non-Junction,None,,,         ,Zaire,Murray,Cloudy,Angle,no,no,no,no,no,False
102646431,METROPOLITAN NASHVILLE POLICE DEPT,20200093272,Davidson,Nashville,2/7/2020 11:25:00 PM,2,1,0,36.176920,-86.774610,N 1ST ST,,,,14.00,Feet,North,SPRING ST,,,,0.00,N,Not at Intersection,N,Non-Junction,None,,,         ,Reginald,Pierre-Paul,Clear,HeadOn,no,no,no,no,yes,False
102646433,METROPOLITAN NASHVILLE POLICE DEPT,20200093194,Davidson,Nashville,2/7/2020 10:19:00 PM,3,1,0,36.180050,-86.797630,GARFIELD ST,,,,15.00,Feet,West,NASSAU ST,,,,0.00,N,Not at Intersection,N,Non-Junction,None,,,         ,Dakota,Vermillion,Clear,"Sideswipe, Same Direction",no,no,no,no,no,False
102646486,METROPOLITAN NASHVILLE POLICE DEPT,20200093186,Davidson,Nashville,2/7/2020 9:30:00 PM,2,0,0,36.208280,-86.778850,HAMPTON ST,,,,233.00,Feet,South,AVONDALE CIR,,,,0.00,N,Not at Intersection, ,Non-Junction,None,,,         ,Malik,Burriss,Clear,Rear to Side,no,no,no,yes,yes,False
102646488,METROPOLITAN NASHVILLE POLICE DEPT,20200093479,Davidson,Nashville,2/8/2020 1:00:00 AM,2,0,0,36.178840,-86.795210,ROSA L PARKS BLVD,,,,0.00,,,HUME ST,,,,0.00,Y,T-Intersection,N,Intersection,None,,,         ,Erik,Schall,Clear,Angle,no,no,no,no,no,False
102646498,METROPOLITAN NASHVILLE POLICE DEPT,20200093534,Davidson,Nashville,2/8/2020 1:00:00 AM,1,1,0,36.250570,-86.742340,DUE WEST AVN,,,,0.00,,,,,,,0.00,,,N,Non-Junction,None,,,         ,Jonathon,Sheppard,Clear,Not Collision with Motor Vehicle in Transport,yes,no,no,yes,yes,False
102646509,METROPOLITAN NASHVILLE POLICE DEPT,20200093300,Davidson,Nashville,2/7/2020 11:00:00 PM,2,0,0,36.151480,-86.751360,I40 W EXT RAMP,,,,0.00,Feet,East,I 40,,,,0.00,N,Not at Intersection, ,Non-Junction,None,,,         ,Jason,Kedzierski,Clear,"Sideswipe, Same Direction",no,no,no,no,no,False
102646536,METROPOLITAN NASHVILLE POLICE DEPT,20200093477,Davidson,Nashville,2/8/2020 12:00:00 AM,2,0,0,36.116710,-86.923250,CHARLOTTE PKE,,,,0.00,,,OLD HICKORY BLVD,,,,0.00,Y,Four-Way,N,Intersection,None,,,         ,Timothy,Edwards,Clear,Unknown,no,no,no,no,yes,False
102646542,METROPOLITAN NASHVILLE POLICE DEPT,20200093639,Davidson,Nashville,2/8/2020 2:47:00 AM,2,0,0,36.152870,-86.759170,MAURY ST,,,,23.00,Feet,South,GREEN ST,,,,0.00,N,Not at Intersection,N,Non-Junction,None,,,         ,Jason,Kedzierski,Clear,Angle,no,no,no,no,yes,False
102646572,METROPOLITAN NASHVILLE POLICE DEPT,20200093823,Davidson,Nashville,2/8/2020 5:50:00 AM,1,0,0,36.193180,-86.777130,I 65,,,,0.00,,,,,,,86.50,N,Not at Intersection,N,Non-Junction,None,,,         ,David,Crisman,Clear,Not Collision with Motor Vehicle in Transport,no,no,no,no,no,False
102646579,METROPOLITAN NASHVILLE POLICE DEPT,20200093835,Davidson,Nashville,2/8/2020 5:55:00 AM,2,0,0,36.194900,-86.776160,I 65,,,,0.00,,,,,,,86.50,N,Not at Intersection,Y,Entrance/Exit Ramp Related,None,,,         ,Joseph,Gawlowski,Cloudy,"Sideswipe, Same Direction",no,no,no,no,yes,False
102646598,METROPOLITAN NASHVILLE POLICE DEPT,20200093773,Davidson,Not in City Limit,2/8/2020 12:00:00 AM,1,0,0,35.997040,-86.690130,NOLENSVILLE PKE,,,,94.00,Feet,West,CONCORD RD,,,,0.00,N,Not at Intersection,N,Non-Junction,None,,,         ,Sandra,Fly,Cloudy,Not Collision with Motor Vehicle in Transport,no,no,no,no,yes,False
102646622,METROPOLITAN NASHVILLE POLICE DEPT,20200093935,Davidson,Not in City Limit,2/8/2020 7:50:00 AM,1,0,0,36.093110,-86.933910,SAWYER BROWN RD,,,,1098.00,Feet,South,GLENWOOD TRACE PVTDR,,,,0.00,N,Not at Intersection, ,Non-Junction,None,,,         ,Wesley,Tilley,Clear,Not Collision with Motor Vehicle in Transport,no,no,no,no,no,False
102646626,Nashville Airport Police,20-00455,Davidson,Nashville,2/6/2020 11:35:00 AM,2,0,0,36.132200,-86.665320,TERMINAL DR,,,,446.00,Feet,South,BNA DR,,,,0.00,N,Not at Intersection, ,Non-Junction,None,,,         ,Nicholas,Berens,Cloudy,Front to Rear,no,no,no,yes,no,False
102646627,METROPOLITAN NASHVILLE POLICE DEPT,20200093851,Davidson,Nashville,2/8/2020 5:30:00 AM,2,0,0,36.078960,-86.683980,ANTIOCH PKE,,,,92.00,Feet,East,CHEROKEE HILLS DR,,,,0.00,N,Not at Intersection,N,Non-Junction,None,,,         ,Luis,Pena,Clear,Angle,no,no,no,no,yes,False
102646630,METROPOLITAN NASHVILLE POLICE DEPT,20200093861,Davidson,Antioch,2/8/2020 12:00:00 AM,2,0,0,36.050620,-86.606180,GROVEDALE TRC,,,,201.00,Feet,North,PIN HOOK RD,,,,0.00,N,Not at Intersection,N,Non-Junction,None,,,         ,John,Braun,Clear,"Sideswipe, Opposite Direction",no,no,no,no,no,False
102646659,METROPOLITAN NASHVILLE POLICE DEPT,20200093882,Davidson,Nashville,2/8/2020 7:10:00 AM,2,0,0,36.154470,-86.841670,DELAWARE AV,,,,190.00,Feet,West,I40 W EXT RAMP,,,,0.00,N,Not at Intersection, ,Non-Junction,None,,,         ,Gerry,Hutcheson,Clear,"Sideswipe, Same Direction",no,no,no,no,yes,False
102646665,METROPOLITAN NASHVILLE POLICE DEPT,20200093943,Davidson,Madison,2/8/2020 8:08:00 AM,2,2,0,36.263660,-86.687150,STATE RT 45,,,,0.00,,,ARCHWOOD DR,,,,0.00,Y,Four-Way,N,Intersection,None,,,         ,William,Coy,Clear,Angle,no,no,no,no,no,False
102646669,METROPOLITAN NASHVILLE POLICE DEPT,20200093967,Davidson,Nashville,2/8/2020 8:24:00 AM,2,1,0,36.134240,-86.776370,I65 S ENT RAMP,,,,0.00,Feet,East,I65 S EXT RAMP,,,,0.00,N,Not at Intersection,N,Entrance/Exit Ramp Related,None,,,         ,Devin,Mabry,Clear,Front to Rear,no,no,no,no,no,False
102646705,METROPOLITAN NASHVILLE POLICE DEPT,20200094110,Davidson,Nashville,2/8/2020 10:00:00 AM,2,0,0,36.052370,-86.673180,BLUE HOLE RD,,,,90.00,Feet,South,TUSCULUM RD,,,,0.00,N,Not at Intersection, ,Non-Junction,None,,,         ,Lee,Davis,Clear,Front to Rear,no,no,no,no,no,False
102646718,METROPOLITAN NASHVILLE POLICE DEPT,20200093980,Davidson,Nashville,2/8/2020 8:45:00 AM,2,2,0,36.241260,-86.736880,ELLINGTON PKWY,,,,475.00,Feet,South,BRIARVILLE RD,,,,0.00,N,Not at Intersection,N,Non-Junction,None,,,         ,Ruben,Mariano,Clear,Angle,no,no,no,no,no,False
102646736,METROPOLITAN NASHVILLE POLICE DEPT,20200093968,Davidson,Nashville,2/8/2020 1:30:00 AM,4,0,0,36.071460,-86.731260,WHISPERING HILLS DR,,,,361.00,Feet,North,ADAMWOOD DR,,,,0.00,N,Not at Intersection, ,Non-Junction,None,,,         ,Tony,Folad,Other,Angle,no,no,no,yes,yes,False
102646738,METROPOLITAN NASHVILLE POLICE DEPT,20200094200,Davidson,Nashville,2/8/2020 11:08:00 AM,2,0,0,36.177900,-86.605000,I40 E EXT RAMP,,,,0.00,,,OLD HICKORY BLVD,,,,0.00,Y,T-Intersection, ,Non-Junction,None,,,         ,Michael,Brooks,Clear,Front to Rear,no,no,no,no,no,False
102646741,METROPOLITAN NASHVILLE POLICE DEPT,20200094202,Davidson,Madison,2/7/2020 6:00:00 PM,2,0,0,36.238950,-86.725430,WALTON LN,,,,548.00,Feet,West,GALLATIN PKES,,,,0.00,N,Not at Intersection,N,Non-Junction,None,,,         ,Dillon,Hunt,Clear,Unknown,no,no,no,yes,yes,False
102646754,METROPOLITAN NASHVILLE POLICE DEPT,20200094130,Davidson,Nashville,2/8/2020 10:13:00 AM,2,2,0,36.163590,-86.851290,CENTENNIAL BLVD,,,,277.00,Feet,West,52ND AVN,,,,0.00,N,Not at Intersection,N,Non-Junction,None,,,         ,Darren,Key,Clear,Front to Rear,no,no,no,no,no,False
102646755,METROPOLITAN NASHVILLE POLICE DEPT,20200094224,Davidson,Nashville,2/8/2020 11:28:00 AM,2,2,0,36.083050,-86.723440,WELCH RD,,,,162.00,Feet,West,FOXGLOVE DR,,,,0.00,N,Not at Intersection,N,Non-Junction,None,,,         ,Robert,Higgins,Clear,Front to Rear,no,no,no,no,no,False
102646765,METROPOLITAN NASHVILLE POLICE DEPT,20200094195,Davidson,Nashville,2/8/2020 10:40:00 AM,2,0,0,36.064790,-86.628480,HAMILTON CHURCH RD,,,,0.00,,,MURFREESBORO PKE,,,,0.00,Y,Four-Way, ,Non-Junction,None,,,         ,Lee,Davis,Clear,Front to Rear,no,no,no,no,no,False
102646779,METROPOLITAN NASHVILLE POLICE DEPT,20200094075,Davidson,Nashville,2/8/2020 9:48:00 AM,1,0,0,36.074720,-86.693830,LINBAR DR,,,,582.00,Feet,North,MELMACK DR,,,,0.00,N,Not at Intersection, ,Non-Junction,None,,,         ,Luis,Pena,Clear,Not Collision with Motor Vehicle in Transport,no,no,no,no,no,False
102646793,METROPOLITAN NASHVILLE POLICE DEPT,20200094274,Davidson,Antioch,2/7/2020 12:00:00 AM,2,0,0,36.032460,-86.613230,ALDERBUSH CT,,,,43.00,Feet,South,PRESERVE BLVD,,,,0.00,N,Not at Intersection, ,Non-Junction,None,,,         ,Gregory,Dixon,Unknown,Front to Rear,no,no,no,no,yes,False
102646816,METROPOLITAN NASHVILLE POLICE DEPT,20200094265,Davidson,Nashville,2/8/2020 12:05:00 PM,2,0,0,36.168750,-86.766310,I24 E ENT RAMP,,,,0.00,,,I 24,,,,0.00,Y,OTHER, ,,None,,,         ,Kimberly,Forsyth,,,no,no,no,no,no,False
102646849,METROPOLITAN NASHVILLE POLICE DEPT,20200094309,Davidson,Nashville,2/8/2020 12:57:00 PM,2,0,0,36.171430,-86.769040,INTERSTATE DR,,,,0.00,,,JAMES ROBERTSON PKWY,,,,0.00,Y,Y-Intersection, ,,None,,,         ,Jordan,Shaffer,,,no,no,no,no,no,False
102646850,METROPOLITAN NASHVILLE POLICE DEPT,20200094345,Davidson,Nashville,2/8/2020 1:36:00 PM,2,1,0,36.200550,-86.620930,OLD HICKORY BLVD,,,,0.00,,,PLANTATION DR,,,,0.00,Y,T-Intersection,N,Intersection,None,,,         ,MIchael,Mihajlov,Clear,Angle,no,no,no,no,no,False
102646851,METROPOLITAN NASHVILLE POLICE DEPT,20200094336,Davidson,Nashville,2/8/2020 12:43:00 PM,2,0,0,36.168420,-86.687960,LEBANON PKE,,,,0.00,,,BRILEY PKWY N ENT RAMP,,,,0.00,Y,Four-Way, ,Intersection-Related,None,,,         ,Jason,Thomas,Cloudy,Angle,no,no,no,no,no,False
102646853,METROPOLITAN NASHVILLE POLICE DEPT,20200094286,Davidson,Nashville,2/8/2020 12:30:00 PM,2,0,0,36.167410,-86.776290,WOODLAND ST,,,,201.00,Feet,East,GAY ST,,,,0.00,N,Not at Intersection, ,Non-Junction,None,,,         ,Cory,West,Clear,"Sideswipe, Same Direction",no,no,no,no,yes,False
102646866,METROPOLITAN NASHVILLE POLICE DEPT,20200094050,Davidson,Nashville,2/8/2020 9:27:00 AM,2,0,0,36.206080,-86.771100,W TRINITY LN,,,,0.00,Feet,West,LUCAS LN,,,,0.00,N,Not at Intersection,N,Non-Junction,None,,,         ,Jamel,Griffin,Clear,Front to Rear,no,no,no,no,no,False
102646890,METROPOLITAN NASHVILLE POLICE DEPT,20200094290,Davidson,Nashville,2/8/2020 12:15:00 PM,2,0,0,36.086840,-86.648630,MURFREESBORO PKE,,,,29.00,Feet,South,NASHBORO BLVD,,,,0.00,N,Not at Intersection, ,,None,,,         ,Gerald,Gomes,,,no,no,no,no,no,False
102646913,METROPOLITAN NASHVILLE POLICE DEPT,20200094387,Davidson,Nashville,2/8/2020 1:57:00 PM,2,0,0,36.108950,-86.922460,OLD HICKORY BLVD,,,,322.00,Feet,South,SONYA DR,,,,0.00,N,Not at Intersection,N,Non-Junction,None,,,         ,Douglas,Atwood,Clear,Angle,no,no,no,no,no,False
102646915,METROPOLITAN NASHVILLE POLICE DEPT,20200094417,Davidson,Nashville,2/8/2020 1:40:00 PM,2,0,0,36.182540,-86.640660,LEBANON PKE,,,,378.00,Feet,East,DOWNEYMEADE DR,,,,0.00,N,Not at Intersection, ,Non-Junction,None,,,         ,Adam,Warren,Clear,Front to Rear,no,no,no,no,no,False
102646957,METROPOLITAN NASHVILLE POLICE DEPT,20200094424,Davidson,Nashville,2/8/2020 2:40:00 PM,2,0,0,36.075690,-86.917290,HIGHWAY 70S,,,,457.00,Feet,East,PEBBLE BROOK,,,,0.00,N,Not at Intersection, ,Non-Junction,None,,,         ,Honorio,Canchola,Clear,Front to Rear,no,no,no,yes,yes,False
102646958,METROPOLITAN NASHVILLE POLICE DEPT,20200094471,Davidson,Nashville,2/8/2020 12:00:00 AM,2,0,0,36.092160,-86.735600,US HWY 31 ALT,,,,322.00,Feet,North,YELTON CT,,,,0.00,N,Not at Intersection,N,Non-Junction,None,,,         ,Sekou,Samassi,Clear,Front to Rear,no,no,no,no,no,False
102646959,METROPOLITAN NASHVILLE POLICE DEPT,20200094490,Davidson,Nashville,2/8/2020 3:25:00 PM,2,0,0,36.155670,-86.789660,BROADWAY,,,,0.00,,,14TH AVS,,,,0.00,Y,Four-Way,Y,Intersection-Related,None,,,         ,Benny,Pittman,Clear,"Sideswipe, Same Direction",no,no,no,no,yes,False
102646961,METROPOLITAN NASHVILLE POLICE DEPT,20200094475,Davidson,Nashville,2/8/2020 3:06:00 PM,1,0,0,36.181460,-86.810480,16TH AVN,,,,337.00,Feet,East,DR D B TODD JR BLVD,,,,0.00,N,Not at Intersection,N,Non-Junction,None,,,         ,Daniel,Kallman,Clear,Not Collision with Motor Vehicle in Transport,no,no,no,no,no,False
102646970,METROPOLITAN NASHVILLE POLICE DEPT,20200094456,Davidson,Nashville,2/8/2020 3:06:00 PM,2,0,0,36.120830,-86.703590,MURFREESBORO PKE,,,,0.00,,,GLENGARRY DR,,,,0.00,Y,T-Intersection,N,Intersection,None,,,         ,Andrew,Brazee,Clear,Front to Rear,no,no,no,no,no,False
102647003,METROPOLITAN NASHVILLE POLICE DEPT,20200094638,Davidson,Nashville,2/8/2020 4:51:00 PM,2,0,0,36.172440,-86.800170,I 65,,,,0.00,,,,,,,84.50,N,Not at Intersection, ,Non-Junction,None,,,         ,Zachary,Plese,Clear,"Sideswipe, Same Direction",no,no,no,no,no,False
102647005,METROPOLITAN NASHVILLE POLICE DEPT,20200094525,Davidson,Nashville,2/8/2020 2:55:00 PM,2,1,0,36.046890,-86.673790,BLUE HOLE RD,,,,451.00,Feet,North,BELL RD,,,,0.00,N,Not at Intersection,N,Non-Junction,None,,,         ,Dalton,Crum,Clear,Front to Rear,no,no,no,no,no,False
102647008,METROPOLITAN NASHVILLE POLICE DEPT,20200094600,Davidson,Nashville,2/8/2020 4:15:00 PM,2,0,0,36.139390,-86.880160,CHARLOTTE PKE,,,,167.00,Feet,East,HILLWOOD BLVD,,,,0.00,N,Not at Intersection, ,Non-Junction,None,,,         ,Honorio,Canchola,Clear,Angle,no,no,no,no,no,False
102647030,METROPOLITAN NASHVILLE POLICE DEPT,20200094657,Davidson,Nashville,2/8/2020 4:45:00 PM,2,0,0,36.045670,-86.720380,OLD HICKORY BLVD,,,,119.00,Feet,East,HICKORY VILLA DR,,,,0.00,N,Not at Intersection,N,Non-Junction,None,,,         ,Nicholas,Carroll,Clear,Front to Rear,no,no,no,no,yes,False
102647047,METROPOLITAN NASHVILLE POLICE DEPT,20200094640,Davidson,Nashville,2/8/2020 4:38:00 PM,2,0,0,36.113130,-86.800900,WOODMONT BLVD,,,,215.00,Feet,East,RICHARDS ST,,,,0.00,N,Not at Intersection,N,Non-Junction,None,,,         ,Brady,Reynolds,Clear,Front to Rear,no,no,no,no,no,False
102647049,METROPOLITAN NASHVILLE POLICE DEPT,20200094761,Davidson,Nashville,2/8/2020 6:03:00 PM,2,0,0,36.162090,-86.760740,I 24,,,,0.00,,,,,,,49.35,N,Not at Intersection, ,Non-Junction,None,,,         ,Tyler,Manivong,Clear,Front to Rear,no,no,no,no,no,False
102647050,METROPOLITAN NASHVILLE POLICE DEPT,20200094832,Davidson,Not in City Limit,2/8/2020 6:30:00 PM,2,0,0,36.268900,-86.754040,OLD HICKORY BLVDW,,,,517.00,Feet,East,DICKERSON PKE,,,,0.00,N,Not at Intersection, ,Non-Junction,None,,,         ,Zachary,Scott,Clear,Front to Rear,no,no,no,no,no,False
102647054,METROPOLITAN NASHVILLE POLICE DEPT,20200094717,Davidson,Nashville,2/8/2020 5:35:00 PM,2,1,0,36.206340,-86.774380,W TRINITY LN,,,,268.00,Feet,West,I65 N ENT RAMP,,,,0.00,N,Not at Intersection,N,Entrance/Exit Ramp Related,None,,,         ,Stephen,Johnston,Clear,Angle,no,no,no,no,no,False
102647062,METROPOLITAN NASHVILLE POLICE DEPT,20200094634,Davidson,Nashville,2/8/2020 4:52:00 PM,3,1,0,36.143070,-86.684770,I 40,,,,0.00,,,,,,,215.60,N,Not at Intersection,N,Non-Junction,None,,,         ,Peter,Kinsey,Clear,"Sideswipe, Same Direction",no,no,no,no,no,False
102647064,METROPOLITAN NASHVILLE POLICE DEPT,20200094720,Davidson,Antioch,2/8/2020 5:40:00 PM,2,0,0,36.047840,-86.612050,MURFREESBORO PKE,,,,1284.00,Feet,North,MOUNTAIN SPRINGS RD,,,,0.00,N,Not at Intersection, ,Non-Junction,None,,,         ,Andrew,Ramirez,Clear,Front to Rear,no,no,no,no,no,False
102647072,METROPOLITAN NASHVILLE POLICE DEPT,20200094951,Davidson,Nashville,2/8/2020 7:00:00 PM,2,0,0,36.151220,-86.750770,I 40,,,,0.00,,,,,,,211.55,N,Not at Intersection, ,,None,,,         ,Adam,Warren,,,no,no,no,no,no,False
102647091,METROPOLITAN NASHVILLE POLICE DEPT,20200094822,Davidson,Nashville,2/8/2020 6:10:00 PM,2,1,0,36.157880,-86.781440,8TH AVS,,,,0.00,,,MCGAVOCK ST,,,,0.00,Y,Four-Way,N,Intersection,None,,,         ,James,Hill,Clear,Angle,no,no,no,no,no,False
102647092,METROPOLITAN NASHVILLE POLICE DEPT,20200094882,Davidson,Nashville,2/8/2020 7:07:00 PM,2,0,0,36.085560,-86.701430,I24 E ENT RAMP,,,,0.00,,,I 24,,,,0.00,Y,OTHER, ,Entrance/Exit Ramp Related,None,,,         ,John,Jones,Clear,"Sideswipe, Same Direction",no,no,no,no,no,False
102647093,METROPOLITAN NASHVILLE POLICE DEPT,20200094976,Davidson,Nashville,2/8/2020 7:45:00 PM,2,0,0,36.169530,-86.678520,LEBANON PKE,,,,410.00,Feet,East,MCGAVOCK PKE,,,,0.00,N,Not at Intersection,N,Non-Junction,None,,,         ,Reagan,Heath,Clear,Angle,no,no,no,no,yes,False
102647098,METROPOLITAN NASHVILLE POLICE DEPT,20200094895,Davidson,Nashville,2/8/2020 7:12:00 PM,2,1,0,36.210380,-86.882990,ASHLAND CITY HWY,,,,1344.00,Feet,West,WWCR AV,,,,0.00,N,Not at Intersection,N,Non-Junction,None,,,         ,Chad,Connors,Clear,Front to Rear,no,no,no,no,no,False
102647109,METROPOLITAN NASHVILLE POLICE DEPT,20200094839,Davidson,Nashville,2/8/2020 6:46:00 PM,2,1,0,36.142220,-86.666710,I40 W ENT RAMP,,,,0.00,,,I 40,,,,0.00,Y,Y-Intersection,N,Entrance/Exit Ramp Related,None,,,         ,Mary,Robinson,Clear,Angle,no,no,no,no,no,False
102647177,BERRY HILL POLICE DEPT,20-0510,Davidson,Berry Hill,2/7/2020 7:35:00 PM,2,0,0,36.112120,-86.764930,THOMPSON LN,,,,622.00,Feet,East,BRANSFORD AV,,,,0.00,N,Not at Intersection, ,,None,,,         ,Dawn,Thornsberry,,,no,no,no,no,no,False
102647185,METROPOLITAN NASHVILLE POLICE DEPT,20200095084,Davidson,Nashville,2/8/2020 8:45:00 PM,2,0,0,36.217360,-86.700590,MCGAVOCK PKE,,,,150.00,Feet,East,OPRY MILLS DR,,,,0.00,N,Not at Intersection, ,Non-Junction,None,,,         ,Reagan,Heath,Clear,Front to Rear,no,no,no,no,no,False