master_record_number,agency,agency_tracking_number,county,city,collision_date,vehicles_involved,number_injured,number_dead,latitude,longitude,roadway_name,roadway_suffix,roadway_number,roadway_local_id,distance_from_reference,miles-feet_indicator,direction_from_reference,intersection_road_name,intersection_road_name_suffix,intersection_road_number,intersection_local_id,mile_marker,intersection_indicator,intersect_type,interchange_related_indicator,relation_to_junction,work_zone_type,construction_maintenance_zone,construction_maintenance_zone_location,fatal_case_number,officer_first_name,officer_last_name,weather_condition(s),manner_of_crash,pedestrian,bicycle,scooter,parking,hitrun,mou
102648200,METROPOLITAN NASHVILLE POLICE DEPT,20200097841,Davidson,Nashville,2/10/2020 6:50:00 AM,1,0,0,36.140940,-86.732840,I 40,,,,0.00,,,,,,,213.00,N,Not at Intersection,N,Non-Junction,None,,,         ,Michael,Dance,Rain,Not Collision with Motor Vehicle in Transport,no,no,no,no,no,False
102648204,METROPOLITAN NASHVILLE POLICE DEPT,20200097829,Davidson,Nashville,2/10/2020 6:45:00 AM,2,0,0,36.108500,-86.922440,OLD HICKORY BLVD,,,,240.00,Feet,North,ROCKY LN,,,,0.00,N,Not at Intersection, ,Non-Junction,None,,,         ,Curtis,Rich,Rain,Front to Rear,no,no,no,no,no,False
102648205,METROPOLITAN NASHVILLE POLICE DEPT,20200097838,Davidson,Nashville,2/10/2020 6:10:00 AM,2,0,0,36.071360,-86.769580,I 65,,,,0.00,,,,,,,77.00,N,Not at Intersection, ,Non-Junction,None,,,         ,Nathan,Kemp,Rain,Front to Rear,no,no,no,no,no,False
102648209,METROPOLITAN NASHVILLE POLICE DEPT,20200097800,Davidson,Nashville,2/10/2020 6:00:00 AM,2,0,0,36.165580,-86.764080,I 24,,,,0.00,,,,,,,49.00,N,Not at Intersection,N,Entrance/Exit Ramp Related,None,,,         ,Eric,Cunningham,Rain,Not Collision with Motor Vehicle in Transport,no,no,no,no,no,False
102648211,METROPOLITAN NASHVILLE POLICE DEPT,20200097783,Davidson,Nashville,2/10/2020 5:58:00 AM,2,1,0,36.042850,-86.726330,OLD HICKORY BLVD,,,,205.00,Feet,North,WOODLANDS AV,,,,0.00,N,Not at Intersection,N,Non-Junction,None,,,         ,Corey,Eldridge,Rain,Angle,no,no,no,no,no,False
102648223,METROPOLITAN NASHVILLE POLICE DEPT,20200097824,Davidson,Nashville,2/10/2020 6:17:00 AM,2,0,0,36.141390,-86.733850,I 40,,,,0.00,,,,,,,212.90,N,Not at Intersection, ,Non-Junction,None,,,         ,Michael,Dance,Rain,Front to Rear,no,no,no,no,no,False
102648224,METROPOLITAN NASHVILLE POLICE DEPT,20200097807,Davidson,Nashville,2/10/2020 6:20:00 AM,3,1,0,36.158810,-86.798160,17TH AVN,,,,0.00,,,CHARLOTTE AV,,,,0.00,Y,Four-Way,Y,Intersection,None,,,         ,Landon,Bagwell,Rain,Angle,no,no,no,no,no,False
102648229,METROPOLITAN NASHVILLE POLICE DEPT,20200097846,Davidson,Nashville,2/10/2020 6:38:00 AM,1,1,0,36.069270,-86.689470,I 24,,,,0.00,,,,,,,57.00,N,Not at Intersection,N,Non-Junction,None,,,         ,Patrick,Martin,Rain,Not Collision with Motor Vehicle in Transport,no,no,no,no,no,False
102648232,METROPOLITAN NASHVILLE POLICE DEPT,20200097830,Davidson,Nashville,2/10/2020 6:36:00 AM,1,0,0,36.038300,-86.647400,I 24,,,,0.00,,,,,,,60.20,N,Not at Intersection,N,Non-Junction,None,,,         ,Caleb,Jernigan,Rain,Not Collision with Motor Vehicle in Transport,no,no,no,no,no,False
102648236,METROPOLITAN NASHVILLE POLICE DEPT,20200097988,Davidson,Antioch,2/10/2020 7:33:00 AM,2,0,0,36.037220,-86.600500,MURFREESBORO PKE,,,,991.00,Feet,South,OLD HICKORY BLVD,,,,0.00,N,Not at Intersection,N,Non-Junction,None,,,         ,Patrick,Martin,Rain,Front to Rear,no,no,no,no,yes,False
102648239,METROPOLITAN NASHVILLE POLICE DEPT,20200097941,Davidson,Antioch,2/10/2020 7:05:00 AM,2,0,0,36.032620,-86.595300,MURFREESBORO PKE,,,,473.00,Feet,North,PARKS RETREAT DR,,,,0.00,N,Not at Intersection, ,Non-Junction,None,,,         ,Thomas,White,Rain,Front to Rear,no,no,no,no,no,False
102648240,METROPOLITAN NASHVILLE POLICE DEPT,20200097987,Davidson,Nashville,2/10/2020 7:57:00 AM,2,0,0,36.109830,-86.922520,OLD HICKORY BLVD,,,,0.00,,,SONYA DR,,,,0.00,Y,T-Intersection,N,Intersection,None,,,         ,Douglas,Atwood,Rain,Angle,no,no,no,no,no,False
102648247,METROPOLITAN NASHVILLE POLICE DEPT,20200098022,Davidson,Nashville,2/10/2020 8:04:00 AM,2,0,0,36.091360,-86.828510,HARDING PL,,,,0.00,,,HILLSBORO PKE,,,,0.00,Y,Four-Way, ,Intersection,None,,,         ,Justin,Pinkelton,Cloudy,Front to Rear,no,no,no,no,no,False
102648248,METROPOLITAN NASHVILLE POLICE DEPT,20200098025,Davidson,Nashville,2/10/2020 8:02:00 AM,2,0,0,36.169630,-86.797440,I 40,,,,0.00,,,,,,,207.95,N,Not at Intersection, ,Non-Junction,None,,,         ,Walter,Cothran,Rain,Front to Rear,no,no,no,no,no,False
102648253,METROPOLITAN NASHVILLE POLICE DEPT,20200086496,Davidson,Nashville,2/5/2020 11:13:00 AM,2,1,1,36.262620,-86.775910,BRICK CHURCH PKE,,,,0.00,,,BELLSHIRE DR,,,,0.00,Y,T-Intersection,N,Intersection,None,,,20-0085  ,Kevin,Coleman,Rain,Angle,no,no,no,no,no,False
102648255,METROPOLITAN NASHVILLE POLICE DEPT,20200097852,Davidson,Nashville,2/10/2020 6:24:00 AM,2,0,0,36.153480,-86.766410,LINDSLEY AV,,,,27.00,Feet,West,ACADEMY SQ,,,,0.00,N,Not at Intersection,N,Non-Junction,None,,,         ,Shedie,Herbert III,Rain,Angle,no,no,no,no,no,False
102648265,Nashville Airport Police,2020-509,Davidson,Nashville,2/10/2020 6:48:00 AM,2,0,0,36.116980,-86.669080,HANGAR LN,,,,0.00,,,AIRPORT SERVICE RD,,,,0.00,Y,T-Intersection,N,Intersection,None,,,         ,Mark,Nauert,Rain,Front to Rear,no,no,no,no,no,False
102648269,METROPOLITAN NASHVILLE POLICE DEPT,20200098050,Davidson,Nashville,2/10/2020 8:30:00 AM,3,0,0,36.162040,-86.769060,KOREAN VETERANS BLVD,,,,288.00,Feet,West,DAVIDSON STREET BIKE CNCTR,,,,0.00,N,Not at Intersection, ,Non-Junction,None,,,         ,Wesley,Henderson,Rain,Front to Rear,no,no,no,no,no,False
102648271,METROPOLITAN NASHVILLE POLICE DEPT,20200088573,Davidson,Nashville,2/6/2020 12:00:00 AM,1,0,1,36.154670,-86.759520,I 40,,,,0.00,,,,,,,211.00,N,Not at Intersection,N,Non-Junction,None,,,20-0088  ,Kevin,Coleman,Unknown,Not Collision with Motor Vehicle in Transport,yes,no,no,no,yes,False
102648272,METROPOLITAN NASHVILLE POLICE DEPT,20200098000,Davidson,Nashville,2/10/2020 8:03:00 AM,1,1,0,36.066760,-86.770920,I 65,,,,0.00,,,,,,,76.70,N,Not at Intersection,N,Non-Junction,None,,,         ,Nathan,Kemp,Rain,Not Collision with Motor Vehicle in Transport,no,no,no,no,no,False
102648273,METROPOLITAN NASHVILLE POLICE DEPT,20200098020,Davidson,Nashville,2/10/2020 8:16:00 AM,2,0,0,36.064710,-86.771410,I 65,,,,0.00,,,,,,,76.55,N,Not at Intersection, ,Non-Junction,None,,,         ,Nathan,Kemp,Rain,"Sideswipe, Same Direction",no,no,no,no,no,False
102648274,METROPOLITAN NASHVILLE POLICE DEPT,20200098089,Davidson,Nashville,2/10/2020 8:51:00 AM,2,0,0,36.105520,-86.767580,I 65,,,,0.00,,,,,,,79.45,N,Not at Intersection, ,Non-Junction,None,,,         ,Nathan,Kemp,Rain,Front to Rear,no,no,no,no,no,False
102648275,METROPOLITAN NASHVILLE POLICE DEPT,20200097907,Davidson,Nashville,2/10/2020 6:18:00 AM,2,0,0,36.101790,-86.740550,NOLENSVILLE PKE,,,,0.00,,,ANTIOCH PKE,,,,0.00,Y,T-Intersection,N,Intersection,None,,,         ,Robert,Higgins,Rain,Front to Rear,no,no,no,no,no,False
102648276,METROPOLITAN NASHVILLE POLICE DEPT,20200098036,Davidson,Nashville,2/10/2020 8:23:00 AM,2,0,0,36.155410,-86.828690,I 40,,,,0.00,,,,,,,205.60,N,Not at Intersection, ,Non-Junction,None,,,         ,Brandon,O'Guin,Rain,Front to Rear,no,no,no,no,no,False
102648279,METROPOLITAN NASHVILLE POLICE DEPT,20200098074,Davidson,Antioch,2/10/2020 7:14:00 AM,2,0,0,36.014250,-86.601110,J P HENNESSY DR,,,,594.00,Feet,South,CORPORATE PL,,,,0.00,N,Not at Intersection,N,"Driveway, Alley Access, etc",None,,,         ,Patrick,Martin,Rain,"Sideswipe, Same Direction",no,no,no,no,no,False
102648288,Nashville Airport Police,2020-00451,Davidson,Nashville,2/5/2020 8:22:00 PM,2,0,0,36.128690,-86.689040,AIRWAYS BLVD,,,,1065.00,Feet,East,JETWAY DR,,,,0.00,N,Not at Intersection,N,OtherLocation,None,,,         ,James,Moore,Rain,Angle,no,no,no,yes,no,False
102648294,METROPOLITAN NASHVILLE POLICE DEPT,20200097833,Davidson,Nashville,2/10/2020 6:43:00 AM,2,0,0,36.137390,-86.699790,BRILEY PKWY,,,,78.00,Feet,North,GLASTONBURY RD,,,,0.00,N,Not at Intersection, ,,None,,,         ,MIchael,Mihajlov,,,no,no,no,no,no,False
102648295,METROPOLITAN NASHVILLE POLICE DEPT,20200097944,Davidson,Nashville,2/10/2020 7:11:00 AM,3,1,0,36.215110,-86.596560,LEBANON PKE,,,,328.00,Feet,East,ANDREW JACKSON PKWY,,,,0.00,N,Not at Intersection,Y,Non-Junction,None,,,         ,MIchael,Mihajlov,Rain,"Sideswipe, Same Direction",no,no,no,no,no,False
102648300,METROPOLITAN NASHVILLE POLICE DEPT,20200098105,Davidson,Nashville,2/10/2020 9:03:00 AM,2,0,0,36.224880,-86.774500,I 65,,,,0.00,,,,,,,88.60,N,Not at Intersection,N,Non-Junction,None,,,         ,Sarah,Cartwright,Rain,Front to Rear,no,no,no,no,no,False
102648301,METROPOLITAN NASHVILLE POLICE DEPT,20200098122,Davidson,Nashville,2/10/2020 9:05:00 AM,2,1,0,36.167690,-86.859250,CENTENNIAL BLVD,,,,71.00,Feet,East,61ST AVE N,,,,0.00,N,Not at Intersection,N,Non-Junction,None,,,         ,Brandon,O'Guin,Cloudy,Front to Rear,no,no,no,no,no,False
102648302,METROPOLITAN NASHVILLE POLICE DEPT,20200098189,Davidson,Nashville,2/10/2020 9:37:00 AM,2,0,0,36.112330,-86.767020,THOMPSON LN,,,,0.00,,,POWELL AV,,,,0.00,Y,Four-Way, ,Intersection,None,,,         ,Nathan,Kemp,Clear,"Sideswipe, Same Direction",no,no,no,no,no,False
102648303,METROPOLITAN NASHVILLE POLICE DEPT,20200098221,Davidson,Nashville,2/10/2020 10:00:00 AM,2,0,0,36.166400,-86.856100,CENTENNIAL BLVD,,,,47.00,Feet,West,OHIO AV,,,,0.00,N,Not at Intersection, ,Non-Junction,None,,,         ,Curtis,Rich,Cloudy,Angle,no,no,no,no,no,False
102648307,METROPOLITAN NASHVILLE POLICE DEPT,20200098042,Davidson,Nashville,2/10/2020 8:26:00 AM,3,0,0,36.316480,-86.834490,CLAY LICK RD,,,,8.00,Feet,West,CLAYLICK RD,,,,0.00,N,Not at Intersection,N,Non-Junction,None,,,         ,Bianca,Crawford,Rain,Front to Rear,no,no,no,no,no,False
102648318,METROPOLITAN NASHVILLE POLICE DEPT,20200098114,Davidson,Nashville,2/10/2020 9:00:00 AM,2,1,0,36.226450,-86.725290,WINDING WAY,,,,36.00,Feet,East,GALLATIN PKE,,,,0.00,N,Not at Intersection,N,Non-Junction,None,,,         ,Faye,Denson,Rain,Angle,no,no,no,no,no,False
102648328,METROPOLITAN NASHVILLE POLICE DEPT,20200098154,Davidson,Nashville,2/10/2020 9:24:00 AM,2,0,0,36.164720,-86.794000,I 40,,,,0.00,,,,,,,208.45,N,Not at Intersection, ,Non-Junction,None,,,         ,Frank,Campbell,Rain,Front to Rear,no,no,no,no,no,False
102648331,METROPOLITAN NASHVILLE POLICE DEPT,20200098108,Davidson,Nashville,2/10/2020 9:00:00 AM,2,0,0,36.118870,-86.718630,EAST THOMPSON LN,,,,0.00,,,CURREY RD,,,,0.00,Y,Four-Way,N,Intersection,None,,,         ,Alex,Moore,Cloudy,Angle,no,no,no,no,no,False
102648340,METROPOLITAN NASHVILLE POLICE DEPT,20200098180,Davidson,Nashville,2/10/2020 9:10:00 AM,2,0,0,36.180070,-86.811000,BUCHANAN ST,,,,11.00,Feet,East,DR D B TODD JR BLVD,,,,0.00,N,Not at Intersection, ,Non-Junction,None,,,         ,Alec,Pellissier,Rain,Angle,no,no,no,no,no,False
102648365,METROPOLITAN NASHVILLE POLICE DEPT,20200098274,Davidson,Nashville,2/9/2020 3:08:00 PM,1,0,0,36.048470,-86.658140,HICKORY HOLLOW PKWY,,,,220.00,Feet,West,HICKORY HOLLOW MALL PVTDR PL,,,,0.00,N,Not at Intersection,N,Non-Junction,None,,,         ,Luis,Pena,Clear,Not Collision with Motor Vehicle in Transport,no,no,no,yes,yes,False
102648369,METROPOLITAN NASHVILLE POLICE DEPT,20200098315,Davidson,Nashville,2/10/2020 10:35:00 AM,2,0,0,36.087870,-86.920730,OLD HICKORY BLVD,,,,0.00,,,WOODBURY FALLS DR,,,,0.00,Y,Four-Way,N,Intersection,None,,,         ,Charles,Boles,Rain,Front to Rear,no,no,no,no,no,False
102648370,METROPOLITAN NASHVILLE POLICE DEPT,20200098153,Davidson,Nashville,2/10/2020 9:22:00 AM,2,1,0,36.172280,-86.593370,CENTRAL PKE,,,,519.00,Feet,East,TULIP GROVE RD,,,,0.00,N,Not at Intersection,N,Non-Junction,None,,,         ,Michael,Dance,Rain,"Sideswipe, Same Direction",no,no,no,no,no,False
102648395,METROPOLITAN NASHVILLE POLICE DEPT,20200098363,Davidson,Nashville,2/10/2020 11:02:00 AM,2,0,0,36.122100,-86.807260,-- UNKNOWN RAMP/ROAD --,,,,0.00,Feet,East,I 440,,,,0.00,N,Not at Intersection, ,Non-Junction,None,,,         ,Brandon,O'Guin,Rain,Front to Rear,no,no,no,no,no,False
102648397,METROPOLITAN NASHVILLE POLICE DEPT,20200098415,Davidson,Nashville,2/10/2020 9:49:00 AM,2,0,0,36.217110,-86.749410,BETHWOOD DR,,,,663.00,Feet,South,ELLINGTON PKWYS,,,,0.00,N,Not at Intersection, ,Non-Junction,None,,,         ,Sarah,Cartwright,Rain,Rear to Rear,no,no,no,no,yes,False
102648398,METROPOLITAN NASHVILLE POLICE DEPT,20200098057,Davidson,Nashville,2/10/2020 8:33:00 AM,3,1,0,36.224500,-86.774540,I 65,,,,0.00,,,,,,,88.55,N,Not at Intersection,N,Non-Junction,None,,,         ,Michael,Agee,Rain,Front to Rear,no,no,no,no,no,False
102648404,METROPOLITAN NASHVILLE POLICE DEPT,20200098489,Davidson,Nashville,2/10/2020 12:25:00 PM,2,0,0,36.238780,-86.630010,OLD HICKORY BLVD,,,,0.00,,,LAKESHORE DR,,,,0.00,Y,T-Intersection, ,Intersection,None,,,         ,Michael,Dance,Rain,Front to Rear,no,no,no,no,no,False
102648418,METROPOLITAN NASHVILLE POLICE DEPT,2020098538,Davidson,Nashville,2/10/2020 12:39:00 PM,2,0,0,36.133170,-86.858020,WHITE BRIDGE PKE,,,,144.00,Feet,South,NASHVILLE TECH PVTDR,,,,0.00,N,Not at Intersection, ,Non-Junction,None,,,         ,Curtis,Rich,Rain,Front to Rear,no,no,no,no,no,False
102648425,METROPOLITAN NASHVILLE POLICE DEPT,2020098525,Davidson,Nashville,2/10/2020 11:56:00 AM,2,0,0,36.208240,-86.767400,DICKERSON PKE,,,,0.00,,,GRIZZARD AV,,,,0.00,Y,T-Intersection, ,Intersection,None,,,         ,Megan,Lamon,Rain,Rear to Side,no,no,no,yes,yes,False
102648435,METROPOLITAN NASHVILLE POLICE DEPT,20200098508,Davidson,Nashville,2/10/2020 11:34:00 AM,2,0,0,36.161170,-86.780950,COMMERCE ST,,,,119.00,Feet,West,6TH AVN,,,,0.00,N,Not at Intersection, ,Non-Junction,None,,,         ,Cory,West,Rain,Angle,no,no,no,no,yes,False
102648438,METROPOLITAN NASHVILLE POLICE DEPT,20200098409,Davidson,Nashville,2/10/2020 11:33:00 AM,2,0,0,36.150940,-86.804550,LOUISE AV,,,,0.00,,,ELLISTON PL,,,,0.00,Y,Four-Way, ,Intersection,None,,,         ,Nathan,Kemp,Rain,Angle,no,no,no,no,no,Campus
102648439,METROPOLITAN NASHVILLE POLICE DEPT,20200098441,Davidson,Nashville,2/10/2020 11:50:00 AM,2,0,0,36.150310,-86.797250,LYLE AV,,,,0.00,,,BROADWAY,,,,0.00,Y,Four-Way, ,Intersection,None,,,         ,Nathan,Kemp,Rain,Angle,no,no,no,no,no,False
102648440,METROPOLITAN NASHVILLE POLICE DEPT,20200098546,Davidson,Nashville,2/10/2020 12:54:00 PM,1,1,0,36.158680,-86.791780,I40 E EXT RAMP,,,,0.00,Feet,East,I 40,,,,0.00,N,Not at Intersection,N,Non-Junction,None,,,         ,Nathan,Kemp,Rain,Not Collision with Motor Vehicle in Transport,no,no,no,no,no,False
102648457,METROPOLITAN NASHVILLE POLICE DEPT,20200098596,Davidson,Nashville,2/10/2020 1:18:00 PM,2,0,0,36.115990,-86.787850,I 440,,,,0.00,,,,,,,3.90,N,Not at Intersection, ,Non-Junction,Construction Zone,,,         ,Justin,Pinkelton,Rain,"Sideswipe, Same Direction",no,no,no,no,no,False
102648486,METROPOLITAN NASHVILLE POLICE DEPT,20200098555,Davidson,Nashville,2/10/2020 1:00:00 PM,2,0,0,36.153060,-86.848860,ALABAMA AV,,,,76.00,Feet,West,51ST AVN,,,,0.00,N,Not at Intersection, ,Non-Junction,None,,,         ,George,Spencer,Rain,Front to Rear,no,no,no,no,no,False
102648492,METROPOLITAN NASHVILLE POLICE DEPT,20200098591,Davidson,Nashville,2/10/2020 1:10:00 PM,2,0,0,36.186080,-86.798330,I65 S EXT RAMP,,,,0.00,,,I 65,,,,0.00,Y,Y-Intersection, ,Intersection,None,,,         ,Jean,McCormack,Rain,Front to Rear,no,no,no,no,no,False
102648497,BERRY HILL POLICE DEPT,20-0562,Davidson,Berry Hill,2/10/2020 12:37:00 PM,2,0,0,36.121150,-86.767270,BERRY RD,,,,280.00,Feet,North,BERRYWOOD DR,,,,0.00,N,Not at Intersection, ,Non-Junction,None,,,         ,Ronnie,Hill,Rain,Angle,no,no,no,yes,no,False
102648501,BELLE MEADE POLICE DEPT,20-0031,Davidson,Belle Meade,2/10/2020 10:33:00 AM,2,2,0,36.113270,-86.862950,JACKSON BLVD,,,,0.00,,,HARDING PKE,,,,0.00,Y,T-Intersection,N,Intersection-Related,None,,,         ,David,Wright,Rain,Front to Rear,no,no,no,no,no,False
102648509,METROPOLITAN NASHVILLE POLICE DEPT,20200098314,Davidson,Nashville,2/10/2020 12:00:00 AM,2,0,0,36.154320,-86.798960,19TH AVE N,,,,0.00,,,CHURCH ST,,,,0.00,Y,Four-Way,Y,Intersection,None,,,         ,Joel,Cottrill,Cloudy,Angle,no,no,no,no,no,False
102648548,METROPOLITAN NASHVILLE POLICE DEPT,20200098760,Davidson,Nashville,2/10/2020 2:50:00 PM,2,1,0,36.143130,-86.744310,FESSLERS LN,,,,123.00,Feet,North,MURFREESBORO PKE,,,,0.00,N,Not at Intersection,N,Non-Junction,None,,,         ,Ciarra,Rench,Rain,Angle,no,no,no,no,no,False
102648556,METROPOLITAN NASHVILLE POLICE DEPT,20200098779,Davidson,Nashville,2/10/2020 2:45:00 PM,2,0,0,36.066240,-86.696990,KEELEY DR,,,,610.00,Feet,West,CREEKSIDE DR,,,,0.00,N,Not at Intersection, ,Non-Junction,None,,,         ,Laura,Williams,Rain,Angle,no,no,no,no,no,False
102648557,METROPOLITAN NASHVILLE POLICE DEPT,20200098835,Davidson,Nashville,2/10/2020 3:40:00 PM,2,0,0,36.151160,-86.785110,DIVISION ST,,,,210.00,Feet,East,I40 W EXT RAMP,,,,0.00,N,Not at Intersection, ,,None,,,         ,Miles,Posey,,,no,no,no,no,no,False
102648558,METROPOLITAN NASHVILLE POLICE DEPT,20200097023,Davidson,Nashville,2/9/2020 8:38:00 PM,2,0,0,36.122420,-86.773270,I 65,,,,0.00,,,,,,,80.55,N,Not at Intersection,Y,Entrance/Exit Ramp Related,None,,,         ,Jacob,Robbins,Cloudy,Angle,no,no,no,no,no,False
102648580,METROPOLITAN NASHVILLE POLICE DEPT,20200098857,Davidson,Nashville,2/10/2020 3:18:00 PM,2,0,0,36.170430,-86.807610,SCOVEL ST,,,,165.00,Feet,West,DR D B TODD JR BLVD,,,,0.00,N,Not at Intersection, ,Non-Junction,None,,,         ,Chad,Connors,Rain,Front to Rear,no,no,no,no,no,False
102648583,METROPOLITAN NASHVILLE POLICE DEPT,20200098894,Davidson,Nashville,2/10/2020 4:00:00 PM,2,0,0,36.208280,-86.787900,US HWY 431,,,,176.00,Feet,West,MONTICELLO ST,,,,0.00,N,Not at Intersection,N,Non-Junction,None,,,         ,Trevor,Jones,Rain,Front to Rear,no,no,no,no,no,False
102648585,THP District 3 - Nashville,320008397,Davidson,Nashville,2/7/2020 2:47:00 PM,4,0,0,36.096310,-86.708140,I 24,,,,0.00,,,,,,,54.85,N,Not at Intersection,N,Non-Junction,None,,,         ,Tyler,Oliphant,Clear,Front to Rear,no,no,no,no,no,False
102648589,METROPOLITAN NASHVILLE POLICE DEPT,20200098866,Davidson,Not in City Limit,2/10/2020 3:50:00 PM,2,0,0,36.279010,-86.708980,GALLATIN PKEN,,,,130.00,Feet,South,ONE MILE PKWY,,,,0.00,N,Not at Intersection, ,,None,,,         ,Christopher,Littles,,,no,no,no,no,no,False
102648590,METROPOLITAN NASHVILLE POLICE DEPT,20200098933,Davidson,Not in City Limit,2/10/2020 3:09:00 PM,1,0,0,36.284230,-86.700540,AURORA AV,,,,105.00,Feet,East,GLOBE PL,,,,0.00,N,Not at Intersection, ,,None,,,         ,Christopher,Littles,,,no,no,no,no,no,False
102648600,METROPOLITAN NASHVILLE POLICE DEPT,20200098689,Davidson,Nashville,2/10/2020 2:10:00 PM,2,1,0,36.178320,-86.772150,MERIDIAN ST,,,,0.00,Feet,,US HWY 31W,,,,0.00,Y,T-Intersection,N,Intersection,None,,,         ,Nicholas,Silinsky,Rain,Angle,no,no,no,no,no,False
102648603,METROPOLITAN NASHVILLE POLICE DEPT,20200099050,Davidson,Goodlettsville,2/10/2020 5:02:00 PM,2,0,0,36.295050,-86.716890,I 65,,,,0.00,,,,,,,94.70,N,Not at Intersection, ,,None,,,         ,Ryan,Allen,,,no,no,no,no,no,False
102648604,METROPOLITAN NASHVILLE POLICE DEPT,20200098910,Davidson,Nashville,2/10/2020 12:00:00 AM,2,0,0,36.174730,-86.614260,DODSON CHAPEL RD,,,,0.00,Feet,,CENTRAL PKE,,,,0.00,Y,Four-Way, ,Intersection-Related,None,,,         ,Adam,Gartner,Rain,Front to Rear,no,no,no,no,yes,False
102648605,METROPOLITAN NASHVILLE POLICE DEPT,20200099021,Davidson,Nashville,2/10/2020 4:45:00 PM,2,1,0,36.223890,-86.694050,BRILEY PKWYN,,,,252.00,Feet,East,BRILEY PKWYS,,,,0.00,N,Not at Intersection,N,Non-Junction,None,,,         ,Adam,Gartner,Rain,"Sideswipe, Same Direction",no,no,no,no,no,False
102648606,METROPOLITAN NASHVILLE POLICE DEPT,20200098979,Davidson,Nashville,2/10/2020 4:29:00 PM,2,0,0,36.109870,-86.755390,SIDCO DR,,,,102.00,Feet,North,FONTANA DR,,,,0.00,N,Not at Intersection,N,Non-Junction,None,,,         ,Sekou,Samassi,Rain,Angle,no,no,no,no,no,False
102648607,VANDERBILT UNIVERSITY POLICE,200098556,Davidson,Nashville,2/10/2020 12:00:00 AM,2,0,0,36.144430,-86.796760,EDGEHILL AV,,,,351.00,Feet,East,19TH AVS,,,,0.00,N,Not at Intersection, ,Non-Junction,None,,,         ,Alan,Reed,Rain,Rear to Rear,no,no,no,yes,no,Campus
102648608,METROPOLITAN NASHVILLE POLICE DEPT,20200098957,Davidson,Nashville,2/10/2020 4:16:00 PM,3,0,0,36.153370,-86.793880,BROADWAY,,,,60.00,Feet,North,17TH AVS,,,,0.00,N,Not at Intersection, ,,None,,,         ,FELIKS,ABRAHAMYAN,,,no,no,no,no,no,False
102648611,METROPOLITAN NASHVILLE POLICE DEPT,20200098974,Davidson,Nashville,2/10/2020 4:26:00 PM,2,0,0,36.146330,-86.809670,WEST END AV,,,,0.00,,,NATCHEZ TRC,,,,0.00,Y,Four-Way, ,Intersection-Related,None,,,         ,Benny,Pittman,Rain,"Sideswipe, Same Direction",no,no,no,no,no,Campus
102648612,METROPOLITAN NASHVILLE POLICE DEPT,20200098965,Davidson,Nashville,2/10/2020 4:27:00 PM,2,0,0,36.043610,-86.640650,BABY RUTH LN,,,,119.00,Feet,North,MT VIEW RD,,,,0.00,N,Not at Intersection,N,Non-Junction,None,,,         ,Edward,Starke,Rain,"Sideswipe, Opposite Direction",no,no,no,no,yes,False
102648615,METROPOLITAN NASHVILLE POLICE DEPT,20200099018,Davidson,Nashville,2/10/2020 4:48:00 PM,2,0,0,36.152900,-86.842250,46TH AVN,,,,146.00,Feet,South,I40 E ENT RAMP,,,,0.00,N,Not at Intersection, ,Non-Junction,None,,,         ,Je-Marc,Sears,Rain,Angle,no,no,no,no,no,False
102648619,METROPOLITAN NASHVILLE POLICE DEPT,20200099106,Davidson,Nashville,2/10/2020 4:40:00 PM,2,0,0,36.178760,-86.605150,I40 E EXT RAMP,,,,0.00,,,OLD HICKORY BLVD,,,,0.00,Y,OTHER, ,,None,,,         ,Tyler,Hall,,,no,no,no,no,no,False
102648626,METROPOLITAN NASHVILLE POLICE DEPT,20200099107,Davidson,Nashville,2/10/2020 5:15:00 PM,2,0,0,36.136290,-86.876730,FLEETWOOD DR,,,,39.00,Feet,North,HILLWOOD BLVD,,,,0.00,N,Not at Intersection, ,Non-Junction,None,,,         ,Jared,Dick,Clear,Front to Rear,no,no,no,no,no,False
102648634,METROPOLITAN NASHVILLE POLICE DEPT,20200099046,Davidson,Nashville,2/10/2020 5:08:00 PM,3,0,0,36.131590,-86.726920,I24E,,,,478.00,Feet,North,I24 W ENT RAMP,,,,0.00,N,Not at Intersection,N,Non-Junction,None,,,         ,Joel,Bennett,Rain,Front to Rear,no,no,no,no,no,False
102648638,METROPOLITAN NASHVILLE POLICE DEPT,20200099044,Davidson,Nashville,2/10/2020 2:31:00 PM,2,1,0,36.182500,-86.797660,US HWY 41 ALT,,,,0.00,,,-- UNKNOWN RAMP/ROAD --,,,,0.00,Y,Y-Intersection,N,Entrance/Exit Ramp Related,None,,,         ,Gabriel,Centeno,Rain,Front to Rear,no,no,no,no,no,False
102648640,METROPOLITAN NASHVILLE POLICE DEPT,20200099043,Davidson,Nashville,2/10/2020 4:41:00 PM,2,0,0,36.133350,-86.828670,WEST END AV,,,,500.00,Feet,West,CRAIGHEAD AV,,,,0.00,N,Not at Intersection, ,,None,,,         ,Justin,Coyle,,,no,no,no,no,no,False
102648641,METROPOLITAN NASHVILLE POLICE DEPT,20200098893,Davidson,Nashville,2/10/2020 4:02:00 PM,2,0,0,36.142550,-86.681220,I 40,,,,0.00,,,,,,,215.80,N,Not at Intersection, ,Entrance/Exit Ramp Related,None,,,         ,Michael,Fox,Rain,"Sideswipe, Same Direction",no,no,no,no,no,False