master_record_number,agency,agency_tracking_number,county,city,collision_date,vehicles_involved,number_injured,number_dead,latitude,longitude,roadway_name,roadway_suffix,roadway_number,roadway_local_id,distance_from_reference,miles-feet_indicator,direction_from_reference,intersection_road_name,intersection_road_name_suffix,intersection_road_number,intersection_local_id,mile_marker,intersection_indicator,intersect_type,interchange_related_indicator,relation_to_junction,work_zone_type,construction_maintenance_zone,construction_maintenance_zone_location,fatal_case_number,officer_first_name,officer_last_name,weather_condition(s),manner_of_crash,pedestrian,bicycle,scooter,parking,hitrun,mou
102649128,METROPOLITAN NASHVILLE POLICE DEPT,20200100806,Davidson,Nashville,2/11/2020 11:28:00 AM,2,0,0,36.153400,-86.800840,20TH AVN,,,,0.00,,,CHURCH ST,,,,0.00,Y,Four-Way,N,Intersection,None,,,         ,Nathan,Kemp,Clear,Angle,no,no,no,no,no,Campus
102649134,METROPOLITAN NASHVILLE POLICE DEPT,20200100819,Davidson,Nashville,2/11/2020 11:30:00 AM,2,0,0,36.132500,-86.779250,8TH AVS,,,,0.00,,,BENTON AV,,,,0.00,Y,T-Intersection, ,,None,,,         ,Jackson,Smythe,,,no,no,no,no,no,False
102649136,METROPOLITAN NASHVILLE POLICE DEPT,20200100714,Davidson,Nashville,2/11/2020 10:34:00 AM,2,0,0,36.153460,-86.756910,I 40,,,,0.00,,,,,,,211.15,N,Not at Intersection,N,Non-Junction,None,,,         ,Michael,Dance,Clear,"Sideswipe, Same Direction",no,no,no,no,yes,False
102649147,METROPOLITAN NASHVILLE POLICE DEPT,20200100356,Davidson,Nashville,2/11/2020 7:22:00 AM,2,0,0,36.255230,-86.831490,CHERRY GROVE LN,,,,414.00,Feet,West,WHITES CREEK PKE,,,,0.00,N,Not at Intersection,N,Non-Junction,None,,,         ,Jedidayah,Merriweather,Rain,Front to Rear,no,no,no,no,yes,False
102649148,METROPOLITAN NASHVILLE POLICE DEPT,20200100662,Davidson,Nashville,2/11/2020 9:48:00 AM,2,0,0,36.191620,-86.777300,I65 S ENT RAMP,,,,0.00,Feet,East,I 24,,,,0.00,N,Not at Intersection, ,Non-Junction,None,,,         ,Jedidayah,Merriweather,Cloudy,Front to Rear,no,no,no,no,no,False
102649149,METROPOLITAN NASHVILLE POLICE DEPT,20200100717,Davidson,Nashville,2/11/2020 9:32:00 AM,2,0,0,36.194870,-86.776160,I 65,,,,0.00,,,,,,,86.50,N,Not at Intersection,N,Non-Junction,None,,,         ,Jedidayah,Merriweather,Cloudy,Front to Rear,no,no,no,no,yes,False
102649166,METROPOLITAN NASHVILLE POLICE DEPT,20200100876,Davidson,Nashville,2/11/2020 11:48:00 AM,3,0,0,36.166060,-86.855490,CENTENNIAL BLVD,,,,122.00,Feet,East,56TH AVN,,,,0.00,N,Not at Intersection, ,Non-Junction,None,,,         ,Curtis,Rich,Cloudy,Angle,no,no,no,no,no,False
102649169,METROPOLITAN NASHVILLE POLICE DEPT,2020-0098197,Davidson,Nashville,2/10/2020 9:46:00 AM,2,1,0,36.039950,-86.765170,OLD HICKORY BLVD,,,,64.00,Feet,East,HEARTHSTONE MANOR LN,,,,0.00,N,Not at Intersection,N,Non-Junction,None,,,         ,Sean,Williams,Rain,Front to Rear,no,no,no,no,no,False
102649170,METROPOLITAN NASHVILLE POLICE DEPT,2020-0098324,Davidson,Nashville,2/10/2020 10:32:00 AM,1,1,0,36.069640,-86.770230,I 65,,,,0.00,,,,,,,76.90,N,Not at Intersection,N,Non-Junction,None,,,         ,Sean,Williams,Rain,Not Collision with Motor Vehicle in Transport,no,no,no,no,no,False
102649173,METROPOLITAN NASHVILLE POLICE DEPT,20200100528,Davidson,Nashville,2/11/2020 8:53:00 AM,1,1,0,36.200670,-86.756240,CHICKASAW AV,,,,603.00,Feet,West,MONTGOMERY AV,,,,0.00,N,Not at Intersection,N,Non-Junction,None,,,         ,Torrance,Bennett,Cloudy,Not Collision with Motor Vehicle in Transport,no,no,no,no,yes,False
102649184,METROPOLITAN NASHVILLE POLICE DEPT,20200100778,Davidson,Nashville,2/11/2020 10:51:00 AM,2,0,0,36.214610,-86.604660,LEBANON PKE,,,,0.00,Feet,,SHUTE LN,,,,0.00,Y,T-Intersection, ,Intersection,None,,,         ,MIchael,Mihajlov,Cloudy,Front to Rear,no,no,no,no,no,False
102649186,METROPOLITAN NASHVILLE POLICE DEPT,20200100809,Davidson,Madison,2/11/2020 11:25:00 AM,3,0,0,36.257080,-86.714040,GALLATIN PKES,,,,67.00,Feet,South,HARRINGTON AV,,,,0.00,N,Not at Intersection,N,Non-Junction,None,,,         ,Brian,Otto,Cloudy,Front to Rear,no,no,no,no,no,False
102649200,METROPOLITAN NASHVILLE POLICE DEPT,20200100576,Davidson,Nashville,2/11/2020 9:06:00 AM,2,0,0,36.062330,-86.904560,STATE HWY 100,,,,17.00,Feet,East,STATE HWY 254,,,,0.00,N,Not at Intersection, ,Non-Junction,None,,,         ,Brandon,O'Guin,Cloudy,Angle,no,no,no,no,no,False
102649202,METROPOLITAN NASHVILLE POLICE DEPT,20200100895,Davidson,Nashville,2/11/2020 12:18:00 PM,1,0,0,36.198940,-86.776100,I 65,,,,0.00,,,,,,,86.80,N,Not at Intersection,N,Non-Junction,None,,,         ,Sarah,Cartwright,Cloudy,Not Collision with Motor Vehicle in Transport,no,no,no,no,no,False
102649286,METROPOLITAN NASHVILLE POLICE DEPT,20200101076,Davidson,Nashville,2/11/2020 1:45:00 PM,2,0,0,36.176870,-86.793850,TAYLOR ST,,,,0.00,Feet,East,ROSA L PARKS BLVD,,,,0.00,N,Not at Intersection, ,Non-Junction,None,,,         ,Brian,Mclarty,Cloudy,Front to Rear,no,no,no,no,no,False
102649288,METROPOLITAN NASHVILLE POLICE DEPT,20200100984,Davidson,Nashville,2/11/2020 1:08:00 PM,2,1,0,36.161300,-86.784520,9TH AVN,,,,0.00,,,CHURCH ST,,,,0.00,Y,Four-Way, ,Intersection,None,,,         ,Cory,West,Clear,"Sideswipe, Same Direction",no,no,no,no,no,False
102649289,METROPOLITAN NASHVILLE POLICE DEPT,20200101083,Davidson,Nashville,2/11/2020 1:18:00 PM,2,0,0,36.153300,-86.772180,4TH AVS,,,,0.00,,,ELM ST,,,,0.00,Y,OTHER, ,,None,,,         ,Johnathan,Carlisle,,,no,no,no,yes,no,False
102649290,METROPOLITAN NASHVILLE POLICE DEPT,20200100966,Davidson,Nashville,2/11/2020 12:52:00 PM,2,0,0,36.269090,-86.754950,OLD HICKORY BLVDW,,,,239.00,Feet,East,DICKERSON PKE,,,,0.00,N,Not at Intersection,N,Non-Junction,None,,,         ,Broderick,Jones,Clear,Angle,no,no,no,no,yes,False
102649294,METROPOLITAN NASHVILLE POLICE DEPT,20200101021,Davidson,Nashville,2/11/2020 1:18:00 PM,2,1,0,36.182690,-86.748800,STRATTON AV,,,,11.00,Feet,East,GALLATIN AV,,,,0.00,N,Not at Intersection,N,Non-Junction,None,,,         ,Michael,Agee,Cloudy,Angle,no,no,no,no,no,False
102649295,METROPOLITAN NASHVILLE POLICE DEPT,20200101112,Davidson,Nashville,2/11/2020 2:05:00 PM,2,0,0,36.244580,-86.722420,GALLATIN PKES,,,,21.00,Feet,North,LAKEWOOD DR,,,,0.00,N,Not at Intersection, ,,None,,,         ,Brian,Otto,,,no,no,no,no,no,False
102649305,VANDERBILT UNIVERSITY POLICE,20200100908,Davidson,Nashville,2/11/2020 12:15:00 PM,2,0,0,36.140840,-86.801480,DIXIE PL,,,,0.00,,,MEDICAL CENTER DR,,,,0.00,Y,OTHER,N,Non-Junction,None,,,         ,Edwin,Melgar,Clear,Front to Rear,no,no,no,no,no,Campus
102649323,METROPOLITAN NASHVILLE POLICE DEPT,20200101132,Davidson,Nashville,2/11/2020 2:22:00 PM,2,1,0,36.080340,-86.718450,HARDING PL,,,,155.00,Feet,West,RECOVERY RD,,,,0.00,N,Not at Intersection,N,Non-Junction,None,,,         ,Luis,Pena,Clear,Front to Rear,no,no,no,no,no,False
102649327,METROPOLITAN NASHVILLE POLICE DEPT,20200101142,Davidson,Nashville,2/11/2020 2:33:00 PM,3,2,0,36.154530,-86.788360,I 40,,,,0.00,,,,,,,209.25,N,Not at Intersection,N,Non-Junction,None,,,         ,Nathan,Kemp,Clear,Front to Rear,no,no,no,no,no,False
102649331,METROPOLITAN NASHVILLE POLICE DEPT,20200100880,Davidson,Nashville,2/11/2020 12:00:00 PM,2,1,0,36.140460,-86.757640,FACTORY ST,,,,0.00,,,CREEK ST,,,,0.00,Y,T-Intersection,N,Intersection,None,,,         ,Todd,Watson,Cloudy,Angle,no,no,no,no,no,False
102649333,METROPOLITAN NASHVILLE POLICE DEPT,20200101059,Davidson,Nashville,2/11/2020 1:46:00 PM,3,0,0,36.095690,-86.707920,I 24,,,,0.00,,,,,,,54.90,N,Not at Intersection, ,,None,,,         ,Patrick,Martin,,,no,no,no,no,no,False
102649340,METROPOLITAN NASHVILLE POLICE DEPT,20200100807,Davidson,Nashville,2/11/2020 11:27:00 AM,3,1,0,36.198160,-86.775930,I 65,,,,0.00,,,,,,,86.75,N,Not at Intersection,N,Non-Junction,None,,,         ,Sarah,Cartwright,Cloudy,"Sideswipe, Same Direction",no,no,no,no,no,False
102649344,METROPOLITAN NASHVILLE POLICE DEPT,20200100982,Davidson,Nashville,2/11/2020 12:50:00 PM,4,1,0,36.150300,-86.794460,18TH AVS,,,,14.00,Feet,North,ROY ACUFF PL,,,,0.00,N,Not at Intersection,N,Non-Junction,None,,,         ,Michelle,Norris,Cloudy,Angle,no,no,no,no,no,False
102649346,METROPOLITAN NASHVILLE POLICE DEPT,20200101147,Davidson,Nashville,2/11/2020 2:37:00 PM,2,0,0,36.148560,-86.764800,1ST AVS,,,,365.00,Feet,North,MILDRED SHUTE AV,,,,0.00,N,Not at Intersection, ,Non-Junction,None,,,         ,Teresah,Pinho,Clear,"Sideswipe, Same Direction",no,no,no,no,no,False
102649348,METROPOLITAN NASHVILLE POLICE DEPT,20200101217,Davidson,Nashville,2/11/2020 3:05:00 PM,2,0,0,36.145300,-86.744000,FESSLERS LN,,,,233.00,Feet,North,ELM HILL PKE,,,,0.00,N,Not at Intersection, ,Non-Junction,None,,,         ,Jason,Milyaro Lucas,Cloudy,Front to Rear,no,no,no,no,no,False
102649359,METROPOLITAN NASHVILLE POLICE DEPT,20200101167,Davidson,Not in City Limit,2/11/2020 2:45:00 PM,1,0,0,36.078540,-86.950810,HIGHWAY 70S,,,,0.00,,,BELLEVUE CTR PVTDR,,,,0.00,Y,Four-Way, ,,None,,,         ,Matthew,Mrowiec,,,no,no,no,no,no,False
102649363,METROPOLITAN NASHVILLE POLICE DEPT,20200094845,Davidson,Nashville,2/8/2020 6:47:00 PM,4,1,0,36.243310,-86.756710,DICKERSON PKE,,,,217.00,Feet,South,SKYLINE MEMORIAL CT,,,,0.00,N,Not at Intersection,N,Non-Junction,None,,,         ,Jarret,Sonnenberg,Clear,"Sideswipe, Same Direction",no,no,no,no,no,False
102649366,METROPOLITAN NASHVILLE POLICE DEPT,20200101267,Davidson,Nashville,2/11/2020 3:30:00 PM,2,0,0,36.148340,-86.822280,I 440,,,,0.00,,,,,,,1.35,N,Not at Intersection,N,Non-Junction,Construction Zone,Work On Shoulder Or Median,Transition Area,         ,Goran,Manojlovic,Clear,"Sideswipe, Same Direction",no,no,no,no,yes,False
102649392,METROPOLITAN NASHVILLE POLICE DEPT,20200101252,Davidson,Nashville,2/11/2020 3:14:00 PM,2,0,0,36.141520,-86.670920,I 40,,,,0.00,,,,,,,215.00,N,Not at Intersection,N,Non-Junction,None,,,         ,Edward,Starke,Clear,Front to Rear,no,no,no,no,yes,False
102649405,METROPOLITAN NASHVILLE POLICE DEPT,20200101133,Davidson,Nashville,2/11/2020 2:24:00 PM,3,0,0,36.060730,-86.916150,HIGHWAY 100,,,,0.00,,,OLD HICKORY BLVD,,,,0.00,Y,T-Intersection, ,Intersection,None,,,         ,Brandon,O'Guin,Cloudy,Angle,no,no,no,no,no,False
102649407,VANDERBILT UNIVERSITY POLICE,20200101066,Davidson,Nashville,2/11/2020 1:40:00 PM,2,0,0,36.141870,-86.800160,21ST AVS,,,,335.00,Feet,South,MEDICAL CENTER DR,,,,0.00,N,Not at Intersection,N,Non-Junction,None,,,         ,Shaneithia,Lewis,Clear,Angle,no,no,no,no,no,Campus
102649409,METROPOLITAN NASHVILLE POLICE DEPT,20200101373,Davidson,Nashville,2/11/2020 4:00:00 PM,2,0,0,36.157330,-86.635150,STEWARTS FERRY PKE,,,,225.00,Feet,East,MCCRORY CREEK RD,,,,0.00,N,Not at Intersection,N,Non-Junction,None,,,         ,Adam,Warren,Cloudy,"Sideswipe, Opposite Direction",no,no,no,yes,yes,False
102649411,METROPOLITAN NASHVILLE POLICE DEPT,20200101355,Davidson,Nashville,2/11/2020 3:39:00 PM,2,0,0,36.051000,-86.669010,I 24,,,,0.00,,,,,,,58.75,N,Not at Intersection, ,,None,,,         ,Edward,Starke,,,no,no,no,no,no,False
102649415,METROPOLITAN NASHVILLE POLICE DEPT,20200101331,Davidson,Nashville,2/11/2020 3:30:00 PM,2,0,0,36.142160,-86.815180,31ST AVS,,,,182.00,Feet,South,31ST AVN,,,,0.00,N,Not at Intersection,N,Non-Junction,None,,,         ,Benny,Pittman,Cloudy,"Sideswipe, Same Direction",no,no,no,no,no,Campus
102649419,METROPOLITAN NASHVILLE POLICE DEPT,20200101414,Davidson,Nashville,2/11/2020 4:31:00 PM,2,0,0,36.087270,-86.730620,NOLENSVILLE PKE,,,,186.00,Feet,North,ELYSIAN FIELDS CT,,,,0.00,N,Not at Intersection,N,Non-Junction,None,,,         ,Brady,Reynolds,Cloudy,Front to Rear,no,no,no,no,yes,False
102649420,METROPOLITAN NASHVILLE POLICE DEPT,20200101405,Davidson,Nashville,2/11/2020 4:00:00 PM,2,0,0,36.147350,-86.785730,SOUTH ST,,,,0.00,,,12TH AVS,,,,0.00,Y,Four-Way, ,Intersection,None,,,         ,Conor,Cronin,Cloudy,Front to Rear,no,no,no,no,no,False
102649425,METROPOLITAN NASHVILLE POLICE DEPT,20200101456,Davidson,Nashville,2/11/2020 4:09:00 PM,3,0,0,36.115770,-86.866090,DAVIDSON RD,,,,633.00,Feet,North,CLOSE LN,,,,0.00,N,Not at Intersection,N,Non-Junction,None,,,         ,Brandon,Pedigo,Cloudy,Front to Rear,no,no,no,no,yes,False
102649432,BELLE MEADE POLICE DEPT,20-0032,Davidson,Belle Meade,2/11/2020 4:10:00 PM,2,0,0,36.119600,-86.854940,BELLE MEADE BLVD,,,,0.00,,,HARDING PKE,,,,0.00,Y,T-Intersection, ,Intersection-Related,None,,,         ,David,Wright,Cloudy,Front to Rear,no,no,no,no,no,False
102649440,METROPOLITAN NASHVILLE POLICE DEPT,20200101357,Davidson,Nashville,2/11/2020 4:08:00 PM,2,0,0,36.232470,-86.758760,DICKERSON PKE,,,,245.00,Feet,South,MAPLEWOOD TRC,,,,0.00,N,Not at Intersection, ,Non-Junction,None,,,         ,Cressie,Prill,Cloudy,Front to Rear,no,no,no,no,no,False
102649441,METROPOLITAN NASHVILLE POLICE DEPT,20200101291,Davidson,Not in City Limit,2/11/2020 3:19:00 PM,2,0,0,36.268890,-86.755890,DICKERSON PKE,,,,141.00,Feet,South,OLD HICKORY BLVD,,,,0.00,N,Not at Intersection,N,Non-Junction,None,,,         ,Christopher,Littles,Cloudy,Angle,no,no,no,no,no,False
102649442,METROPOLITAN NASHVILLE POLICE DEPT,20200101353,Davidson,Goodlettsville,2/11/2020 4:05:00 PM,2,1,0,36.289800,-86.723470,I 65,,,,0.00,,,,,,,94.20,N,Not at Intersection, ,Non-Junction,None,,,         ,Christopher,Littles,Cloudy,Front to Rear,no,no,no,no,no,False
102649443,METROPOLITAN NASHVILLE POLICE DEPT,20200101512,Davidson,Not in City Limit,2/11/2020 4:38:00 PM,3,0,0,36.283390,-86.706960,EDGEMEADE BLVD,,,,0.00,,,GALLATIN PKEN,,,,0.00,Y,Four-Way,N,Intersection,None,,,         ,Christopher,Littles,Cloudy,Angle,no,no,no,no,no,False
102649455,METROPOLITAN NASHVILLE POLICE DEPT,20200101601,Davidson,Nashville,2/11/2020 5:46:00 PM,2,0,0,36.167010,-86.763730,SHELBY AV,,,,0.00,,,S 4TH ST,,,,0.00,Y,Four-Way,N,Intersection,None,,,         ,Randy,Puckett,Clear,Angle,no,no,no,no,yes,False
102649456,BERRY HILL POLICE DEPT,20-0572,Davidson,Berry Hill,2/11/2020 12:00:00 AM,2,0,0,36.112230,-86.766040,THOMPSON LN,,,,291.00,Feet,East,BRANSFORD AV,,,,0.00,N,Not at Intersection,N,Non-Junction,None,,,         ,John,Gleixner,Cloudy,Front to Rear,no,no,no,no,no,False
102649459,METROPOLITAN NASHVILLE POLICE DEPT,20200101447,Davidson,Nashville,2/11/2020 3:55:00 PM,2,0,0,36.153930,-86.762640,I 40,,,,0.00,,,,,,,210.85,N,Not at Intersection, ,Non-Junction,None,,,         ,Derek,Sibley,Rain,Front to Rear,no,no,no,no,no,False
102649493,METROPOLITAN NASHVILLE POLICE DEPT,20200101606,Davidson,Not in City Limit,2/11/2020 5:46:00 PM,1,0,0,36.076740,-86.926090,HICKS RD,,,,397.00,Feet,North,DEER LAKE DR,,,,0.00,N,Not at Intersection,N,Non-Junction,None,,,         ,Matthew,Mrowiec,Clear,Not Collision with Motor Vehicle in Transport,no,no,no,no,yes,False
102649495,VANDERBILT UNIVERSITY POLICE,20200101545,Davidson,Nashville,2/11/2020 12:00:00 AM,2,0,0,36.144020,-86.813560,29TH AVS,,,,55.00,Feet,South,WEST END AV,,,,0.00,N,Not at Intersection,N,Non-Junction,None,,,         ,Alan,Reed,Cloudy,"Sideswipe, Same Direction",no,no,no,yes,yes,Campus
102649502,METROPOLITAN NASHVILLE POLICE DEPT,20200101701,Davidson,Nashville,2/11/2020 6:30:00 PM,2,0,0,36.088260,-86.709310,ATKINS DR,,,,421.00,Feet,West,DONNA KAY DR,,,,0.00,N,Not at Intersection,N,Non-Junction,None,,,         ,Edward,Starke,Clear,Unknown,no,no,no,no,yes,False
102649507,METROPOLITAN NASHVILLE POLICE DEPT,20200101611,Davidson,Nashville,2/11/2020 5:45:00 PM,2,1,0,36.162740,-86.761240,I 24,,,,0.00,,,,,,,49.30,N,Not at Intersection,N,Non-Junction,None,,,         ,Jeremy,Smith,Rain,Front to Rear,no,no,no,no,no,False
102649509,METROPOLITAN NASHVILLE POLICE DEPT,20200101759,Davidson,Nashville,2/11/2020 5:00:00 PM,2,0,0,36.172330,-86.601850,OLD HICKORY BLVD,,,,120.00,Feet,South,PRINCETON PL,,,,0.00,N,Not at Intersection, ,,None,,,         ,Heather,Fox,,,no,no,no,no,no,False
102649514,METROPOLITAN NASHVILLE POLICE DEPT,20200101314,Davidson,Nashville,2/11/2020 3:35:00 PM,1,0,0,36.194520,-86.609860,WEBER RD,,,,752.00,Feet,South,ANDREW JACKSON PKWY,,,,0.00,N,Not at Intersection,N,Non-Junction,None,,,         ,Shawn,Kaelin,Cloudy,Not Collision with Motor Vehicle in Transport,no,no,no,no,no,False
102649522,METROPOLITAN NASHVILLE POLICE DEPT,20200101509,Davidson,Nashville,2/11/2020 5:07:00 PM,2,0,0,36.172130,-86.795970,JEFFERSON ST,,,,0.00,Feet,,WARREN ST,,,,0.00,Y,T-Intersection,N,Intersection,None,,,         ,Brian,Woodard,Cloudy,"Sideswipe, Opposite Direction",no,no,no,no,yes,False
102649537,METROPOLITAN NASHVILLE POLICE DEPT,20200101669,Davidson,Nashville,2/11/2020 6:00:00 PM,2,0,0,36.137400,-86.805100,24TH AVS,,,,130.00,Feet,North,BELCOURT AV,,,,0.00,N,Not at Intersection,N,Non-Junction,None,,,         ,Benny,Pittman,Clear,"Sideswipe, Same Direction",no,no,no,no,no,Campus
102649551,VANDERBILT UNIVERSITY POLICE,20200101393,Davidson,Nashville,2/11/2020 12:00:00 AM,2,0,0,36.144770,-86.811550,28TH AVS,,,,215.00,Feet,South,WEST END AV,,,,0.00,N,Not at Intersection, ,Non-Junction,None,,,         ,Alan,Reed,Cloudy,Front to Rear,no,no,no,no,no,Campus
102649576,METROPOLITAN NASHVILLE POLICE DEPT,20200101629,Davidson,Nashville,2/11/2020 5:56:00 PM,2,0,0,36.097620,-86.763260,I 65,,,,0.00,,,,,,,78.90,N,Not at Intersection, ,Non-Junction,None,,,         ,Douglas,Sykes,Clear,"Sideswipe, Same Direction",no,no,no,no,no,False
102649578,METROPOLITAN NASHVILLE POLICE DEPT,20200101935,Davidson,Not in City Limit,2/11/2020 8:33:00 PM,2,0,0,36.272120,-86.689560,ANDERSON LN,,,,0.00,,,MYATT DR,,,,0.00,Y,Four-Way, ,Intersection,None,,,         ,Christopher,Littles,Cloudy,"Sideswipe, Same Direction",no,no,no,no,no,False
102649579,METROPOLITAN NASHVILLE POLICE DEPT,20200101896,Davidson,Nashville,2/11/2020 7:39:00 PM,2,0,0,36.159680,-86.853730,KENTUCKY AV,,,,158.00,Feet,East,55TH AVN,,,,0.00,N,Not at Intersection, ,Non-Junction,None,,,         ,Andrew,Mullen,Clear,"Sideswipe, Opposite Direction",no,no,no,no,no,False
102649582,METROPOLITAN NASHVILLE POLICE DEPT,20200101838,Davidson,Nashville,2/11/2020 7:37:00 PM,2,1,0,36.161200,-86.792650,US HWY 70,,,,0.00,,,CHARLOTTE AVE,,,,0.00,Y,Four-Way,Y,Intersection,None,,,         ,Joseph,Bingham,Clear,Angle,no,no,no,no,no,False
102649584,METROPOLITAN NASHVILLE POLICE DEPT,20200101864,Davidson,Nashville,2/11/2020 7:52:00 PM,1,0,0,36.235050,-86.831420,CLARKSVILLE PKE,,,,271.00,Feet,South,ECHO LN,,,,0.00,N,Not at Intersection,N,Non-Junction,None,,,         ,Jerica,Gladston,Clear,Not Collision with Motor Vehicle in Transport,no,no,no,no,no,False
102649590,METROPOLITAN NASHVILLE POLICE DEPT,20200101811,Davidson,Nashville,2/11/2020 7:13:00 PM,2,1,0,36.172840,-86.765340,JAMES ROBERTSON PKWY,,,,0.00,,,SPRING ST,,,,0.00,Y,Four-Way, ,Intersection,None,,,         ,Tyler,Manivong,,Front to Rear,no,no,no,no,no,False
102649592,METROPOLITAN NASHVILLE POLICE DEPT,20200101797,Davidson,Nashville,2/11/2020 7:15:00 PM,2,0,0,36.081590,-86.726950,NOLENSVILLE PKE,,,,381.00,Feet,South,WELSHWOOD DR,,,,0.00,N,Not at Intersection,N,Non-Junction,None,,,         ,Joel,Bennett,Clear,Angle,no,no,no,no,yes,False
102649599,GOODLETTSVILLE POLICE DEPT,20-05206,Davidson,Goodlettsville,2/11/2020 6:45:00 PM,2,0,0,36.307620,-86.693820,VIETNAM VETERANS BLVDN,,,,86.00,Feet,South,VIETNAM VETERANS BLVDS,,,,0.00,N,Not at Intersection,N,Non-Junction,None,,,         ,Kenneth,Parks,Clear,Front to Rear,no,no,no,no,no,False
102649610,METROPOLITAN NASHVILLE POLICE DEPT,20200101752,Davidson,Nashville,2/11/2020 6:52:00 PM,2,2,0,36.186180,-86.818420,CLARKSVILLE PIKE,,,,124.00,Feet,East,26TH AVE N,,,,0.00,N,Not at Intersection,N,Non-Junction,None,,,         ,Fabjan,Llukaj,Clear,Angle,no,no,no,no,no,False
102649629,METROPOLITAN NASHVILLE POLICE DEPT,20200101831,Davidson,Nashville,2/11/2020 6:48:00 PM,1,0,0,36.052910,-86.727090,HILSON RD,,,,643.00,Feet,North,HUNTINGTON RIDGE DR,,,,0.00,N,Not at Intersection,N,Non-Junction,None,,,         ,Brandon,Hughes,Cloudy,Not Collision with Motor Vehicle in Transport,no,no,no,no,no,False
102649631,METROPOLITAN NASHVILLE POLICE DEPT,20200101910,Davidson,Nashville,2/11/2020 5:15:00 PM,2,0,0,36.157110,-86.803620,CHARLOTTE AV,,,,2.00,Feet,West,20TH AVN,,,,0.00,N,Not at Intersection, ,Non-Junction,None,,,         ,Brian,Warstadt,Clear,"Sideswipe, Same Direction",no,no,no,no,no,False
102649632,METROPOLITAN NASHVILLE POLICE DEPT,20200101890,Davidson,Nashville,2/11/2020 8:10:00 PM,1,0,0,36.096610,-86.730140,HEWLETT CT,,,,39.00,Feet,North,HEWLETT DR,,,,0.00,N,Not at Intersection,N,Non-Junction,None,,,         ,Adam,Gartner,Clear,Not Collision with Motor Vehicle in Transport,no,no,no,no,yes,False
102649633,METROPOLITAN NASHVILLE POLICE DEPT,20200101833,Davidson,Nashville,2/11/2020 6:00:00 PM,2,0,0,36.040420,-86.780230,OLD HICKORY BLVD,,,,184.00,Feet,East,I65 N ENT RAMP,,,,0.00,N,Not at Intersection,N,Non-Junction,None,,,         ,Nicholas,Carroll,Clear,Front to Rear,no,no,no,no,yes,False
102649640,METROPOLITAN NASHVILLE POLICE DEPT,2020-0101992,Davidson,Nashville,2/11/2020 9:00:00 PM,2,0,0,36.240100,-86.739260,ELLINGTON PKWYS,,,,545.00,Feet,East,ELLINGTON PKWY S ENT RAMP,,,,0.00,N,Not at Intersection,N,Non-Junction,None,,,         ,Arthur,Hipp,Cloudy,"Sideswipe, Opposite Direction",no,no,no,no,yes,False
102649689,METROPOLITAN NASHVILLE POLICE DEPT,20200102194,Davidson,Nashville,2/11/2020 12:00:00 AM,2,0,0,36.164450,-86.763110,I 24,,,,0.00,,,,,,,49.10,N,Not at Intersection,N,Non-Junction,None,,,         ,Jacob,Dick,Clear,"Sideswipe, Same Direction",no,no,no,no,yes,False
102649699,METROPOLITAN NASHVILLE POLICE DEPT,20200102217,Davidson,Nashville,2/11/2020 8:15:00 PM,1,0,0,36.220260,-86.824960,KINGS LN,,,,51.00,Feet,West,MEADOW HILL DR,,,,0.00,N,Not at Intersection,N,Non-Junction,None,,,         ,Abigail,Malone,Clear,Not Collision with Motor Vehicle in Transport,no,no,no,no,no,False
102649701,METROPOLITAN NASHVILLE POLICE DEPT,20200102267,Davidson,Not in City Limit,2/11/2020 11:24:00 PM,2,0,0,36.090030,-86.560880,HOBSON PKE,,,,0.54,Miles,South,WALKER RD,,,,0.00,N,Not at Intersection,N,Non-Junction,None,,,         ,Luke,Steigerwalt,Clear,HeadOn,no,no,no,no,no,False
102649702,METROPOLITAN NASHVILLE POLICE DEPT,20200102352,Davidson,Nashville,2/11/2020 10:37:00 PM,1,0,0,36.191420,-86.799230,ROSA L PARKS BLVD,,,,170.00,Feet,North,VANTAGE WAY CT,,,,0.00,N,Not at Intersection,N,OtherLocation,None,,,         ,Erik,Schall,Clear,Not Collision with Motor Vehicle in Transport,no,no,no,yes,yes,False
102649708,METROPOLITAN NASHVILLE POLICE DEPT,20200102222,Davidson,Antioch,2/11/2020 11:12:00 PM,2,0,0,36.028350,-86.590470,MURFREESBORO PKE,,,,0.00,,,LAVERGNE COUCHVILLE PKE,,,,0.00,Y,T-Intersection, ,Intersection,None,,,         ,Nadine,Klemenz,Cloudy,Front to Rear,no,no,no,no,no,False
102649737,METROPOLITAN NASHVILLE POLICE DEPT,20200102619,Davidson,Nashville,2/12/2020 2:19:00 AM,1,0,0,36.192100,-86.779930,I65 S ENT RAMP,,,,0.00,Feet,East,I 65,,,,0.00,N,Not at Intersection,N,Entrance/Exit Ramp Related,None,,,         ,Erik,Schall,Rain,Not Collision with Motor Vehicle in Transport,no,no,no,no,no,False
102649745,METROPOLITAN NASHVILLE POLICE DEPT,20200102443,Davidson,Nashville,2/12/2020 12:30:00 AM,1,0,0,36.158590,-86.864010,BRILEY PKWYN,,,,154.00,Feet,West,BRILEY PKWY N ENT RAMP,,,,0.00,N,Not at Intersection,N,Non-Junction,None,,,         ,Maximillian,Goldberg,Clear,Not Collision with Motor Vehicle in Transport,no,no,no,no,no,False