master_record_number,agency,agency_tracking_number,county,city,collision_date,vehicles_involved,number_injured,number_dead,latitude,longitude,roadway_name,roadway_suffix,roadway_number,roadway_local_id,distance_from_reference,miles-feet_indicator,direction_from_reference,intersection_road_name,intersection_road_name_suffix,intersection_road_number,intersection_local_id,mile_marker,intersection_indicator,intersect_type,interchange_related_indicator,relation_to_junction,work_zone_type,construction_maintenance_zone,construction_maintenance_zone_location,fatal_case_number,officer_first_name,officer_last_name,weather_condition(s),manner_of_crash,pedestrian,bicycle,scooter,parking,hitrun,mou
102651454,METROPOLITAN NASHVILLE POLICE DEPT,20200107462,Davidson,Nashville,2/13/2020 10:43:00 PM,1,0,0,36.242060,-86.773270,MOOREWOOD DR,,,,50.00,Feet,South,MASONWOOD DR,,,,0.00,N,Not at Intersection,N,Non-Junction,None,,,         ,Derrick,Toney,Clear,Not Collision with Motor Vehicle in Transport,no,no,no,no,no,False
102651466,METROPOLITAN NASHVILLE POLICE DEPT,20200107584,Davidson,Nashville,2/13/2020 11:58:00 PM,2,0,0,36.049790,-86.703080,EULALA DR,,,,76.00,Feet,South,ASHLAWN DR,,,,0.00,N,Not at Intersection, ,Non-Junction,None,,,         ,Jose,Oliveros,Clear,Angle,no,no,no,no,yes,False
102651478,METROPOLITAN NASHVILLE POLICE DEPT,20200107390,Davidson,Nashville,2/13/2020 11:10:00 PM,2,0,0,36.194150,-86.775630,I 65,,,,0.00,,,,,,,86.45,N,Not at Intersection,N,Non-Junction,None,,,         ,Edward,Holden,Clear,"Sideswipe, Same Direction",no,no,no,no,no,False
102651506,METROPOLITAN NASHVILLE POLICE DEPT,20200107796,Davidson,Nashville,2/14/2020 12:00:00 AM,2,0,0,36.215580,-86.749950,BETHWOOD DR,,,,540.00,Feet,West,ELLINGTON PKWYS,,,,0.00,N,Not at Intersection,N,Non-Junction,None,,,         ,Ralph,Gault,Cloudy,Unknown,no,no,no,no,yes,False
102651517,METROPOLITAN NASHVILLE POLICE DEPT,20200107907,Davidson,Nashville,2/14/2020 5:14:00 AM,2,0,0,36.091120,-86.625570,BELL RD,,,,396.00,Feet,North,SMITH SPRINGS RD,,,,0.00,N,Not at Intersection, ,,None,,,         ,Samuel,Fredericks,,,no,no,no,no,no,False
102651528,METROPOLITAN NASHVILLE POLICE DEPT,20200107967,Davidson,Nashville,2/14/2020 6:00:00 AM,2,1,0,36.196030,-86.776100,I 65,,,,0.00,,,,,,,86.60,N,Not at Intersection,N,Non-Junction,None,,,         ,Malik,Burriss,Clear,Front to Rear,no,no,no,no,no,False
102651544,METROPOLITAN NASHVILLE POLICE DEPT,20200107991,Davidson,Not in City Limit,2/14/2020 6:20:00 AM,2,0,0,36.077000,-87.016340,I 40,,,,0.00,,,,,,,192.75,N,Not at Intersection,Y,Entrance/Exit Ramp Related,None,,,         ,Timothy,Edwards,Clear,"Sideswipe, Same Direction",no,no,no,no,yes,False
102651560,METROPOLITAN NASHVILLE POLICE DEPT,20200108040,Davidson,Nashville,2/14/2020 6:46:00 AM,2,1,0,36.086790,-86.694200,HARDING PL,,,,519.00,Feet,East,METROPLEX DR,,,,0.00,N,Not at Intersection,N,Non-Junction,None,,,         ,Brian,Sherman,Clear,Front to Rear,no,no,no,no,no,False
102651572,METROPOLITAN NASHVILLE POLICE DEPT,20200108115,Davidson,Nashville,2/14/2020 7:32:00 AM,2,0,0,36.149450,-86.747570,I 40,,,,0.00,,,,,,,211.75,N,Not at Intersection, ,Non-Junction,None,,,         ,Michael,Dance,Clear,"Sideswipe, Same Direction",no,no,no,no,no,False
102651575,METROPOLITAN NASHVILLE POLICE DEPT,20200108016,Davidson,Not in City Limit,2/14/2020 6:43:00 AM,1,1,0,36.006170,-86.640250,CANE RIDGE RD,,,,2513.00,Feet,North,OLD HICKORY BLVD,,,,0.00,N,Not at Intersection,N,Non-Junction,None,,,         ,Patrick,Martin,Cloudy,Not Collision with Motor Vehicle in Transport,no,no,no,no,no,False
102651578,METROPOLITAN NASHVILLE POLICE DEPT,20200108102,Davidson,Nashville,2/14/2020 7:12:00 AM,2,0,0,36.130570,-86.727610,I 24,,,,0.00,,,,,,,51.15,N,Not at Intersection, ,Non-Junction,None,,,         ,Ryan,Storm,Clear,Angle,no,no,no,no,no,False
102651580,METROPOLITAN NASHVILLE POLICE DEPT,20200108101,Davidson,Nashville,2/14/2020 7:15:00 AM,2,0,0,36.055030,-86.642440,THE OVERLOOK PVTDR,,,,14.00,Feet,West,BELL RD,,,,0.00,N,Not at Intersection, ,,None,,,         ,Gerald,Gomes,,,no,no,no,no,no,False
102651582,METROPOLITAN NASHVILLE POLICE DEPT,20200108195,Davidson,Nashville,2/14/2020 8:10:00 AM,2,0,0,36.142060,-86.742100,MURFREESBORO PKE,,,,122.00,Feet,West,CLEVELAND AV,,,,0.00,N,Not at Intersection, ,,None,,,         ,Michael,Dance,,,no,no,no,no,no,False
102651583,METROPOLITAN NASHVILLE POLICE DEPT,20200108090,Davidson,Antioch,2/14/2020 6:00:00 AM,2,0,0,36.034650,-86.606860,OLD HICKORY BLVD,,,,1349.00,Feet,East,HOBSON PKE,,,,0.00,N,Not at Intersection, ,Non-Junction,None,,,         ,Thomas,White,Clear,"Sideswipe, Opposite Direction",no,no,no,no,no,False
102651596,METROPOLITAN NASHVILLE POLICE DEPT,20200108161,Davidson,Nashville,2/14/2020 7:50:00 AM,2,0,0,36.143430,-86.793780,EDGEHILL AV,,,,189.00,Feet,East,17TH AVS,,,,0.00,N,Not at Intersection, ,"Driveway, Alley Access, etc",None,,,         ,Natalia,Johnson,Cloudy,Angle,no,no,no,no,no,False
102651602,METROPOLITAN NASHVILLE POLICE DEPT,20200108261,Davidson,Nashville,2/14/2020 7:51:00 AM,2,0,0,36.202790,-86.776850,I 65,,,,0.00,,,,,,,87.05,N,Not at Intersection,N,Non-Junction,None,,,         ,Ronald,Bright,Cloudy,Front to Rear,no,no,no,no,no,False
102651608,BERRY HILL POLICE DEPT,2020-0615,Davidson,Berry Hill,2/14/2020 7:45:00 AM,2,0,0,36.120090,-86.775010,FRANKLIN PKE,,,,0.00,,,GALE LN,,,,0.00,Y,T-Intersection,N,Intersection,None,,,         ,Monty,Sands,Clear,Angle,no,no,no,no,no,False
102651612,METROPOLITAN NASHVILLE POLICE DEPT,20200108170,Davidson,Nashville,2/14/2020 7:58:00 AM,2,0,0,36.142740,-86.707250,I 40,,,,0.00,,,,,,,214.35,N,Not at Intersection, ,Non-Junction,None,,,         ,Mario,Diaz,Clear,"Sideswipe, Same Direction",no,no,no,no,no,False
102651614,METROPOLITAN NASHVILLE POLICE DEPT,20200108174,Davidson,Nashville,2/14/2020 7:55:00 AM,2,0,0,36.040850,-86.779470,OLD HICKORY BLVD,,,,31.00,Feet,West,FRANKLIN PIKE CIR,,,,0.00,N,Not at Intersection, ,Non-Junction,None,,,         ,Tony,Folad,Clear,Front to Rear,no,no,no,no,no,False
102651615,METROPOLITAN NASHVILLE POLICE DEPT,20200108155,Davidson,Nashville,2/14/2020 7:50:00 AM,2,0,0,36.059440,-86.741280,EDMONDSON PKE,,,,241.00,Feet,South,ELLINGTON CIR,,,,0.00,N,Not at Intersection, ,Non-Junction,None,,,         ,Michelle,Norris,Cloudy,Front to Rear,no,no,no,no,no,False
102651620,METROPOLITAN NASHVILLE POLICE DEPT,20200108253,Davidson,Nashville,2/14/2020 8:35:00 AM,2,0,0,36.166600,-86.764760,I 24,,,,0.00,,,,,,,49.00,N,Not at Intersection,N,Non-Junction,None,,,         ,Kimberly,Forsyth,Clear,Front to Rear,no,no,no,no,no,False
102651624,METROPOLITAN NASHVILLE POLICE DEPT,20200108219,Davidson,Nashville,2/14/2020 8:20:00 AM,1,0,0,36.181170,-86.719410,EASTLAND AV,,,,323.00,Feet,West,PRESTON DR,,,,0.00,N,Not at Intersection,N,Non-Junction,None,,,         ,Donovan,Coble,Clear,Not Collision with Motor Vehicle in Transport,no,no,no,no,no,False
102651629,METROPOLITAN NASHVILLE POLICE DEPT,20200108188,Davidson,Nashville,2/14/2020 8:00:00 AM,3,0,0,36.191920,-86.782540,I 65,,,,0.00,,,,,,,86.20,N,Not at Intersection,N,Non-Junction,None,,,         ,Brian,Quigley,Clear,Front to Rear,no,no,no,no,no,False
102651632,METROPOLITAN NASHVILLE POLICE DEPT,20200108208,Davidson,Nashville,2/14/2020 8:00:00 AM,2,0,0,36.086570,-86.708070,LINBAR DR,,,,147.00,Feet,North,JEFFERY DR,,,,0.00,N,Not at Intersection, ,Non-Junction,None,,,         ,Todd,Watson,Clear,Front to Rear,no,no,no,no,no,False
102651659,METROPOLITAN NASHVILLE POLICE DEPT,20200108309,Davidson,Nashville,2/14/2020 9:10:00 AM,2,0,0,36.240740,-86.757380,DICKERSON PKE,,,,0.00,,,BRILEY PKWY E EXT RAMP,,,,0.00,Y,T-Intersection,N,Intersection,None,,,         ,William,Coy,Clear,Angle,no,no,no,no,yes,False
102651660,METROPOLITAN NASHVILLE POLICE DEPT,20200108164,Davidson,Nashville,2/14/2020 7:40:00 AM,2,0,0,36.078700,-86.661900,PICCADILLY ROW,,,,608.00,Feet,East,PICCADILLY SAC,,,,0.00,N,Not at Intersection,N,Non-Junction,None,,,         ,Lee,Davis,Clear,"Sideswipe, Same Direction",no,no,no,no,yes,False
102651669,METROPOLITAN NASHVILLE POLICE DEPT,20200108064,Davidson,Nashville,2/14/2020 4:00:00 AM,4,0,0,36.058990,-86.688930,CIMARRON WAY,,,,450.00,Feet,East,KAREN RAY CT,,,,0.00,N,Not at Intersection,N,"Driveway, Alley Access, etc",None,,,         ,Matthew,Swindell,Clear,Angle,no,no,no,no,yes,False
102651677,METROPOLITAN NASHVILLE POLICE DEPT,20200108361,Davidson,Nashville,2/14/2020 9:40:00 AM,2,0,0,36.148490,-86.770240,OAK ST,,,,99.00,Feet,East,5TH AVS,,,,0.00,N,Not at Intersection, ,Non-Junction,None,,,         ,Tony,Folad,Clear,"Sideswipe, Same Direction",no,no,no,no,no,False
102651678,METROPOLITAN NASHVILLE POLICE DEPT,20200108305,Davidson,Nashville,2/14/2020 9:00:00 AM,2,0,0,36.165050,-86.779830,4TH AVN,,,,0.00,,,UNION ST,,,,0.00,Y,Four-Way, ,Intersection-Related,None,,,         ,Charles,Coe,Clear,"Sideswipe, Same Direction",no,no,no,no,no,False
102651683,METROPOLITAN NASHVILLE POLICE DEPT,2020108307,Davidson,Nashville,2/14/2020 9:07:00 AM,2,0,0,36.137260,-86.880190,WILHUGH PL,,,,379.00,Feet,West,HILLWOOD BLVD,,,,0.00,N,Not at Intersection, ,Non-Junction,None,,,         ,Brandon,O'Guin,Clear,Angle,no,no,no,no,yes,False
102651698,METROPOLITAN NASHVILLE POLICE DEPT,20200108321,Davidson,Nashville,2/14/2020 9:17:00 AM,2,0,0,36.152800,-86.777770,7TH AVS,,,,0.00,,,DREXEL ST,,,,0.00,Y,T-Intersection, ,Non-Junction,None,,,         ,Mathew,Clement,Clear,"Sideswipe, Same Direction",no,no,no,no,no,False
102651699,METROPOLITAN NASHVILLE POLICE DEPT,20200108330,Davidson,Nashville,2/14/2020 9:22:00 AM,1,1,0,36.056680,-86.668910,HICKORY HOLLOW PKWY,,,,904.00,Feet,South,MT VIEW RD,,,,0.00,N,Not at Intersection,N,Non-Junction,None,,,         ,Patrick,Martin,Clear,Not Collision with Motor Vehicle in Transport,no,no,no,no,yes,False
102651708,METROPOLITAN NASHVILLE POLICE DEPT,073850487,Davidson,Nashville,2/14/2020 12:00:00 AM,2,0,0,36.197860,-86.776300,I 65,,,,0.00,,,,,,,86.70,N,Not at Intersection, ,Non-Junction,None,,,         ,Julie,Nabors,Clear,Front to Rear,no,no,no,no,no,False
102651709,METROPOLITAN NASHVILLE POLICE DEPT,20200108329,Davidson,Nashville,2/14/2020 9:15:00 AM,2,0,0,36.149400,-86.798250,BROADWAY,,,,103.00,Feet,South,DIVISION ST,,,,0.00,N,Not at Intersection, ,Non-Junction,None,,,         ,Natalia,Johnson,Clear,"Sideswipe, Same Direction",no,no,no,no,no,Campus
102651711,METROPOLITAN NASHVILLE POLICE DEPT,20200108488,Davidson,Nashville,2/14/2020 10:35:00 AM,2,1,0,36.137200,-86.699670,BRILEY PKWY,,,,0.00,,,GLASTONBURY RD,,,,0.00,Y,T-Intersection,N,Intersection,None,,,         ,Michael,Dance,Clear,Front to Rear,no,no,no,no,yes,False
102651738,METROPOLITAN NASHVILLE POLICE DEPT,20200108510,Davidson,Nashville,2/14/2020 10:46:00 AM,2,0,0,36.070090,-86.720950,TAYLOR RD,,,,154.00,Feet,North,NOLENSVILLE PKE,,,,0.00,N,Not at Intersection, ,"Driveway, Alley Access, etc",None,,,         ,Matthew,Swindell,Clear,Angle,no,no,no,no,no,False
102651740,METROPOLITAN NASHVILLE POLICE DEPT,20200108360,Davidson,Not in City Limit,2/14/2020 9:36:00 AM,2,0,0,36.272120,-86.689560,ANDERSON LN,,,,0.00,,,MYATT DR,,,,0.00,Y,OTHER,N,Intersection-Related,None,,,         ,Eric,Richardson,Clear,Angle,no,no,no,no,no,False
102651746,METROPOLITAN NASHVILLE POLICE DEPT,20200108476,Davidson,Nashville,2/14/2020 10:28:00 AM,2,0,0,36.160380,-86.760500,I 24,,,,0.00,,,,,,,49.45,N,Not at Intersection, ,Non-Junction,None,,,         ,Marvin,Williams,Clear,Front to Rear,no,no,no,no,no,False
102651765,METROPOLITAN NASHVILLE POLICE DEPT,20200108473,Davidson,Nashville,2/14/2020 10:20:00 AM,2,0,0,36.078700,-86.611300,HIGH RIGGER CT,,,,0.00,,East,HIGH RIGGER DR,,,,0.00,N,Not at Intersection,N,Non-Junction,None,,,         ,Patrick,Lancaster,Clear,Rear to Side,no,no,no,no,yes,False
102651787,METROPOLITAN NASHVILLE POLICE DEPT,20200108507,Davidson,Nashville,2/14/2020 10:10:00 AM,2,0,0,36.173190,-86.791760,JEFFERSON ST,,,,109.00,Feet,West,ROSA L PARKS BLVD,,,,0.00,N,Not at Intersection, ,,None,,,         ,Brian,Quigley,,,no,no,no,no,no,False
102651792,METROPOLITAN NASHVILLE POLICE DEPT,20200108609,Davidson,Nashville,2/14/2020 11:41:00 AM,2,0,0,36.041260,-86.777410,OLD HICKORY BLVD,,,,356.00,Feet,West,BRENTWOOD TRC,,,,0.00,N,Not at Intersection, ,Non-Junction,None,,,         ,Christopher,Alceus,Clear,Front to Rear,no,no,no,no,no,False
102651797,METROPOLITAN NASHVILLE POLICE DEPT,20200108549,Davidson,Nashville,2/14/2020 11:10:00 AM,1,1,0,36.208520,-86.734850,GALLATIN PKE,,,,0.00,,,W KIRKLAND AV,,,,0.00,Y,T-Intersection,N,Intersection,None,,,         ,Donovan,Coble,Clear,Not Collision with Motor Vehicle in Transport,yes,no,no,no,yes,False
102651809,METROPOLITAN NASHVILLE POLICE DEPT,20200108533,Davidson,Nashville,2/14/2020 10:58:00 AM,3,0,0,36.139860,-86.727330,I 40,,,,0.00,,,,,,,213.30,N,Not at Intersection,N,Non-Junction,None,,,         ,Joshua,Hausman,Clear,Front to Rear,no,no,no,no,no,False
102651812,METROPOLITAN NASHVILLE POLICE DEPT,20200108521,Davidson,Nashville,2/14/2020 10:48:00 AM,2,0,0,36.203500,-86.776840,I65 S ENT RAMP,,,,0.00,Feet,East,I 65,,,,0.00,N,Not at Intersection, ,Non-Junction,None,,,         ,Jedidayah,Merriweather,Clear,Angle,no,no,no,no,no,False
102651813,METROPOLITAN NASHVILLE POLICE DEPT,20200108506,Davidson,Nashville,2/14/2020 10:44:00 AM,2,0,0,36.142150,-86.711520,I 40,,,,0.00,,,,,,,214.10,N,Not at Intersection,N,Non-Junction,None,,,         ,Michael,Dance,Clear,Front to Rear,no,no,no,no,no,False
102651838,METROPOLITAN NASHVILLE POLICE DEPT,20200108657,Davidson,Madison,2/14/2020 12:15:00 PM,1,0,0,36.261670,-86.768620,BELLSHIRE DR,,,,179.00,Feet,East,SUSSEX DR,,,,0.00,N,Not at Intersection,N,Non-Junction,None,,,         ,Dillon,Hunt,Clear,Not Collision with Motor Vehicle in Transport,no,no,no,no,no,False
102651856,METROPOLITAN NASHVILLE POLICE DEPT,20200108598,Davidson,Nashville,2/14/2020 11:41:00 AM,3,0,0,36.040980,-86.779410,FRANKLIN PIKE CIR,,,,0.00,,,STATE HWY 254,,,,0.00,Y,Four-Way, ,Intersection,None,,,         ,McKenzie,Harper,Clear,Front to Rear,no,no,no,no,no,False
102651857,METROPOLITAN NASHVILLE POLICE DEPT,20200108720,Davidson,Nashville,2/14/2020 11:07:00 AM,2,0,0,36.198440,-86.620270,LEBANON PKE,,,,0.00,,,OLD HICKORY BLVD,,,,0.00,Y,Four-Way, ,Intersection-Related,None,,,         ,Ian,Hammond,Clear,Front to Rear,no,no,no,no,no,False
102651863,METROPOLITAN NASHVILLE POLICE DEPT,20200108691,Davidson,Nashville,2/14/2020 12:10:00 PM,3,0,0,36.139340,-86.776130,I 65,,,,0.00,,,,,,,81.75,N,Not at Intersection, ,,None,,,         ,Jackson,Smythe,,,no,no,no,no,no,False
102651866,METROPOLITAN NASHVILLE POLICE DEPT,20200108716,Davidson,Nashville,2/14/2020 12:44:00 PM,2,0,0,36.145910,-86.741580,I 40,,,,0.00,,,,,,,212.20,N,Not at Intersection, ,Non-Junction,None,,,         ,Michael,Dance,Clear,Front to Rear,no,no,no,no,no,False
102651868,METROPOLITAN NASHVILLE POLICE DEPT,202001018647,Davidson,Nashville,2/14/2020 12:08:00 PM,2,1,0,36.107110,-86.813090,HILLSBORO PKE,,,,282.00,Feet,South,GREEN HILLS VILLAGE DR,,,,0.00,N,Not at Intersection,N,Non-Junction,None,,,         ,Tony,Folad,Clear,Angle,no,no,no,no,no,False
102651904,METROPOLITAN NASHVILLE POLICE DEPT,20200108641,Davidson,Nashville,2/14/2020 12:08:00 PM,3,2,0,36.133680,-86.726910,I24E,,,,59.00,Feet,East,I24 W EXT RAMP,,,,0.00,N,Not at Intersection,N,Non-Junction,None,,,         ,Patrick,Martin,Clear,Front to Rear,no,no,no,no,no,False
102651940,METROPOLITAN NASHVILLE POLICE DEPT,20200108787,Davidson,Nashville,2/14/2020 1:26:00 PM,2,3,0,36.153460,-86.733160,LEBANON PKE,,,,1930.00,Feet,East,OMOHUNDRO PL,,,,0.00,N,Not at Intersection,N,"Driveway, Alley Access, etc",None,,,         ,Michael,Dance,Clear,Front to Rear,no,no,no,no,no,False
102651946,METROPOLITAN NASHVILLE POLICE DEPT,20200108468,Davidson,Nashville,2/14/2020 10:15:00 AM,2,0,0,36.150640,-86.866260,I 40,,,,0.00,,,,,,,203.45,N,Not at Intersection, ,,None,,,         ,Terrence,Bradley,,,no,no,no,no,no,False
102652003,METROPOLITAN NASHVILLE POLICE DEPT,20200108745,Davidson,Nashville,2/14/2020 1:04:00 PM,3,3,0,36.210180,-86.733660,GALLATIN PKE,,,,0.00,,,HOME RD,,,,0.00,Y,T-Intersection,N,Intersection,None,,,         ,Donovan,Coble,Clear,Angle,no,no,no,no,no,False
102652007,METROPOLITAN NASHVILLE POLICE DEPT,20200108675,Davidson,Nashville,2/14/2020 12:24:00 PM,1,1,0,36.152660,-86.787140,I 40,,,,0.00,,,,,,,209.40,N,Not at Intersection,N,Non-Junction,None,,,         ,Garrett,Short,Clear,Not Collision with Motor Vehicle in Transport,no,no,no,no,no,False
102652028,METROPOLITAN NASHVILLE POLICE DEPT,20200108797,Davidson,Nashville,2/14/2020 1:05:00 PM,2,0,0,36.173500,-86.791900,REV DR ENOCH JONES BLVD,,,,117.00,Feet,South,MADISON ST,,,,0.00,N,Not at Intersection,N,Non-Junction,None,,,         ,Brian,Quigley,Clear,Front to Rear,no,no,no,no,yes,False
102652034,METROPOLITAN NASHVILLE POLICE DEPT,20200108726,Davidson,Nashville,2/14/2020 12:37:00 PM,2,0,0,36.170800,-86.768670,INTERSTATE DR,,,,150.00,Feet,South,MAIN ST,,,,0.00,N,Not at Intersection, ,Non-Junction,None,,,         ,Joshua,Reece,Clear,Front to Rear,no,no,no,no,no,False
102652037,METROPOLITAN NASHVILLE POLICE DEPT,20200108875,Davidson,Nashville,2/14/2020 2:21:00 PM,2,0,0,36.146900,-86.743130,I 40,,,,0.00,,,,,,,212.10,N,Not at Intersection, ,Non-Junction,None,,,         ,Michael,Dance,Clear,"Sideswipe, Same Direction",no,no,no,no,no,False
102652047,METROPOLITAN NASHVILLE POLICE DEPT,20200108776,Davidson,Nashville,2/14/2020 1:24:00 PM,2,0,0,36.202500,-86.820480,BUENA VISTA PKE,,,,0.00,,,W TRINITY LN,,,,0.00,Y,T-Intersection, ,Non-Junction,None,,,         ,James,Wray,Clear,Front to Rear,no,no,no,no,no,False
102652058,METROPOLITAN NASHVILLE POLICE DEPT,20200108332,Davidson,Nashville,2/14/2020 9:25:00 AM,2,0,0,36.161080,-86.773620,1ST AVS,,,,33.00,Feet,South,SHELBY ST PEDESTRIAN BRIDGE GR,,,,0.00,N,Not at Intersection,N,Non-Junction,Construction Zone,Lane Shift-Crossover,Activity Area,         ,Erik,Wagner,Clear,"Sideswipe, Opposite Direction",no,no,no,no,yes,False
102652094,METROPOLITAN NASHVILLE POLICE DEPT,20200108925,Davidson,Nashville,2/14/2020 1:57:00 PM,2,0,0,36.235860,-86.708580,BRILEY PKWYW,,,,571.00,Feet,East,PENNINGTON BEND RD,,,,0.00,N,Not at Intersection, ,Non-Junction,None,,,         ,Christopher,Littles,Clear,"Sideswipe, Same Direction",no,no,no,no,yes,False
102652096,METROPOLITAN NASHVILLE POLICE DEPT,20200108675,Davidson,Nashville,2/14/2020 12:27:00 PM,2,0,0,36.147200,-86.778020,I65 S ENT RAMP,,,,0.00,,,BASS ST,,,,0.00,Y,OTHER,N,Non-Junction,None,,,         ,FELIKS,ABRAHAMYAN,Clear,Front to Rear,no,no,no,no,no,False
102652114,METROPOLITAN NASHVILLE POLICE DEPT,20200109031,Davidson,Nashville,2/14/2020 3:48:00 PM,2,0,0,36.167630,-86.787750,ROSA L PARKS BLVD,,,,0.00,,,10TH CIRN,,,,0.00,Y,T-Intersection,N,Intersection,None,,,         ,Gabriel,Vasquez,Clear,Front to Rear,no,no,no,no,yes,False
102652133,METROPOLITAN NASHVILLE POLICE DEPT,20200108954,Davidson,Nashville,2/14/2020 2:56:00 PM,1,0,0,36.152730,-86.766000,I 40,,,,0.00,,,,,,,210.60,N,Not at Intersection,N,Non-Junction,None,,,         ,Miles,Posey,Clear,Not Collision with Motor Vehicle in Transport,no,no,no,no,no,False
102652134,METROPOLITAN NASHVILLE POLICE DEPT,20200108866,Davidson,Nashville,2/14/2020 12:00:00 AM,2,1,0,36.155590,-86.828060,I 40,,,,0.00,,,,,,,205.60,N,Not at Intersection,N,Non-Junction,None,,,         ,Je-Marc,Sears,Clear,Front to Rear,no,no,no,no,no,False
102652153,METROPOLITAN NASHVILLE POLICE DEPT,20200108973,Davidson,Not in City Limit,2/14/2020 2:30:00 PM,2,0,0,36.261840,-86.712330,US HWY 31E,,,,154.00,Feet,South,E OLD HICKORY BLVD,,,,0.00,N,Not at Intersection,N,Non-Junction,None,,,         ,Anthony,Cavis,Clear,"Sideswipe, Same Direction",no,no,no,no,yes,False
102652165,METROPOLITAN NASHVILLE POLICE DEPT,20200108660,Davidson,Nashville,2/14/2020 12:15:00 PM,2,0,0,36.166340,-86.779070,DEADERICK ST,,,,0.00,,,3RD AVN,,,,0.00,Y,T-Intersection, ,Non-Junction,None,,,         ,Michael,Douglas,Clear,"Sideswipe, Same Direction",no,no,no,no,no,False
102652180,METROPOLITAN NASHVILLE POLICE DEPT,20200108998,Davidson,Nashville,2/14/2020 3:37:00 PM,2,0,0,36.139120,-86.733230,MURFREESBORO PKE,,,,0.00,Feet,North,ARLINGTON AV,,,,0.00,N,Not at Intersection, ,Non-Junction,None,,,         ,Eric,Laury,Clear,Front to Rear,no,no,no,no,no,False
102652181,METROPOLITAN NASHVILLE POLICE DEPT,20200108905,Davidson,Nashville,2/14/2020 2:19:00 PM,2,0,0,36.041140,-86.779500,FRANKLIN PIKE CIR,,,,95.00,Feet,North,OLD HICKORY BLVD,,,,0.00,N,Not at Intersection, ,,None,,,         ,Nicholas,Carroll,,,no,no,no,no,no,False
102652182,METROPOLITAN NASHVILLE POLICE DEPT,20200108980,Davidson,Nashville,2/14/2020 3:23:00 PM,2,0,0,36.248440,-86.742410,I 65,,,,0.00,,,,,,,91.10,N,Not at Intersection, ,Non-Junction,None,,,         ,David,Williford,Clear,"Sideswipe, Same Direction",no,no,no,no,no,False
102652183,Nashville Airport Police,2020-00535,Davidson,Nashville,2/11/2020 9:27:00 PM,2,0,0,36.129140,-86.665380,DONELSON PKE,,,,0.00,,,DONELSON PKE S ENT RAMP,,,,0.00,Y,OTHER,N,Non-Junction,None,,,         ,Breana,Copeland,Clear,Front to Rear,no,no,no,no,yes,False
102652199,METROPOLITAN NASHVILLE POLICE DEPT,20200109082,Davidson,Nashville,2/14/2020 4:08:00 PM,2,0,0,36.158310,-86.790530,GEORGE L DAVIS BLVD,,,,44.00,Feet,North,CHURCH ST,,,,0.00,N,Not at Intersection, ,Non-Junction,None,,,         ,Gabriel,Vasquez,Clear,"Sideswipe, Same Direction",no,no,no,no,no,False
102652219,METROPOLITAN NASHVILLE POLICE DEPT,20200108872,Davidson,Nashville,2/14/2020 2:21:00 PM,2,1,0,36.099400,-86.728190,COLBY DR,,,,320.00,Feet,North,MCCALL ST,,,,0.00,N,Not at Intersection,N,Non-Junction,None,,,         ,Joel,Bennett,Clear,"Sideswipe, Opposite Direction",no,no,no,no,yes,False
102652243,METROPOLITAN NASHVILLE POLICE DEPT,20200108996,Davidson,Nashville,2/14/2020 3:30:00 PM,2,0,0,36.167360,-86.779160,JAMES ROBERTSON PKWY,,,,152.00,Feet,East,3RD AVN,,,,0.00,N,Not at Intersection, ,Non-Junction,None,,,         ,Alexander,Hartle,Clear,"Sideswipe, Same Direction",no,no,no,no,no,False
102652252,METROPOLITAN NASHVILLE POLICE DEPT,20200108915,Davidson,Nashville,2/14/2020 2:00:00 PM,2,0,0,36.135550,-86.726730,I 24,,,,0.00,,,,,,,52.20,N,Not at Intersection, ,Non-Junction,None,,,         ,Adam,Warren,Clear,"Sideswipe, Same Direction",no,no,no,no,no,False
102652253,METROPOLITAN NASHVILLE POLICE DEPT,20200109079,Davidson,Nashville,2/14/2020 3:11:00 PM,2,0,0,36.144470,-86.739180,I 40,,,,0.00,,,,,,,212.35,N,Not at Intersection, ,Non-Junction,None,,,         ,Adam,Warren,Clear,Angle,no,no,no,no,no,False
102652254,METROPOLITAN NASHVILLE POLICE DEPT,20200109112,Davidson,Nashville,2/14/2020 4:32:00 PM,2,0,0,36.154140,-86.757770,I 40,,,,0.00,,,,,,,211.10,N,Not at Intersection,N,Non-Junction,None,,,         ,Adam,Warren,Clear,Front to Rear,no,no,no,no,yes,False
102652257,METROPOLITAN NASHVILLE POLICE DEPT,20200109073,Davidson,Nashville,2/14/2020 4:00:00 PM,1,0,0,36.036640,-86.783100,I 65,,,,0.00,,,,,,,74.40,N,Not at Intersection, ,,None,,,         ,Darci,Stechman,,,no,no,no,no,no,False