master_record_number,agency,agency_tracking_number,county,city,collision_date,vehicles_involved,number_injured,number_dead,latitude,longitude,roadway_name,roadway_suffix,roadway_number,roadway_local_id,distance_from_reference,miles-feet_indicator,direction_from_reference,intersection_road_name,intersection_road_name_suffix,intersection_road_number,intersection_local_id,mile_marker,intersection_indicator,intersect_type,interchange_related_indicator,relation_to_junction,work_zone_type,construction_maintenance_zone,construction_maintenance_zone_location,fatal_case_number,officer_first_name,officer_last_name,weather_condition(s),manner_of_crash,pedestrian,bicycle,scooter,parking,hitrun,mou
102656208,METROPOLITAN NASHVILLE POLICE DEPT,20200118091,Davidson,Nashville,2/18/2020 4:25:00 PM,2,0,0,36.169870,-86.675390,LEBANON PKE,,,,287.00,Feet,West,GRAYLYNN DR,,,,0.00,N,Not at Intersection, ,Non-Junction,None,,,         ,Allyson,Reis,Rain,"Sideswipe, Same Direction",no,no,no,no,no,False
102656209,METROPOLITAN NASHVILLE POLICE DEPT,20200118175,Davidson,Nashville,2/18/2020 5:13:00 PM,2,0,0,36.142880,-86.706420,I 40,,,,0.00,,,,,,,214.40,N,Not at Intersection, ,Non-Junction,None,,,         ,Jason,Milyaro Lucas,Rain,Front to Rear,no,no,no,no,no,False
102656220,METROPOLITAN NASHVILLE POLICE DEPT,20200118145,Davidson,Nashville,2/18/2020 4:58:00 PM,2,0,0,36.144780,-86.809810,NATCHEZ TRC,,,,71.00,Feet,South,KENSINGTON PL,,,,0.00,N,Not at Intersection, ,Non-Junction,None,,,         ,Benny,Pittman,Rain,Front to Rear,no,no,no,no,no,Campus
102656224,METROPOLITAN NASHVILLE POLICE DEPT,20200118178,Davidson,Nashville,2/18/2020 12:00:00 AM,2,0,0,36.172520,-86.765160,S 5TH ST,,,,129.00,Feet,South,SPRING ST,,,,0.00,N,Not at Intersection, ,Non-Junction,None,,,         ,Gordon,Stovall,Rain,Angle,no,no,no,no,no,False
102656252,METROPOLITAN NASHVILLE POLICE DEPT,20200118092,Davidson,Not in City Limit,2/18/2020 4:38:00 PM,2,0,0,36.269390,-86.756590,OLD HICKORY BLVD,,,,255.00,Feet,West,DICKERSON PKE,,,,0.00,N,Not at Intersection, ,,None,,,         ,Christopher,Littles,,,no,no,no,no,no,False
102656253,METROPOLITAN NASHVILLE POLICE DEPT,20200118168,Davidson,Not in City Limit,2/18/2020 5:09:00 PM,2,0,0,36.266930,-86.756630,DICKERSON PKE,,,,0.00,,,DARBYTOWN DR,,,,0.00,Y,T-Intersection, ,Intersection,None,,,         ,Christopher,Littles,Rain,Angle,no,no,no,no,no,False
102656254,METROPOLITAN NASHVILLE POLICE DEPT,20200118267,Davidson,Not in City Limit,2/18/2020 5:51:00 PM,2,0,0,36.263910,-86.690300,STATE RT 45,,,,0.00,,,MYATT DR,,,,0.00,Y,Four-Way,N,Intersection,None,,,         ,Christopher,Littles,Rain,"Sideswipe, Same Direction",no,no,no,no,yes,False
102656257,METROPOLITAN NASHVILLE POLICE DEPT,20200118075,Davidson,Nashville,2/18/2020 4:29:00 PM,2,0,0,36.064820,-86.622100,OWENDALE DR,,,,5.00,Feet,North,HAMILTON CHURCH RD,,,,0.00,N,Not at Intersection, ,,None,,,         ,Joel,Bennett,,,no,no,no,no,no,False
102656260,METROPOLITAN NASHVILLE POLICE DEPT,20200118333,Davidson,Nashville,2/18/2020 5:40:00 PM,2,0,0,36.134310,-86.774730,I65 N ENT RAMP,,,,0.00,,,WEDGEWOOD AV,,,,0.00,Y,Four-Way, ,Non-Junction,None,,,         ,Thomas,Odom,Rain,Front to Rear,no,no,no,no,no,False
102656261,METROPOLITAN NASHVILLE POLICE DEPT,20200118158,Davidson,Nashville,2/18/2020 5:02:00 PM,2,0,0,36.168270,-86.796300,I 40,,,,0.00,,,,,,,208.15,N,Not at Intersection, ,Non-Junction,None,,,         ,Erik,Wagner,Rain,Angle,no,no,no,no,no,False
102656263,METROPOLITAN NASHVILLE POLICE DEPT,20200118007,Davidson,Nashville,2/18/2020 3:32:00 PM,2,0,0,36.133960,-86.774730,I65 N EXT RAMP,,,,0.00,,,I 65,,,,0.00,Y,T-Intersection, ,Intersection-Related,None,,,         ,Jonathan,Seidl,Rain,Front to Rear,no,no,no,no,no,False
102656267,METROPOLITAN NASHVILLE POLICE DEPT,20200118276,Davidson,Nashville,2/18/2020 5:45:00 PM,2,0,0,36.153040,-86.764900,I40 E ENT RAMP,,,,0.00,Feet,East,I 40,,,,0.00,N,Not at Intersection,N,Non-Junction,None,,,         ,Adam,Warren,Rain,Front to Rear,no,no,no,no,no,False
102656271,METROPOLITAN NASHVILLE POLICE DEPT,20200118311,Davidson,Nashville,2/18/2020 6:20:00 PM,2,0,0,36.112050,-86.771440,I440 ENT RAMP,,,,0.00,Feet,East,I 65,,,,0.00,N,Not at Intersection, ,,Construction Zone,,,         ,Citlaly,Juarez,,,no,no,no,no,no,False
102656272,METROPOLITAN NASHVILLE POLICE DEPT,20200118300,Davidson,Nashville,2/18/2020 6:01:00 PM,2,0,0,36.162570,-86.761140,I 24,,,,0.00,,,,,,,49.30,N,Not at Intersection,N,Non-Junction,None,,,         ,Joseph,Bingham,Rain,"Sideswipe, Same Direction",no,no,no,no,yes,False
102656275,METROPOLITAN NASHVILLE POLICE DEPT,20200118181,Davidson,Nashville,2/18/2020 12:00:00 AM,2,0,0,36.246660,-86.756610,DICKERSON PKE,,,,0.00,,,SKYLINE COMMONS PVTDR,,,,0.00,Y,T-Intersection, ,Intersection-Related,None,,,         ,David,Williford,Rain,Front to Rear,no,no,no,no,no,False
102656276,METROPOLITAN NASHVILLE POLICE DEPT,20200118239,Davidson,Nashville,2/18/2020 5:37:00 PM,2,0,0,36.153040,-86.856740,I40 W EXT RAMP,,,,0.00,Feet,East,I 40,,,,0.00,N,Not at Intersection,N,Non-Junction,None,,,         ,Andrew,Mullen,Rain,Front to Rear,no,no,no,no,no,False
102656277,METROPOLITAN NASHVILLE POLICE DEPT,20200117898,Davidson,Nashville,2/18/2020 3:11:00 PM,2,0,0,36.099160,-86.763590,I65 N EXT RAMP,,,,0.00,Feet,East,I 65,,,,0.00,N,Not at Intersection,N,Non-Junction,None,,,         ,Nicholas,Carroll,Rain,"Sideswipe, Same Direction",no,no,no,no,no,False
102656282,METROPOLITAN NASHVILLE POLICE DEPT,20200118232,Davidson,Nashville,2/18/2020 5:43:00 PM,2,0,0,36.064820,-86.622100,OWENDALE DR,,,,5.00,Feet,North,HAMILTON CHURCH RD,,,,0.00,N,Not at Intersection,N,Non-Junction,None,,,         ,Joel,Bennett,Rain,Angle,no,no,no,no,no,False
102656286,METROPOLITAN NASHVILLE POLICE DEPT,20200118194,Davidson,Nashville,2/18/2020 4:30:00 PM,2,0,0,36.144830,-86.739790,I 40,,,,0.00,,,,,,,212.30,N,Not at Intersection, ,,None,,,         ,Steven,Begley,,,no,no,no,no,no,False
102656287,METROPOLITAN NASHVILLE POLICE DEPT,20200118314,Davidson,Nashville,2/18/2020 5:56:00 PM,2,0,0,36.147120,-86.743780,I 40,,,,0.00,,,,,,,212.00,N,Not at Intersection, ,Non-Junction,None,,,         ,Jason,Milyaro Lucas,Rain,Front to Rear,no,no,no,no,yes,False
102656289,METROPOLITAN NASHVILLE POLICE DEPT,20200118403,Davidson,Antioch,2/18/2020 6:28:00 PM,2,1,0,36.039400,-86.602990,MURFREESBORO PKE,,,,0.00,,,OLD HICKORY BLVD,,,,0.00,Y,Four-Way,N,Intersection,None,,,         ,Cooper,HIll,Rain,Front to Rear,no,no,no,no,yes,False
102656293,METROPOLITAN NASHVILLE POLICE DEPT,20200118259,Davidson,Nashville,2/18/2020 6:56:00 PM,3,3,0,36.131400,-86.726730,I24 W ENT RAMP,,,,0.00,Feet,East,I 24,,,,0.00,N,Not at Intersection,N,Non-Junction,None,,,         ,John,Walden,Rain,Front to Rear,no,no,no,no,no,False
102656307,METROPOLITAN NASHVILLE POLICE DEPT,20200118443,Davidson,Nashville,2/18/2020 12:00:00 AM,2,0,0,36.175920,-86.723130,NEWHALL DR,,,,99.00,Feet,South,BRITTANY DR,,,,0.00,N,Not at Intersection,N,Non-Junction,None,,,         ,Tim,Le,Rain,Unknown,no,no,no,no,yes,False
102656308,METROPOLITAN NASHVILLE POLICE DEPT,20200118375,Davidson,Nashville,2/18/2020 5:00:00 PM,2,0,0,36.118150,-86.841340,VALLEY FORGE,,,,0.00,,,WOODMONT BLVD,,,,0.00,Y,T-Intersection,N,Intersection,None,,,         ,Matthew,Turppa,Rain,Front to Rear,no,no,no,no,no,False
102656309,VANDERBILT UNIVERSITY POLICE,20200117895,Davidson,Nashville,2/18/2020 3:00:00 PM,2,0,0,36.139280,-86.802260,MEDICAL CENTER DR,,,,0.00,,,,,,,0.00,,, ,Non-Junction,None,,,         ,James,McDaniel,Rain,Unknown,no,no,no,yes,yes,Campus
102656312,METROPOLITAN NASHVILLE POLICE DEPT,20200118395,Davidson,Nashville,2/18/2020 5:00:00 PM,2,1,0,36.165390,-86.818060,I 40,,,,0.00,,,,,,,206.55,N,Not at Intersection,N,Non-Junction,None,,,         ,Timothy,Skopek,Rain,Front to Rear,no,no,no,no,yes,False
102656316,METROPOLITAN NASHVILLE POLICE DEPT,20200118245,Davidson,Nashville,2/18/2020 5:37:00 PM,2,0,0,36.184120,-86.610360,ANDREW JACKSON PKWY,,,,191.00,Feet,North,OLD HICKORY BLVD,,,,0.00,N,Not at Intersection, ,Non-Junction,None,,,         ,Terence,Mitchell,Rain,Front to Rear,no,no,no,no,no,False
102656319,METROPOLITAN NASHVILLE POLICE DEPT,20200118410,Davidson,Nashville,2/18/2020 6:40:00 PM,2,0,0,36.130480,-86.802570,BLAIR BLVD,,,,184.00,Feet,West,US HWY 431,,,,0.00,N,Not at Intersection,N,Non-Junction,None,,,         ,Melissa,Lomax,Rain,Front to Rear,no,no,no,no,yes,False
102656322,METROPOLITAN NASHVILLE POLICE DEPT,20200118481,Davidson,Nashville,2/18/2020 5:42:00 PM,2,0,0,36.146350,-86.763340,CHESTNUT ST,,,,9.00,Feet,East,1ST AVS,,,,0.00,N,Not at Intersection, ,Non-Junction,None,,,         ,Joel,Bennett,Clear,Angle,no,no,no,no,no,False
102656324,METROPOLITAN NASHVILLE POLICE DEPT,20200118411,Davidson,Nashville,2/18/2020 6:51:00 PM,2,0,0,36.158330,-86.783400,BROADWAY,,,,0.00,,,9TH AVS,,,,0.00,Y,T-Intersection,N,Non-Junction,None,,,         ,Miles,Posey,Clear,Angle,no,no,no,no,no,False
102656325,METROPOLITAN NASHVILLE POLICE DEPT,20200118272,Davidson,Nashville,2/18/2020 4:59:00 PM,2,0,0,36.143870,-86.691140,I 40,,,,0.00,,,,,,,215.20,N,Not at Intersection, ,Entrance/Exit Ramp Related,None,,,         ,Steven,Powers,Rain,Front to Rear,no,no,no,no,no,False
102656326,METROPOLITAN NASHVILLE POLICE DEPT,20200118404,Davidson,Nashville,2/18/2020 6:58:00 PM,2,4,0,36.074480,-86.638650,MURFREESBORO PKE,,,,0.00,,,RURAL HILL RD,,,,0.00,Y,Four-Way,N,Intersection,None,,,         ,Steven,Powers,Rain,Angle,no,no,no,no,no,False
102656333,METROPOLITAN NASHVILLE POLICE DEPT,20200118308,Davidson,Antioch,2/18/2020 5:34:00 PM,2,0,0,36.049680,-86.603110,PIN HOOK RD,,,,712.00,Feet,East,GROVEDALE TRC,,,,0.00,N,Not at Intersection,N,Non-Junction,None,,,         ,Gabriel,Hamilton,Rain,Front to Rear,no,no,no,no,no,False
102656336,METROPOLITAN NASHVILLE POLICE DEPT,20200118530,Davidson,Nashville,2/18/2020 7:40:00 PM,1,0,0,36.067090,-86.724250,NORTHCREST DR,,,,41.00,Feet,East,COTTON LN,,,,0.00,N,Not at Intersection, ,,None,,,         ,Nicholas,Carroll,,,no,no,no,no,no,False
102656344,METROPOLITAN NASHVILLE POLICE DEPT,20200118169,Davidson,Nashville,2/18/2020 3:31:00 PM,2,0,0,36.209620,-86.870550,ASHLAND CITY HWY,,,,55.00,Feet,West,ASHLAND CITY HWY WB ENT RAMP,,,,0.00,N,Not at Intersection,N,Non-Junction,None,,,         ,Melissa,Flores,Rain,Front to Rear,no,no,no,no,no,False
102656346,METROPOLITAN NASHVILLE POLICE DEPT,20200118207,Davidson,Nashville,2/18/2020 5:29:00 PM,2,0,0,36.124710,-86.728060,I440 W ENT RAMP,,,,0.00,Feet,East,I 440,,,,0.00,N,Not at Intersection,Y,OtherLocation,None,,,         ,Andrew,Brazee,Rain,"Sideswipe, Opposite Direction",no,no,no,no,no,False
102656347,METROPOLITAN NASHVILLE POLICE DEPT,20200118339,Davidson,Nashville,2/18/2020 6:33:00 PM,2,0,0,36.123630,-86.747780,I440 E ENT RAMP,,,,0.00,Feet,East,I 440,,,,0.00,N,Not at Intersection,N,Entrance/Exit Ramp Related,None,,,         ,Andrew,Brazee,Rain,Front to Rear,no,no,no,no,yes,False
102656349,METROPOLITAN NASHVILLE POLICE DEPT,20200118585,Davidson,Nashville,2/18/2020 6:17:00 PM,2,0,0,36.145070,-86.766350,CHESTNUT ST,,,,106.00,Feet,East,4TH AVS,,,,0.00,N,Not at Intersection, ,Non-Junction,None,,,         ,John,Walden,Rain,Front to Rear,no,no,no,no,no,False
102656353,METROPOLITAN NASHVILLE POLICE DEPT,20200118503,Davidson,Not in City Limit,2/18/2020 7:48:00 PM,1,0,0,36.320720,-86.887660,BIDWELL RD,,,,528.00,Feet,North,OLD CLARKSVILLE PKE,,,,0.00,N,Not at Intersection, ,Non-Junction,None,,,         ,Ryan,Allen,Cloudy,Not Collision with Motor Vehicle in Transport,no,no,no,no,no,False
102656354,VANDERBILT UNIVERSITY POLICE,20200118370,Davidson,Nashville,2/18/2020 6:28:00 PM,2,0,0,36.141290,-86.805990,25TH AVS,,,,0.00,,,,,,,0.00,,, ,Non-Junction,None,,,         ,Shaneithia,Lewis,Rain,Rear to Rear,no,no,no,yes,no,Campus
102656362,METROPOLITAN NASHVILLE POLICE DEPT,20200118278,Davidson,Nashville,2/18/2020 5:43:00 PM,2,0,0,36.235830,-86.706400,BRILEY PKWYE,,,,535.00,Feet,South,BRILEY PKWYW,,,,0.00,N,Not at Intersection, ,Non-Junction,None,,,         ,Zachariah,Bush,Rain,"Sideswipe, Same Direction",no,no,no,no,no,False
102656376,METROPOLITAN NASHVILLE POLICE DEPT,20200118495,Davidson,Nashville,2/18/2020 7:45:00 PM,2,1,0,36.254700,-86.715530,GALLATIN PKES,,,,143.00,Feet,South,MADISON BLVD,,,,0.00,N,Not at Intersection,N,Non-Junction,None,,,         ,Cressie,Prill,Clear,Angle,no,no,no,no,no,False
102656379,METROPOLITAN NASHVILLE POLICE DEPT,20200117879,Davidson,Not in City Limit,2/18/2020 3:12:00 PM,2,0,0,36.070910,-86.941130,BELLEVUE RD,,,,102.00,Feet,South,CREEKSIDE MANOR PVTDR,,,,0.00,N,Not at Intersection,N,Non-Junction,None,,,         ,Jeremy,Huffine,Rain,Angle,no,no,no,no,no,False
102656403,METROPOLITAN NASHVILLE POLICE DEPT,20200118771,Davidson,Nashville,2/18/2020 9:39:00 PM,2,0,0,36.044010,-86.650330,CROSSINGS PL,,,,68.00,Feet,North,HICKORY HOLLOW PKWY,,,,0.00,N,Not at Intersection,N,Non-Junction,None,,,         ,Joel,Bennett,Clear,Angle,no,no,no,no,yes,False
102656427,METROPOLITAN NASHVILLE POLICE DEPT,20200118387,Davidson,Nashville,2/18/2020 5:50:00 PM,2,0,0,36.086870,-86.730230,NOLENSVILLE PKE,,,,0.00,Feet,,ELYSIAN FIELDS CT,,,,0.00,Y,Four-Way,N,Intersection-Related,None,,,         ,William,King,Cloudy,Front to Rear,no,no,no,no,yes,False
102656433,METROPOLITAN NASHVILLE POLICE DEPT,20200117834,Davidson,Nashville,2/18/2020 2:41:00 PM,2,0,0,36.077810,-86.725780,NOLENSVILLE PKE,,,,267.00,Feet,North,WALLACE RD,,,,0.00,N,Not at Intersection, ,,None,,,         ,William,King,,,no,no,no,no,no,False
102656443,METROPOLITAN NASHVILLE POLICE DEPT,20200118820,Davidson,Nashville,2/18/2020 10:09:00 PM,2,0,0,36.148750,-86.666020,ELM HILL PKE,,,,80.00,Feet,East,DONELSON PKE,,,,0.00,N,Not at Intersection, ,Non-Junction,None,,,         ,Adam,Warren,Clear,Front to Rear,no,no,no,no,no,False
102656465,METROPOLITAN NASHVILLE POLICE DEPT,20200118808,Davidson,Antioch,2/18/2020 9:59:00 PM,2,2,0,36.026420,-86.615560,OLD HICKORY BLVD,,,,1645.00,Feet,South,LOGISTICS WAY,,,,0.00,N,Not at Intersection,N,Non-Junction,None,,,         ,Cooper,HIll,Clear,Front to Rear,no,no,no,no,no,False
102656492,METROPOLITAN NASHVILLE POLICE DEPT,2020-0116955,Davidson,Nashville,2/18/2020 6:55:00 AM,2,0,0,36.147200,-86.743600,I 40,,,,0.00,,,,,,,212.00,N,Not at Intersection,N,Non-Junction,None,,,         ,Frank,Walker,Rain,"Sideswipe, Same Direction",no,no,no,no,no,False
102656518,METROPOLITAN NASHVILLE POLICE DEPT,20200119091,Davidson,Nashville,2/19/2020 12:28:00 AM,2,0,0,36.151370,-86.768270,I40 E ENT RAMP,,,,0.00,Feet,East,I 40,,,,0.00,N,Not at Intersection,N,Non-Junction,None,,,         ,Jeremy,Crisp,Clear,HeadOn,no,no,no,no,yes,False
102656567,METROPOLITAN NASHVILLE POLICE DEPT,20200119517,Davidson,Nashville,2/19/2020 5:09:00 AM,1,1,0,36.211520,-86.919310,ASHLAND CITY HWY,,,,508.00,Feet,East,OLD HICKORY BLVD,,,,0.00,N,Not at Intersection,N,Non-Junction,None,,,         ,Dakota,Vermillion,Clear,Not Collision with Motor Vehicle in Transport,no,no,no,no,no,False
102656596,METROPOLITAN NASHVILLE POLICE DEPT,20200119579,Davidson,Nashville,2/19/2020 5:55:00 AM,1,0,0,36.228410,-86.854550,BRILEY PKWYW,,,,1361.00,Feet,West,BRILEY PKWYE,,,,0.00,N,Not at Intersection,N,Non-Junction,None,,,         ,Jack,Crouch,Clear,Not Collision with Motor Vehicle in Transport,no,no,no,no,no,False
102656601,BERRY HILL POLICE DEPT,20-0686,Davidson,Berry Hill,2/18/2020 12:36:00 PM,2,0,0,36.119190,-86.774710,FRANKLIN PKE,,,,124.00,Feet,North,BERRY RD,,,,0.00,N,Not at Intersection, ,Non-Junction,None,,,         ,Ronnie,Hill,Cloudy,Front to Rear,no,no,no,no,no,False
102656605,METROPOLITAN NASHVILLE POLICE DEPT,20200119678,Davidson,Nashville,2/19/2020 6:49:00 AM,2,0,0,36.081280,-86.759070,HARDING PL,,,,225.00,Feet,West,TROUSDALE DR,,,,0.00,N,Not at Intersection, ,,None,,,         ,Earl,Davis,,,no,no,no,no,no,False
102656617,VANDERBILT UNIVERSITY POLICE,20200117573,Davidson,Nashville,2/18/2020 9:25:00 AM,1,0,0,36.140010,-86.804010,PIERCE AV,,,,0.00,,,,,,,0.00,,,N,Entrance/Exit Ramp Related,None,,,         ,O'Darra,Beauvais,Rain,Not Collision with Motor Vehicle in Transport,yes,no,no,yes,yes,Campus
102656624,METROPOLITAN NASHVILLE POLICE DEPT,20200119655,Davidson,Not in City Limit,2/19/2020 6:27:00 AM,2,0,0,35.991260,-86.665880,BURKITT RD,,,,73.00,Feet,East,WESTCOTT LN,,,,0.00,N,Not at Intersection,N,Non-Junction,None,,,         ,Patrick,Martin,Cloudy,Front to Rear,no,no,no,no,no,False
102656648,METROPOLITAN NASHVILLE POLICE DEPT,20200119783,Davidson,Nashville,2/19/2020 7:41:00 AM,2,0,0,36.039530,-86.814260,OLD HICKORY BLVD,,,,644.00,Feet,East,ARCARO PL,,,,0.00,N,Not at Intersection, ,Non-Junction,None,,,         ,Christopher,Alceus,Cloudy,"Sideswipe, Same Direction",no,no,no,no,no,False
102656660,METROPOLITAN NASHVILLE POLICE DEPT,20200119759,Davidson,Nashville,2/19/2020 7:40:00 AM,2,0,0,36.144020,-86.717540,ELM HILL PKE,,,,558.00,Feet,East,WRIGHT INDUSTRIES PVTDR,,,,0.00,N,Not at Intersection, ,Non-Junction,None,,,         ,Michael,Brooks,Cloudy,"Sideswipe, Opposite Direction",no,no,no,no,no,False
102656674,METROPOLITAN NASHVILLE POLICE DEPT,2020-0119832,Davidson,Nashville,2/19/2020 7:52:00 AM,2,0,0,36.134400,-86.726760,I 24,,,,0.00,,,,,,,52.10,N,Not at Intersection, ,,None,,,         ,Stanley,Collins,,,no,no,no,no,no,False
102656688,METROPOLITAN NASHVILLE POLICE DEPT,20200119657,Davidson,Nashville,2/19/2020 6:49:00 AM,2,2,0,36.045700,-86.720850,OLD HICKORY BLVD,,,,17.00,Feet,West,HICKORY VILLA DR,,,,0.00,N,Not at Intersection,N,Non-Junction,None,,,         ,Nathan,Kemp,Clear,Front to Rear,no,no,no,no,no,False
102656689,METROPOLITAN NASHVILLE POLICE DEPT,20200119774,Davidson,Nashville,2/19/2020 7:47:00 AM,3,1,0,36.115810,-86.782850,I 440,,,,0.00,,,,,,,4.40,N,Not at Intersection,N,Non-Junction,None,,,         ,Nathan,Kemp,Clear,Front to Rear,no,no,no,no,no,False
102656691,METROPOLITAN NASHVILLE POLICE DEPT,20200119649,Davidson,Nashville,2/19/2020 6:22:00 AM,2,0,0,36.160760,-86.793690,14TH AVN,,,,0.00,,,CHARLOTTE AV,,,,0.00,Y,Four-Way, ,Intersection-Related,None,,,         ,John,Roberson,Cloudy,"Sideswipe, Same Direction",no,no,no,no,no,False
102656692,METROPOLITAN NASHVILLE POLICE DEPT,20200119872,Davidson,Nashville,2/19/2020 8:27:00 AM,3,0,0,36.044850,-86.662990,BELL RD,,,,433.00,Feet,West,CANE RIDGE RD,,,,0.00,N,Not at Intersection, ,,None,,,         ,Patrick,Martin,,,no,no,no,no,no,False
102656693,METROPOLITAN NASHVILLE POLICE DEPT,20200120006,Davidson,Nashville,2/19/2020 8:34:00 AM,2,0,0,36.086900,-86.691810,ANTIOCH PKE,,,,224.00,Feet,South,HARDING PL,,,,0.00,N,Not at Intersection, ,Non-Junction,None,,,         ,Jason,Hees,Clear,Front to Rear,no,no,no,no,no,False
102656697,METROPOLITAN NASHVILLE POLICE DEPT,20200119650,Davidson,Nashville,2/19/2020 6:30:00 AM,2,0,0,36.143380,-86.686870,I 40,,,,0.00,,,,,,,215.45,N,Not at Intersection, ,Non-Junction,None,,,         ,William,Boler,Cloudy,"Sideswipe, Same Direction",no,no,no,no,yes,False
102656698,METROPOLITAN NASHVILLE POLICE DEPT,20200119797,Davidson,Nashville,2/19/2020 7:51:00 AM,2,0,0,36.192320,-86.616300,JUAREZ DR,,,,0.00,,,OLD HICKORY BLVD,,,,0.00,Y,Four-Way, ,Intersection,None,,,         ,Cassandra,Del Bosco,Cloudy,Front to Rear,no,no,no,no,no,False
102656708,METROPOLITAN NASHVILLE POLICE DEPT,20200119646,Davidson,Nashville,2/19/2020 5:53:00 AM,2,0,0,36.153630,-86.753610,HERMITAGE AV,,,,0.00,,,DECATUR AV,,,,0.00,Y,T-Intersection,N,Intersection,None,,,         ,Michael,Dance,Clear,Angle,no,no,no,no,no,False
102656709,METROPOLITAN NASHVILLE POLICE DEPT,20200119768,Davidson,Nashville,2/19/2020 7:44:00 AM,2,2,0,36.148810,-86.666280,ELM HILL PKE,,,,0.00,,,DONELSON PKE,,,,0.00,Y,Four-Way,N,Intersection,None,,,         ,Michael,Dance,Clear,HeadOn,no,no,no,no,no,False
102656719,METROPOLITAN NASHVILLE POLICE DEPT,20200119997,Davidson,Nashville,2/19/2020 9:10:00 AM,3,1,0,36.109030,-86.744230,NOLENSVILLE PKE,,,,127.00,Feet,North,TANKSLEY AV,,,,0.00,N,Not at Intersection,N,Non-Junction,None,,,         ,Charles,Wakefield,Clear,Front to Rear,no,no,no,no,no,False
102656728,METROPOLITAN NASHVILLE POLICE DEPT,20200119999,Davidson,Nashville,2/19/2020 9:19:00 AM,2,0,0,36.142160,-86.711460,I 40,,,,0.00,,,,,,,214.10,N,Not at Intersection, ,,None,,,         ,Michael,Dance,,,no,no,no,no,no,False
102656732,METROPOLITAN NASHVILLE POLICE DEPT,20200119954,Davidson,Nashville,2/19/2020 8:26:00 AM,2,1,0,36.152230,-86.766000,CARROLL ST,,,,129.00,Feet,West,I40 E ENT RAMP,,,,0.00,N,Not at Intersection,N,Non-Junction,None,,,         ,Michelle,Norris,Clear,Front to Rear,no,no,no,no,no,False
102656733,METROPOLITAN NASHVILLE POLICE DEPT,20200120105,Davidson,Nashville,2/19/2020 10:27:00 AM,2,0,0,36.039840,-86.743450,EDMONDSON PKE,,,,75.00,Feet,South,OLD HICKORY BLVD,,,,0.00,N,Not at Intersection,N,Non-Junction,None,,,         ,Nathan,Kemp,Clear,Front to Rear,no,no,no,no,yes,False
102656744,VANDERBILT UNIVERSITY POLICE,20200120111,Davidson,Nashville,2/19/2020 10:00:00 AM,2,0,0,36.143870,-86.805170,KIRKLAND PL,,,,0.00,,,,,,,0.00,,, ,Non-Junction,None,,,         ,Cheryl,Bradley,Clear,"Sideswipe, Same Direction",no,no,no,yes,yes,Campus
102656745,METROPOLITAN NASHVILLE POLICE DEPT,20200119920,Davidson,Nashville,2/19/2020 8:40:00 AM,2,1,0,36.109360,-86.727670,BRILEY PKWYN,,,,114.00,Feet,East,BRILEY PKWYS,,,,0.00,N,Not at Intersection, ,Non-Junction,None,,,         ,James,Thomas,Clear,Front to Rear,no,no,no,no,no,False
102656746,METROPOLITAN NASHVILLE POLICE DEPT,20200119644,Davidson,Nashville,2/19/2020 6:27:00 AM,2,0,0,36.201520,-86.776840,I 65,,,,0.00,,,,,,,87.00,N,Not at Intersection,N,Non-Junction,None,,,         ,James,Wray,Clear,Front to Rear,no,no,no,no,no,False
102656752,METROPOLITAN NASHVILLE POLICE DEPT,20200120193,Davidson,Nashville,2/19/2020 11:18:00 AM,1,0,0,36.087170,-86.700780,I 24,,,,0.00,,,,,,,55.65,N,Not at Intersection, ,,None,,,         ,Patrick,Martin,,,no,no,no,no,no,False
102656753,METROPOLITAN NASHVILLE POLICE DEPT,20200120117,Davidson,Nashville,2/19/2020 10:30:00 AM,2,0,0,36.125540,-86.813780,I 440,,,,0.00,,,,,,,2.35,N,Not at Intersection, ,Non-Junction,Construction Zone,,,         ,John,Roberson,Clear,Front to Rear,no,no,no,no,no,False
102656765,METROPOLITAN NASHVILLE POLICE DEPT,20200119935,Davidson,Nashville,2/19/2020 8:54:00 AM,2,1,0,36.140570,-86.723690,I 40,,,,0.00,,,,,,,213.50,N,Not at Intersection,N,Non-Junction,None,,,         ,Jason,Thomas,Clear,Front to Rear,no,no,no,no,no,False
102656779,METROPOLITAN NASHVILLE POLICE DEPT,20200120205,Davidson,Nashville,2/19/2020 11:25:00 AM,2,0,0,36.146840,-86.808630,WEST END AV,,,,0.00,,,25TH AVN,,,,0.00,Y,Four-Way, ,Intersection,None,,,         ,Michelle,Norris,Clear,Front to Rear,no,no,no,no,no,Campus
102656785,METROPOLITAN NASHVILLE POLICE DEPT,20200120310,Davidson,Nashville,2/19/2020 12:00:00 PM,2,0,0,36.124810,-86.847880,HARDING PKE,,,,96.00,Feet,West,WOODMONT BLVD,,,,0.00,N,Not at Intersection, ,Non-Junction,None,,,         ,Curtis,Rich,Clear,"Sideswipe, Same Direction",no,no,no,no,no,False