master_record_number,agency,agency_tracking_number,county,city,collision_date,vehicles_involved,number_injured,number_dead,latitude,longitude,roadway_name,roadway_suffix,roadway_number,roadway_local_id,distance_from_reference,miles-feet_indicator,direction_from_reference,intersection_road_name,intersection_road_name_suffix,intersection_road_number,intersection_local_id,mile_marker,intersection_indicator,intersect_type,interchange_related_indicator,relation_to_junction,work_zone_type,construction_maintenance_zone,construction_maintenance_zone_location,fatal_case_number,officer_first_name,officer_last_name,weather_condition(s),manner_of_crash,pedestrian,bicycle,scooter,parking,hitrun,mou
102656792,METROPOLITAN NASHVILLE POLICE DEPT,20200120309,Davidson,Nashville,2/19/2020 12:01:00 PM,2,0,0,36.084640,-86.688900,EZELL PKE,,,,324.00,Feet,North,ANTIOCH PKE,,,,0.00,N,Not at Intersection, ,,None,,,         ,Patrick,Martin,,,no,no,no,no,no,False
102656836,METROPOLITAN NASHVILLE POLICE DEPT,2020-0100964,Davidson,Nashville,2/11/2020 12:54:00 PM,2,0,0,36.140830,-86.660210,I 40,,,,0.00,,,,,,,218.00,N,Not at Intersection, ,Entrance/Exit Ramp Related,None,,,         ,Keith,Covert,Clear,Front to Rear,no,no,no,no,no,False
102656845,METROPOLITAN NASHVILLE POLICE DEPT,20200108256,Davidson,Nashville,2/14/2020 8:40:00 AM,1,1,0,36.248470,-86.777460,BRICK CHURCH PKE,,,,333.00,Feet,North,VILLAGE TRL,,,,0.00,N,Not at Intersection,N,Non-Junction,None,,,         ,Donald,Davidson,Clear,Not Collision with Motor Vehicle in Transport,no,no,no,no,no,False
102656858,METROPOLITAN NASHVILLE POLICE DEPT,20200119706,Davidson,Nashville,2/19/2020 7:17:00 AM,3,0,0,36.152920,-86.842250,46TH AVN,,,,0.00,,,,,,,0.00,,,N,Non-Junction,None,,,         ,Joseph,Jakes,Clear,Angle,no,no,no,no,no,False
102656876,METROPOLITAN NASHVILLE POLICE DEPT,20200120461,Davidson,Nashville,2/19/2020 1:00:00 PM,2,0,0,36.118950,-86.801300,I 440,,,,0.00,,,,,,,3.10,N,Not at Intersection, ,Non-Junction,None,,,         ,Curtis,Rich,Clear,Angle,no,no,no,no,yes,False
102656902,METROPOLITAN NASHVILLE POLICE DEPT,20200120281,Davidson,Nashville,2/19/2020 11:57:00 AM,2,0,0,36.160990,-86.792590,GEORGE L DAVIS BLVD,,,,78.00,Feet,South,CHARLOTTE AV,,,,0.00,N,Not at Intersection,N,OtherLocation,None,,,         ,Frank,Campbell,Clear,"Sideswipe, Same Direction",no,no,no,no,no,False
102656908,METROPOLITAN NASHVILLE POLICE DEPT,20200120353,Davidson,Nashville,2/19/2020 12:17:00 PM,2,0,0,36.098920,-86.924690,OLD HICKORY BLVD,,,,548.00,Feet,North,RIDGELAKE PKWY,,,,0.00,N,Not at Intersection, ,Non-Junction,Utility Zone,,,         ,Tyler,Heckaman,Clear,Front to Rear,no,no,no,no,no,False
102656909,METROPOLITAN NASHVILLE POLICE DEPT,20200120500,Davidson,Nashville,2/19/2020 1:40:00 PM,2,0,0,36.183170,-86.677460,MCGAVOCK PKE,,,,0.00,,,TWO RIVERS PKWY,,,,0.00,Y,T-Intersection, ,Intersection,None,,,         ,Michael,Dance,Clear,Front to Rear,no,no,no,no,no,False
102657008,METROPOLITAN NASHVILLE POLICE DEPT,20200120518,Davidson,Nashville,2/19/2020 1:40:00 PM,2,1,0,36.231580,-86.781210,EWING DR,,,,88.00,Feet,East,BRICK CHURCH PKE,,,,0.00,N,Not at Intersection,N,Non-Junction,None,,,         ,Broderick,Jones,Clear,Angle,no,no,no,no,no,False
102657030,METROPOLITAN NASHVILLE POLICE DEPT,20200120522,Davidson,Nashville,2/19/2020 1:56:00 PM,4,0,0,36.160520,-86.794180,CHARLOTTE AV,,,,170.00,Feet,West,14TH AVN,,,,0.00,N,Not at Intersection,N,Non-Junction,None,,,         ,Nathan,Kemp,Clear,Front to Rear,no,no,no,no,no,False
102657031,METROPOLITAN NASHVILLE POLICE DEPT,20200120532,Davidson,Nashville,2/19/2020 2:03:00 PM,2,0,0,36.153920,-86.787760,DEMONBREUN ST,,,,0.00,,,I40 W EXT RAMP,,,,0.00,Y,Four-Way, ,Intersection,None,,,         ,Nathan,Kemp,Clear,Angle,no,no,no,no,no,False
102657034,METROPOLITAN NASHVILLE POLICE DEPT,20200120609,Davidson,Nashville,2/19/2020 2:40:00 PM,2,0,0,36.120430,-86.750610,MELROSE AV,,,,0.00,,,GRANDVIEW AV,,,,0.00,Y,T-Intersection,Y,Intersection,None,,,         ,Conor,Cronin,Clear,Angle,no,no,no,no,no,False
102657046,METROPOLITAN NASHVILLE POLICE DEPT,20200120611,Davidson,Nashville,2/19/2020 2:51:00 PM,2,0,0,36.134010,-86.758950,NOLENSVILLE PKE,,,,0.00,,,CRAIGHEAD ST,,,,0.00,Y,OTHER, ,,None,,,         ,Douglas,Sykes,,,no,no,no,no,no,False
102657065,METROPOLITAN NASHVILLE POLICE DEPT,20200120735,Davidson,Nashville,2/19/2020 3:39:00 PM,2,2,0,36.158680,-86.818060,CLIFTON AV,,,,141.00,Feet,East,28TH AVN,,,,0.00,N,Not at Intersection,N,Non-Junction,None,,,         ,Brian,Warstadt,Clear,Front to Rear,no,no,no,no,no,False
102657075,METROPOLITAN NASHVILLE POLICE DEPT,20200120708,Davidson,Nashville,2/19/2020 3:21:00 PM,2,1,0,36.173040,-86.869350,BRILEY PKWYN,,,,96.00,Feet,East,BRILEY PKWYS,,,,0.00,N,Not at Intersection, ,Non-Junction,None,,,         ,Je-Marc,Sears,Clear,Front to Rear,no,no,no,no,no,False
102657084,METROPOLITAN NASHVILLE POLICE DEPT,2020-0117851,Davidson,Nashville,2/18/2020 3:00:00 PM,2,0,0,36.145730,-86.776990,I 65,,,,0.00,,,,,,,82.20,N,Not at Intersection, ,Non-Junction,None,,,         ,Cory,West,Rain,"Sideswipe, Same Direction",no,no,no,no,yes,False
102657085,METROPOLITAN NASHVILLE POLICE DEPT,20200120492,Davidson,Nashville,2/19/2020 2:09:00 PM,2,1,0,36.219970,-86.762290,DICKERSON PIKE,,,,0.00,,West,,,,,0.01,N,Not at Intersection,N,Non-Junction,None,,,         ,Faye,Denson,Clear,Angle,no,no,no,no,yes,False
102657090,METROPOLITAN NASHVILLE POLICE DEPT,20200120771,Davidson,Nashville,2/19/2020 3:47:00 PM,3,2,0,36.121860,-86.759390,I 440,,,,0.00,,,,,,,5.80,N,Not at Intersection,N,Non-Junction,Construction Zone,Other,Activity Area,         ,Douglas,Sykes,Clear,Front to Rear,no,no,no,no,no,False
102657110,METROPOLITAN NASHVILLE POLICE DEPT,20200120732,Davidson,Nashville,2/19/2020 3:30:00 PM,2,1,0,36.193020,-86.830180,CLARKSVILLE PKE,,,,384.00,Feet,East,BUENA VISTA PKE,,,,0.00,N,Not at Intersection,N,Non-Junction,None,,,         ,Timothy,Skopek,Clear,Angle,no,no,no,no,no,False
102657111,METROPOLITAN NASHVILLE POLICE DEPT,20200120902,Davidson,Nashville,2/19/2020 3:50:00 PM,2,0,0,36.133240,-86.788760,12TH AVS,,,,0.00,,,CALDWELL AV,,,,0.00,Y,T-Intersection, ,Intersection,None,,,         ,Conor,Cronin,Clear,Front to Rear,no,no,no,no,no,False
102657115,METROPOLITAN NASHVILLE POLICE DEPT,20200120848,Davidson,Nashville,2/19/2020 4:33:00 PM,2,0,0,36.075480,-86.634960,BELL RD,,,,275.00,Feet,North,ANDERSON RD,,,,0.00,N,Not at Intersection, ,AccelDecelLane,None,,,         ,Steven,Powers,Cloudy,"Sideswipe, Same Direction",no,no,no,no,yes,False
102657117,METROPOLITAN NASHVILLE POLICE DEPT,20200120699,Davidson,Nashville,2/19/2020 3:05:00 PM,2,0,0,36.148320,-86.780170,I65 S ENT RAMP,,,,0.00,Feet,East,I 40,,,,0.00,N,Not at Intersection,N,Non-Junction,None,,,         ,Citlaly,Juarez,Clear,"Sideswipe, Same Direction",no,no,no,no,yes,False
102657118,METROPOLITAN NASHVILLE POLICE DEPT,20200120692,Davidson,Nashville,2/19/2020 3:15:00 PM,2,0,0,36.149280,-86.763770,LAFAYETTE ST,,,,397.00,Feet,West,CHARLES E DAVIS BLVD,,,,0.00,N,Not at Intersection,N,Non-Junction,None,,,         ,Zaire,Murray,Clear,Rear to Side,no,no,no,yes,yes,False
102657133,METROPOLITAN NASHVILLE POLICE DEPT,20200120539,Davidson,Nashville,2/19/2020 2:05:00 PM,2,0,0,36.153270,-86.769560,2ND AVS,,,,0.00,,,ASH ST,,,,0.00,Y,T-Intersection,N,Intersection,None,,,         ,Joshua,Reece,Clear,Angle,no,no,no,no,no,False
102657148,METROPOLITAN NASHVILLE POLICE DEPT,20200120669,Davidson,Nashville,2/19/2020 3:08:00 PM,2,2,0,36.176510,-86.778230,SPRING ST,,,,635.00,Feet,West,COWAN ST,,,,0.00,N,Not at Intersection,N,Non-Junction,None,,,         ,Joseph,Bingham,Clear,Front to Rear,no,no,no,no,no,False
102657149,METROPOLITAN NASHVILLE POLICE DEPT,20200120836,Davidson,Nashville,2/19/2020 4:30:00 PM,2,1,0,36.143650,-86.688700,I 40,,,,0.00,,,,,,,215.35,N,Not at Intersection,Y,Entrance/Exit Ramp Related,None,,,         ,Keith,Covert,Clear,Front to Rear,no,no,no,no,no,False
102657150,METROPOLITAN NASHVILLE POLICE DEPT,20200120982,Davidson,Nashville,2/19/2020 5:35:00 PM,2,0,0,36.139230,-86.880350,CHARLOTTE PKE,,,,87.00,Feet,East,HILLWOOD BLVD,,,,0.00,N,Not at Intersection, ,,None,,,         ,Devonte,Coleman,,,no,no,no,no,no,False
102657160,METROPOLITAN NASHVILLE POLICE DEPT,20200121000,Davidson,Nashville,2/19/2020 5:48:00 PM,3,1,0,36.143030,-86.736970,I 40,,,,0.00,,,,,,,212.70,N,Not at Intersection,N,Non-Junction,None,,,         ,Adam,Warren,Clear,Front to Rear,no,no,no,no,no,False
102657163,METROPOLITAN NASHVILLE POLICE DEPT,20200120569,Davidson,Nashville,2/19/2020 2:29:00 PM,2,1,1,36.045740,-86.674350,BLUE HOLE RD,,,,0.00,,,BELL RD,,,,0.00,Y,Four-Way,N,Intersection,None,,,20-0177  ,Kevin,Coleman,Clear,HeadOn,no,no,no,no,no,False
102657164,METROPOLITAN NASHVILLE POLICE DEPT,20200120743,Davidson,Nashville,2/19/2020 12:00:00 AM,2,0,0,36.044550,-86.694470,BELL RD,,,,411.00,Feet,West,BROOK VIEW ESTATES DR,,,,0.00,N,Not at Intersection, ,Non-Junction,None,,,         ,Maccio,Hightower,Clear,Front to Rear,no,no,no,no,no,False
102657169,METROPOLITAN NASHVILLE POLICE DEPT,20200120728,Davidson,Nashville,2/19/2020 3:36:00 PM,2,1,0,36.133860,-86.890180,OLD CHARLOTTE PKE,,,,0.00,,,CHARLOTTE PKE,,,,0.00,Y,T-Intersection,N,Intersection,None,,,         ,Matthew,Mrowiec,Clear,Angle,no,no,no,no,no,False
102657173,METROPOLITAN NASHVILLE POLICE DEPT,20200121068,Davidson,Nashville,2/19/2020 6:26:00 PM,2,0,0,36.143020,-86.736960,I 40,,,,0.00,,,,,,,212.70,N,Not at Intersection, ,Non-Junction,None,,,         ,Adam,Gartner,Clear,"Sideswipe, Same Direction",no,no,no,no,no,False
102657177,METROPOLITAN NASHVILLE POLICE DEPT,20200121110,Davidson,Nashville,2/19/2020 6:32:00 PM,2,0,0,36.084430,-86.705020,HARDING PL,,,,274.00,Feet,East,LARGO DR,,,,0.00,N,Not at Intersection,N,Non-Junction,None,,,         ,John,Walden,Clear,Angle,no,no,no,no,no,False
102657178,METROPOLITAN NASHVILLE POLICE DEPT,20200120826,Davidson,Nashville,2/19/2020 4:08:00 PM,2,0,0,36.046880,-86.679600,BELL RD,,,,58.00,Feet,West,BRITTANY PARK DR,,,,0.00,N,Not at Intersection, ,,None,,,         ,Edward,Starke,,,no,no,no,no,no,False
102657179,METROPOLITAN NASHVILLE POLICE DEPT,20200121109,Davidson,Nashville,2/19/2020 6:41:00 PM,2,2,0,36.145980,-86.810410,WEST END AV,,,,0.00,Feet,East,CENTENNIAL PARK PVTDR,,,,0.00,N,Not at Intersection,N,Non-Junction,None,,,         ,Brady,Reynolds,Clear,Angle,no,no,no,no,no,Campus
102657182,VANDERBILT UNIVERSITY POLICE,20200121030,Davidson,Nashville,2/19/2020 5:15:00 PM,2,0,0,36.144830,-86.798190,19TH AVS,,,,191.00,Feet,West,EDGEHILL AV,,,,0.00,N,Not at Intersection, ,OtherLocation,None,,,         ,Ray,Stanard,Clear,Angle,no,no,no,yes,no,Campus
102657185,METROPOLITAN NASHVILLE POLICE DEPT,20200121001,Davidson,Nashville,2/19/2020 5:52:00 PM,1,1,0,36.099270,-86.710560,I 24,,,,0.00,,,,,,,54.60,N,Not at Intersection,N,Non-Junction,None,,,         ,Edward,Starke,Clear,Not Collision with Motor Vehicle in Transport,no,no,no,no,no,False
102657186,METROPOLITAN NASHVILLE POLICE DEPT,20200121183,Davidson,Nashville,2/19/2020 7:13:00 PM,2,1,0,36.135540,-86.797170,MAGNOLIA BLVD,,,,0.00,,,17TH AVS,,,,0.00,Y,Four-Way,Y,Intersection,None,,,         ,Benny,Pittman,Clear,Angle,no,no,no,no,no,False
102657214,METROPOLITAN NASHVILLE POLICE DEPT,20200121019,Davidson,Nashville,2/19/2020 5:34:00 PM,2,0,0,36.170320,-86.772890,N 1ST ST,,,,0.00,,,MAIN ST,,,,0.00,Y,Four-Way, ,Non-Junction,None,,,         ,Roy,Sain Jr.,Clear,"Sideswipe, Same Direction",no,no,no,no,no,False
102657222,METROPOLITAN NASHVILLE POLICE DEPT,20200121218,Davidson,Nashville,2/19/2020 6:00:00 PM,2,0,0,36.128760,-86.853310,WHITE BRIDGE PKE,,,,446.00,Feet,East,TARGET PVTDR,,,,0.00,N,Not at Intersection,Y,OtherLocation,None,,,         ,Justin,Coyle,Clear,"Sideswipe, Opposite Direction",no,no,no,no,yes,False
102657233,METROPOLITAN NASHVILLE POLICE DEPT,20200121163,Davidson,Nashville,2/19/2020 6:30:00 PM,3,0,0,36.163800,-86.793890,I 40,,,,0.00,Feet,East,I40 E EXT RAMP,,,,0.00,N,Not at Intersection,N,Non-Junction,None,,,         ,Timothy,Skopek,Clear,Front to Rear,no,no,no,no,no,False
102657245,METROPOLITAN NASHVILLE POLICE DEPT,20200121059,Davidson,Nashville,2/19/2020 6:02:00 PM,2,0,0,36.139380,-86.665820,I40 E ENT RAMP,,,,0.00,Feet,East,DONELSON PKE,,,,0.00,N,Not at Intersection,N,Entrance/Exit Ramp Related,None,,,         ,Dontaveous,Eubanks,Clear,Angle,no,no,no,no,no,False
102657277,METROPOLITAN NASHVILLE POLICE DEPT,20200120533,Davidson,Nashville,2/19/2020 2:01:00 PM,1,0,0,36.180240,-86.785140,TAYLOR ST,,,,0.00,,,DOWNTOWN GRNWY,,,,0.00,Y,OTHER, ,,None,,,         ,Michael,Douglas,,,no,no,no,yes,no,False
102657282,METROPOLITAN NASHVILLE POLICE DEPT,20200121319,Davidson,Nashville,2/19/2020 7:30:00 PM,2,0,0,36.143060,-86.739910,PIPOOL AVE,,,,577.00,Feet,North,ELM HILL PIKE,,,,0.00,N,Not at Intersection, ,Non-Junction,None,,,         ,Katelin,Ehrhardt,Clear,Angle,no,no,no,yes,no,False
102657303,METROPOLITAN NASHVILLE POLICE DEPT,20200121361,Davidson,Nashville,2/19/2020 8:40:00 PM,2,0,0,36.126870,-86.752700,VIVELLE AV,,,,131.00,Feet,East,NOLENSVILLE PKE,,,,0.00,N,Not at Intersection,N,Non-Junction,None,,,         ,Edward,Starke,Clear,Angle,no,no,no,yes,yes,False
102657308,METROPOLITAN NASHVILLE POLICE DEPT,20200121368,Davidson,Nashville,2/19/2020 8:40:00 PM,1,1,0,36.076610,-86.920610,OLD HICKORY BLVD,,,,72.00,Feet,South,BELLE FOREST CIR,,,,0.00,N,Not at Intersection,N,Non-Junction,None,,,         ,Devonte,Coleman,Clear,Unknown,yes,no,no,no,yes,False
102657346,METROPOLITAN NASHVILLE POLICE DEPT,20200121574,Davidson,Nashville,2/19/2020 3:25:00 AM,1,0,0,36.151390,-86.768710,I 40,,,,0.00,,,,,,,210.50,N,Not at Intersection, ,Non-Junction,None,,,         ,Cressie,Prill,Clear,Not Collision with Motor Vehicle in Transport,no,no,no,no,no,False
102657386,METROPOLITAN NASHVILLE POLICE DEPT,20200121517,Davidson,Nashville,2/19/2020 9:50:00 PM,1,1,0,36.037660,-86.797790,CREEKSIDE XING,,,,84.00,Feet,South,STATE HWY 254,,,,0.00,N,Not at Intersection,N,Non-Junction,None,,,         ,Katelin,Ehrhardt,Clear,Not Collision with Motor Vehicle in Transport,no,no,no,no,no,False
102657408,METROPOLITAN NASHVILLE POLICE DEPT,20200121391,Davidson,Nashville,2/19/2020 8:16:00 PM,2,0,0,36.155170,-86.692240,BRILEY PKWYS,,,,0.00,,,,,,,0.00,,, ,Non-Junction,None,,,         ,Phillip,Burke,Clear,"Sideswipe, Same Direction",no,no,no,no,no,False
102657421,METROPOLITAN NASHVILLE POLICE DEPT,20200121599,Davidson,Not in City Limit,2/19/2020 10:30:00 PM,1,0,0,36.013400,-87.028600,HIGHWAY 96,,,,1058.00,Feet,North,OLD HARDING PKE,,,,0.00,N,Not at Intersection, ,Non-Junction,None,,,         ,Aaron,Wigginton,Clear,Not Collision with Motor Vehicle in Transport,no,no,no,no,no,False
102657428,METROPOLITAN NASHVILLE POLICE DEPT,20200121680,Davidson,Nashville,2/19/2020 11:00:00 PM,1,0,0,36.182400,-86.817640,25TH AVN,,,,113.00,Feet,South,SEIFRIED ST,,,,0.00,N,Not at Intersection,N,OtherLocation,None,,,         ,Amery,Milligan,Clear,Unknown,no,no,no,yes,yes,False
102657434,METROPOLITAN NASHVILLE POLICE DEPT,20200121627,Davidson,Nashville,2/19/2020 10:38:00 PM,2,0,0,36.076810,-86.726230,EDMONDSON PKE,,,,222.00,Feet,West,WALLACE RD,,,,0.00,N,Not at Intersection,N,Non-Junction,None,,,         ,Taylor,Hurley,Clear,Angle,no,no,no,no,no,False
102657437,METROPOLITAN NASHVILLE POLICE DEPT,20200121675,Davidson,Not in City Limit,2/19/2020 11:25:00 PM,1,1,0,36.261900,-86.852150,CLARKSVILLE PKE,,,,1150.00,Feet,North,DRY FORK RD,,,,0.00,N,Not at Intersection,N,Non-Junction,None,,,         ,John,Deiterick,Clear,Not Collision with Motor Vehicle in Transport,no,no,no,no,no,False
102657447,Nashville Airport Police,2020-00644,Davidson,Nashville,2/19/2020 10:15:00 PM,2,0,0,36.140050,-86.666390,DONELSON PKE,,,,0.00,,,DONELSON PKE,,,,0.00,Y,OTHER, ,Non-Junction,None,,,         ,Ahscari,Valencia,Clear,Other,no,no,no,no,no,False
102657471,METROPOLITAN NASHVILLE POLICE DEPT,20200121854,Davidson,Nashville,2/20/2020 12:38:00 AM,1,1,0,36.071820,-86.697880,WILLARD DR,,,,95.00,Feet,East,EAST RIDGE DR,,,,0.00,N,Not at Intersection,N,Non-Junction,None,,,         ,Teresah,Pinho,Clear,Not Collision with Motor Vehicle in Transport,no,no,no,no,no,False
102657478,METROPOLITAN NASHVILLE POLICE DEPT,20200122109,Davidson,Nashville,2/20/2020 12:00:00 AM,2,0,0,36.052610,-86.673110,BLUE HOLE RD,,,,0.00,Feet,South,TUSCULUM RD,,,,0.00,N,Not at Intersection,N,Non-Junction,None,,,         ,Antoine,Maghamez,Clear,HeadOn,no,no,no,no,yes,False
102657513,METROPOLITAN NASHVILLE POLICE DEPT,20200122355,Davidson,Nashville,2/20/2020 5:20:00 AM,2,0,0,36.236680,-86.803180,KNIGHT DR,,,,0.00,Feet,East,GREEN LN,,,,0.00,N,Not at Intersection, ,Non-Junction,None,,,         ,David,Crisman,Clear,"Sideswipe, Same Direction",no,no,no,no,no,False
102657518,METROPOLITAN NASHVILLE POLICE DEPT,20200122214,Davidson,Nashville,2/20/2020 3:20:00 AM,2,0,0,36.256190,-86.714390,NEELYS BEND RD,,,,0.00,,,GALLATIN PKES,,,,0.00,Y,T-Intersection, ,Intersection,None,,,         ,Michael,Reid,Clear,Angle,no,no,no,no,yes,False
102657565,VANDERBILT UNIVERSITY POLICE,20200119082,Davidson,Nashville,2/19/2020 7:52:00 AM,1,0,0,36.110530,-86.765100,POWELL AV,,,,864.00,Feet,South,BRANSFORD AV,,,,0.00,N,Not at Intersection, ,Non-Junction,None,,,         ,Anthony,Jones,Cloudy,Not Collision with Motor Vehicle in Transport,no,no,no,yes,no,OHO
102657567,METROPOLITAN NASHVILLE POLICE DEPT,20200122458,Davidson,Nashville,2/20/2020 6:50:00 AM,2,1,0,36.101790,-86.740550,NOLENSVILLE PKE,,,,0.00,,,ANTIOCH PKE,,,,0.00,Y,T-Intersection,N,Intersection,None,,,         ,Nathan,Kemp,Clear,Front to Rear,no,no,no,no,no,False
102657574,METROPOLITAN NASHVILLE POLICE DEPT,20200122471,Davidson,Nashville,2/20/2020 6:38:00 AM,1,0,0,36.211580,-86.896920,ASHLAND CITY HWY,,,,277.00,Feet,East,OLD HYDES FERRY PKE,,,,0.00,N,Not at Intersection,N,Non-Junction,None,,,         ,Royce,McLester,Cloudy,Not Collision with Motor Vehicle in Transport,no,no,no,no,no,False
102657575,METROPOLITAN NASHVILLE POLICE DEPT,20200122505,Davidson,Antioch,2/20/2020 7:13:00 AM,2,0,0,36.042060,-86.607930,HOBSON PKE,,,,497.00,Feet,West,MURFREESBORO PKE,,,,0.00,N,Not at Intersection, ,Non-Junction,None,,,         ,Patrick,Martin,Cloudy,"Sideswipe, Same Direction",no,no,no,no,no,False
102657594,METROPOLITAN NASHVILLE POLICE DEPT,20200122500,Davidson,Not in City Limit,2/20/2020 7:12:00 AM,2,1,0,36.257260,-86.713980,GALLATIN PKES,,,,0.00,,,HARRINGTON AV,,,,0.00,Y,T-Intersection,N,Intersection-Related,None,,,         ,William,Coy,Rain,Front to Rear,no,no,no,no,no,False
102657611,METROPOLITAN NASHVILLE POLICE DEPT,20200122567,Davidson,Nashville,2/20/2020 7:55:00 AM,4,1,0,36.097550,-86.872880,HIGHWAY 100,,,,203.00,Feet,North,W TYNE DR,,,,0.00,N,Not at Intersection,N,Non-Junction,None,,,         ,Curtis,Rich,Rain,Front to Rear,no,no,no,no,yes,False
102657635,METROPOLITAN NASHVILLE POLICE DEPT,20200122638,Davidson,Nashville,2/20/2020 8:28:00 AM,2,0,0,36.065930,-86.738200,EDMONDSON PKE,,,,40.00,Feet,South,BREWER DR,,,,0.00,N,Not at Intersection, ,Non-Junction,None,,,         ,Earl,Davis,Snow,Front to Rear,no,no,no,no,no,False
102657646,METROPOLITAN NASHVILLE POLICE DEPT,20200122602,Davidson,Nashville,2/20/2020 8:03:00 AM,2,0,0,36.227590,-86.773360,I 65,,,,0.00,,,,,,,88.80,N,Not at Intersection, ,Non-Junction,None,,,         ,Broderick,Jones,Rain,"Sideswipe, Same Direction",no,no,no,no,no,False
102657647,METROPOLITAN NASHVILLE POLICE DEPT,20200122717,Davidson,Nashville,2/20/2020 12:00:00 AM,2,0,0,36.102150,-86.860770,WESTOVER AV,,,,214.00,Feet,South,LEAKE AV,,,,0.00,N,Not at Intersection, ,Non-Junction,None,,,         ,Curtis,Rich,Unknown,"Sideswipe, Same Direction",no,no,no,no,yes,False
102657649,METROPOLITAN NASHVILLE POLICE DEPT,2020-0122612,Davidson,Nashville,2/20/2020 7:57:00 AM,2,0,0,36.079530,-86.720430,RECOVERY RD,,,,161.00,Feet,North,WALLACE RD,,,,0.00,N,Not at Intersection,N,Non-Junction,None,,,         ,Stanley,Collins,Rain,Front to Rear,no,no,no,no,no,False
102657652,METROPOLITAN NASHVILLE POLICE DEPT,20200122689,Davidson,Nashville,2/20/2020 9:00:00 AM,3,0,0,36.120510,-86.773430,I 65,,,,0.00,,,,,,,80.50,N,Not at Intersection, ,Non-Junction,None,,,         ,Nathan,Kemp,Sleet/Hail,Front to Rear,no,no,no,no,no,False
102657653,METROPOLITAN NASHVILLE POLICE DEPT,20200122684,Davidson,Nashville,2/20/2020 8:59:00 AM,2,0,0,36.113030,-86.799700,WOODMONT BLVD,,,,97.00,Feet,East,BELMONT BLVD,,,,0.00,N,Not at Intersection, ,Non-Junction,None,,,         ,Nathan,Kemp,Sleet/Hail,Front to Rear,no,no,no,no,no,False
102657658,METROPOLITAN NASHVILLE POLICE DEPT,20200122611,Davidson,Nashville,2/20/2020 7:33:00 AM,2,0,0,36.132710,-86.723190,PAVILION BLVD,,,,0.00,Feet,,PLUS PARK BLVD,,,,0.00,Y,Four-Way,N,Intersection,None,,,         ,Patrick,Martin,Rain,Angle,no,no,no,no,yes,False
102657661,METROPOLITAN NASHVILLE POLICE DEPT,20200122481,Davidson,Nashville,2/20/2020 6:55:00 AM,3,0,0,36.155650,-86.789720,14TH AVN,,,,0.00,,,BROADWAY,,,,0.00,Y,Four-Way, ,Intersection-Related,None,,,         ,John,Roberson,Cloudy,Front to Rear,no,no,no,no,no,False
102657669,METROPOLITAN NASHVILLE POLICE DEPT,20200122571,Davidson,Nashville,2/20/2020 7:56:00 AM,2,1,0,36.182590,-86.847780,CAMILLA CALDWELL LN,,,,0.00,,,COUNTY HOSPITAL RD,,,,0.00,Y,T-Intersection,N,Non-Junction,None,,,         ,James,Wray,Rain,Other,no,no,no,no,no,False
102657673,METROPOLITAN NASHVILLE POLICE DEPT,20200122727,Davidson,Nashville,2/20/2020 12:00:00 AM,2,0,0,36.216500,-86.775240,I 65,,,,0.00,,,,,,,88.05,N,Not at Intersection, ,Non-Junction,None,,,         ,Julie,Nabors,Rain,"Sideswipe, Same Direction",no,no,no,no,no,False
102657674,METROPOLITAN NASHVILLE POLICE DEPT,20200122651,Davidson,Nashville,2/20/2020 8:00:00 AM,2,0,0,36.048440,-86.657390,HICKORY HOLLOW MALL PVTDR PL,,,,10.00,Feet,North,HICKORY HOLLOW PKWY,,,,0.00,N,Not at Intersection,N,Non-Junction,None,,,         ,William,Burnett,Sleet/Hail,Angle,no,no,no,no,no,False
102657675,METROPOLITAN NASHVILLE POLICE DEPT,20200122468,Davidson,Nashville,2/20/2020 6:00:00 AM,1,0,0,36.040800,-86.609700,HOBSON PKE,,,,1193.00,Feet,West,MURFREESBORO PKE,,,,0.00,N,Not at Intersection,N,Non-Junction,None,,,         ,James,Thomas,Cloudy,Not Collision with Motor Vehicle in Transport,no,no,no,no,yes,False
102657692,BERRY HILL POLICE DEPT,20-0698,Davidson,Berry Hill,2/19/2020 12:34:00 PM,2,0,0,36.120840,-86.775270,FRANKLIN PKE,,,,0.00,Feet,East,KIRKWOOD AV,,,,0.00,N,Not at Intersection, ,Non-Junction,None,,,         ,Ronnie,Hill,Cloudy,Angle,no,no,no,no,no,False
102657693,BERRY HILL POLICE DEPT,20-0705,Davidson,Berry Hill,2/20/2020 7:00:00 AM,2,0,0,36.119560,-86.761380,MELROSE AV,,,,0.00,,,FOUR FORTY CENTER PVTDR,,,,0.00,Y,T-Intersection, ,Non-Junction,None,,,         ,Ronnie,Hill,Cloudy,Angle,no,no,no,no,no,False
102657697,VANDERBILT UNIVERSITY POLICE,20200092017,Davidson,Nashville,2/7/2020 12:50:00 PM,2,0,0,36.138030,-86.805050,BLAKEMORE AV,,,,0.00,,,24TH AVS,,,,0.00,Y,Four-Way,N,Intersection,None,,,         ,Patrick,Conwell,Rain,"Sideswipe, Same Direction",no,no,no,no,no,Campus
102657699,METROPOLITAN NASHVILLE POLICE DEPT,20200122735,Davidson,Nashville,2/20/2020 9:20:00 AM,2,0,0,36.160090,-86.760490,I 24,,,,0.00,,,,,,,49.45,N,Not at Intersection,Y,Non-Junction,None,,,         ,Jordan,Shaffer,Snow,"Sideswipe, Same Direction",no,no,no,no,yes,False