master_record_number,agency,agency_tracking_number,county,city,collision_date,vehicles_involved,number_injured,number_dead,latitude,longitude,roadway_name,roadway_suffix,roadway_number,roadway_local_id,distance_from_reference,miles-feet_indicator,direction_from_reference,intersection_road_name,intersection_road_name_suffix,intersection_road_number,intersection_local_id,mile_marker,intersection_indicator,intersect_type,interchange_related_indicator,relation_to_junction,work_zone_type,construction_maintenance_zone,construction_maintenance_zone_location,fatal_case_number,officer_first_name,officer_last_name,weather_condition(s),manner_of_crash,pedestrian,bicycle,scooter,parking,hitrun,mou
102657703,METROPOLITAN NASHVILLE POLICE DEPT,20200122694,Davidson,Nashville,2/20/2020 9:04:00 AM,2,0,0,36.191980,-86.781600,I 65,,,,0.00,,,,,,,86.25,N,Not at Intersection,N,Non-Junction,None,,,         ,James,Wray,Rain,Front to Rear,no,no,no,no,no,False
102657711,METROPOLITAN NASHVILLE POLICE DEPT,20200122601,Davidson,Nashville,2/20/2020 8:00:00 AM,2,0,0,36.028300,-86.672710,PETTUS RD,,,,0.00,,,BLUE HOLE RD,,,,0.00,Y,T-Intersection, ,Intersection,None,,,         ,Thomas,White,Snow,Angle,no,no,no,no,no,False
102657713,METROPOLITAN NASHVILLE POLICE DEPT,20200122759,Davidson,Nashville,2/20/2020 9:23:00 AM,2,0,0,36.124710,-86.752030,NOLENSVILLE PKE,,,,100.00,Feet,South,ROSEDALE AV,,,,0.00,N,Not at Intersection, ,,None,,,         ,Ryan,Howard,,,no,no,no,no,no,False
102657715,METROPOLITAN NASHVILLE POLICE DEPT,20200122758,Davidson,Nashville,2/20/2020 8:52:00 AM,2,0,0,36.141460,-86.715740,I 40,,,,0.00,,,,,,,213.90,N,Not at Intersection, ,Non-Junction,None,,,         ,Michael,Dance,Snow,"Sideswipe, Same Direction",no,no,no,no,no,False
102657718,METROPOLITAN NASHVILLE POLICE DEPT,20200121103,Davidson,Nashville,2/19/2020 6:36:00 PM,2,0,0,36.155940,-86.767090,HERMITAGE AV,,,,0.00,,,MIDDLETON ST,,,,0.00,Y,Four-Way, ,Intersection-Related,None,,,         ,Joshua,Reece,Clear,Angle,no,no,no,no,no,False
102657720,METROPOLITAN NASHVILLE POLICE DEPT,20200122605,Davidson,Nashville,2/20/2020 12:00:00 AM,2,0,0,36.107080,-86.768330,I 65,,,,0.00,,,,,,,79.50,N,Not at Intersection, ,Non-Junction,None,,,         ,Joel,Cottrill,Rain,"Sideswipe, Same Direction",no,no,no,no,yes,False
102657727,METROPOLITAN NASHVILLE POLICE DEPT,20200122792,Davidson,Nashville,2/20/2020 7:33:00 AM,3,0,0,36.137500,-86.699840,BRILEY PKWY,,,,120.00,Feet,North,GLASTONBURY RD,,,,0.00,N,Not at Intersection, ,Non-Junction,None,,,         ,Michael,Dance,Snow,"Sideswipe, Same Direction",no,no,no,no,no,False
102657728,METROPOLITAN NASHVILLE POLICE DEPT,20200122885,Davidson,Nashville,2/20/2020 10:56:00 AM,2,1,0,36.045360,-86.717840,OLD HICKORY BLVD,,,,240.00,Feet,West,HICKORY PLZ,,,,0.00,N,Not at Intersection, ,Non-Junction,None,,,         ,Nathan,Kemp,Snow,"Sideswipe, Same Direction",no,no,no,no,no,False
102657729,METROPOLITAN NASHVILLE POLICE DEPT,20200122634,Davidson,Nashville,2/20/2020 12:00:00 AM,2,1,0,36.209430,-86.776100,I 65,,,,0.00,,,,,,,87.55,N,Not at Intersection,N,Non-Junction,None,,,         ,Brandon,Chapman,Snow,Front to Rear,no,no,no,no,no,False
102657734,METROPOLITAN NASHVILLE POLICE DEPT,20200122716,Davidson,Nashville,2/20/2020 9:16:00 AM,2,0,0,36.135700,-86.726730,I 24,,,,0.00,,,,,,,52.20,N,Not at Intersection, ,,None,,,         ,Terry,Denton,,,no,no,no,no,no,False
102657744,METROPOLITAN NASHVILLE POLICE DEPT,20200122814,Davidson,Nashville,2/20/2020 7:21:00 AM,2,0,0,36.188220,-86.629320,LEBANON PKE,,,,0.00,,,HICKORY HILL LN,,,,0.00,Y,T-Intersection, ,Intersection,None,,,         ,Michael,Dance,Snow,Angle,no,no,no,no,no,False
102657752,METROPOLITAN NASHVILLE POLICE DEPT,20200122821,Davidson,Nashville,2/20/2020 10:15:00 AM,2,0,0,36.219370,-86.727570,GALLATIN PKE,,,,100.00,Feet,South,ARDEE AV,,,,0.00,N,Not at Intersection, ,Non-Junction,None,,,         ,Eric,Knight,Snow,"Sideswipe, Same Direction",no,no,no,no,no,False
102657759,METROPOLITAN NASHVILLE POLICE DEPT,20200122892,Davidson,Nashville,2/20/2020 12:00:00 AM,2,0,0,36.125220,-86.752250,US HWY 31 ALT,,,,82.00,Feet,North,ROSEDALE AVE,,,,0.00,N,Not at Intersection, ,,None,,,         ,Joel,Cottrill,,,no,no,no,no,no,False
102657760,METROPOLITAN NASHVILLE POLICE DEPT,20200122844,Davidson,Old Hickory,2/20/2020 7:54:00 AM,2,0,0,36.262970,-86.653420,8TH ST,,,,0.00,,,LIVINGSTON ST,,,,0.00,Y,T-Intersection,N,Intersection,None,,,         ,Michael,Dance,Snow,HeadOn,no,no,no,no,no,False
102657766,METROPOLITAN NASHVILLE POLICE DEPT,20200122811,Davidson,Nashville,2/20/2020 10:00:00 AM,2,0,0,36.160950,-86.797150,16TH AVN,,,,0.00,Feet,,PEARL ST,,,,0.00,Y,Four-Way,N,Intersection-Related,None,,,         ,Jean,McCormack,Snow,Other,no,no,no,no,no,False
102657767,METROPOLITAN NASHVILLE POLICE DEPT,20200122898,Davidson,Nashville,2/20/2020 12:00:00 AM,2,0,0,36.151750,-86.768240,I 40,,,,0.00,,,,,,,210.50,N,Not at Intersection, ,Non-Junction,None,,,         ,Roger,Luther,Rain,"Sideswipe, Same Direction",no,no,no,no,no,False
102657773,METROPOLITAN NASHVILLE POLICE DEPT,2020 0122869,Davidson,Nashville,2/20/2020 10:52:00 AM,2,1,0,36.153950,-86.841700,I 40,,,,0.00,,,,,,,204.85,N,Not at Intersection,N,Non-Junction,None,,,         ,Paul,Junkmann,Rain,Front to Rear,no,no,no,no,yes,False
102657774,METROPOLITAN NASHVILLE POLICE DEPT,20200122938,Davidson,Nashville,2/20/2020 11:40:00 AM,2,1,0,36.129460,-86.816740,I 440,,,,0.00,,,,,,,2.00,N,Not at Intersection,N,Non-Junction,Construction Zone,Other,Activity Area,         ,Curtis,Rich,Snow,Angle,no,no,no,no,no,False
102657776,METROPOLITAN NASHVILLE POLICE DEPT,20200122600,Davidson,Nashville,2/20/2020 8:07:00 AM,2,1,0,36.076590,-86.634880,DAVENPORT DR,,,,0.00,,,BELL RD,,,,0.00,Y,T-Intersection,N,Intersection,None,,,         ,William,Boler,Rain,Angle,no,no,no,no,no,False
102657791,METROPOLITAN NASHVILLE POLICE DEPT,20200122807,Davidson,Nashville,2/20/2020 10:12:00 AM,3,0,0,36.086460,-86.698690,I24 W EXT RAMP,,,,0.00,Feet,,I 24,,,,0.00,Y,Four-Way,N,Intersection,None,,,         ,Patrick,Martin,Snow,Angle,no,no,no,no,no,False
102657801,METROPOLITAN NASHVILLE POLICE DEPT,20200122851,Davidson,Nashville,2/20/2020 10:45:00 AM,2,0,0,36.153800,-86.756950,I 40,,,,0.00,,,,,,,211.15,N,Not at Intersection,N,Non-Junction,None,,,         ,Ronald,Bright,Rain,Front to Rear,no,no,no,no,no,False
102657828,METROPOLITAN NASHVILLE POLICE DEPT,20200122444,Davidson,Nashville,2/20/2020 6:37:00 AM,2,1,0,36.141270,-86.716890,I 40,,,,0.00,,,,,,,213.80,N,Not at Intersection,N,Non-Junction,None,,,         ,Larry,Benz,Cloudy,Angle,no,no,no,no,no,False
102657836,METROPOLITAN NASHVILLE POLICE DEPT,20200123023,Davidson,Nashville,2/20/2020 10:50:00 AM,2,1,0,36.142150,-86.666440,I40 W EXT RAMP,,,,0.00,,,I 40,,,,0.00,Y,T-Intersection, ,Intersection,None,,,         ,Michael,Dance,Rain,Front to Rear,no,no,no,no,no,False
102657837,METROPOLITAN NASHVILLE POLICE DEPT,20200122838,Davidson,Nashville,2/20/2020 10:40:00 AM,1,0,0,36.232060,-86.750920,WALTON LN,,,,0.00,,,MAPLEWOOD TRC,,,,0.00,Y,OTHER,N,Non-Junction,None,,,         ,Joshua,Baker,Snow,Not Collision with Motor Vehicle in Transport,no,no,no,yes,no,False
102657838,METROPOLITAN NASHVILLE POLICE DEPT,20200123033,Davidson,Nashville,2/20/2020 10:26:00 AM,2,0,0,36.049900,-86.649830,BELL RD,,,,100.00,Feet,West,MT VIEW RD,,,,0.00,N,Not at Intersection,N,Non-Junction,None,,,         ,Patrick,Martin,Cloudy,Front to Rear,no,no,no,no,no,False
102657851,METROPOLITAN NASHVILLE POLICE DEPT,20200123068,Davidson,Nashville,2/20/2020 12:55:00 PM,1,1,0,36.167660,-86.607490,I40 E EXT RAMP,,,,69.00,Feet,South,I 40,,,,0.00,N,Not at Intersection,N,Non-Junction,None,,,         ,Michael,Dance,Rain,Not Collision with Motor Vehicle in Transport,no,no,no,no,no,False
102657864,METROPOLITAN NASHVILLE POLICE DEPT,20200122983,Davidson,Nashville,2/20/2020 11:58:00 AM,2,1,0,36.122990,-86.751360,I 440,,,,0.00,,,,,,,6.30,N,Not at Intersection, ,Non-Junction,None,,,         ,Nathan,Kemp,Snow,Front to Rear,no,no,no,no,no,False
102657865,METROPOLITAN NASHVILLE POLICE DEPT,20200123040,Davidson,Nashville,2/20/2020 12:13:00 PM,2,0,0,36.122990,-86.751360,I 440,,,,0.00,,,,,,,6.30,N,Not at Intersection, ,Non-Junction,None,,,         ,Nathan,Kemp,Snow,Front to Rear,no,no,no,no,no,False
102657866,METROPOLITAN NASHVILLE POLICE DEPT,20200123065,Davidson,Nashville,2/20/2020 12:52:00 PM,2,0,0,36.118150,-86.796730,BELMONT BLVD,,,,276.00,Feet,South,CLAYTON AV,,,,0.00,N,Not at Intersection,N,"Driveway, Alley Access, etc",None,,,         ,Nathan,Kemp,Rain,Angle,no,no,no,no,no,False
102657886,METROPOLITAN NASHVILLE POLICE DEPT,20200123063,Davidson,Not in City Limit,2/20/2020 12:52:00 PM,2,1,0,36.272120,-86.689560,ANDERSON LN,,,,0.00,,,MYATT DR,,,,0.00,Y,Four-Way,N,Intersection,None,,,         ,Michelle,Steidl,Cloudy,Angle,no,no,no,no,yes,False
102657890,METROPOLITAN NASHVILLE POLICE DEPT,2020-0122923,Davidson,Nashville,2/20/2020 11:03:00 AM,2,0,0,36.106300,-86.743270,MORTON AV,,,,118.00,Feet,West,NOLENSVILLE PKE,,,,0.00,N,Not at Intersection, ,Non-Junction,None,,,         ,Sean,Williams,Clear,Angle,no,no,no,no,yes,False
102657893,METROPOLITAN NASHVILLE POLICE DEPT,20200121564,Davidson,Nashville,2/19/2020 9:57:00 PM,2,0,0,36.024940,-86.711110,ALTHORP WAY,,,,89.00,Feet,South,HOWICK LN,,,,0.00,N,Not at Intersection,N,Non-Junction,None,,,         ,Edward,Starke,Clear,"Sideswipe, Opposite Direction",no,no,no,yes,yes,False
102657895,VANDERBILT UNIVERSITY POLICE,20200122950,Davidson,Nashville,2/20/2020 11:38:00 AM,2,0,0,36.108390,-86.765160,POWELL AV,,,,696.00,Feet,North,POWELL PL,,,,0.00,N,Not at Intersection,N,Non-Junction,None,,,         ,Devon,Ross,Snow,Rear to Side,no,no,no,yes,no,OHO
102657899,METROPOLITAN NASHVILLE POLICE DEPT,20200122989,Davidson,Nashville,2/20/2020 12:10:00 PM,1,0,0,36.193460,-86.772520,DICKERSON PKE,,,,162.00,Feet,North,AUCTION WAY,,,,0.00,N,Not at Intersection,N,Non-Junction,None,,,         ,Joseph,Progar,Rain,Not Collision with Motor Vehicle in Transport,no,no,no,no,no,False
102657901,VANDERBILT UNIVERSITY POLICE,20200111211,Davidson,Nashville,2/20/2020 4:02:00 PM,2,1,0,36.150340,-86.801520,WEST END AV,,,,100.00,Feet,West,21ST AVN,,,,0.00,N,Not at Intersection,N,Non-Junction,None,,,         ,Christopher,Dion,Clear,"Sideswipe, Same Direction",no,no,no,no,no,Campus
102657903,METROPOLITAN NASHVILLE POLICE DEPT,20200123165,Davidson,Nashville,2/20/2020 1:50:00 PM,2,1,0,36.085170,-86.690470,ANTIOCH PKE,,,,153.00,Feet,South,PERIMETER HILL DR,,,,0.00,N,Not at Intersection, ,Non-Junction,None,,,         ,Ryan,Howard,Rain,Front to Rear,no,no,no,no,no,False
102657904,METROPOLITAN NASHVILLE POLICE DEPT,20200123059,Davidson,Nashville,2/20/2020 12:48:00 PM,2,3,0,36.241970,-86.757040,DICKERSON PKE ENT RAMP,,,,0.00,,,DICKERSON PKE,,,,0.00,Y,Four-Way,N,Intersection,None,,,         ,Brandon,Bilbrey,Rain,Angle,no,no,no,no,no,False
102657905,METROPOLITAN NASHVILLE POLICE DEPT,20200123009,Davidson,Nashville,2/20/2020 12:30:00 PM,2,0,0,36.149890,-86.859070,CHARLOTTE PKE,,,,102.00,Feet,East,MIDLAND AV,,,,0.00,N,Not at Intersection, ,Non-Junction,None,,,         ,George,Spencer,Rain,Front to Rear,no,no,no,no,no,False
102657909,METROPOLITAN NASHVILLE POLICE DEPT,20200122964,Davidson,Nashville,2/20/2020 11:57:00 AM,1,0,0,36.086560,-86.691360,ANTIOCH PKE,,,,403.00,Feet,South,HARDING PL,,,,0.00,N,Not at Intersection, ,Non-Junction,None,,,         ,Kevin,Coleman,Rain,Not Collision with Motor Vehicle in Transport,no,no,no,yes,no,False
102657916,METROPOLITAN NASHVILLE POLICE DEPT,20200123091,Davidson,Nashville,2/20/2020 1:00:00 PM,2,1,0,36.253100,-86.777000,BRICK CHURCH PKE,,,,19.00,Feet,North,WESTCHESTER DR,,,,0.00,N,Not at Intersection,N,Non-Junction,None,,,         ,Broderick,Jones,Cloudy,Angle,no,no,no,no,yes,False
102657931,METROPOLITAN NASHVILLE POLICE DEPT,20200123179,Davidson,Nashville,2/20/2020 1:22:00 PM,2,0,0,36.153710,-86.721560,SPENCE LN,,,,0.00,,,LEBANON PKE,,,,0.00,Y,Four-Way,N,Intersection,None,,,         ,Michael,Dance,Cloudy,Front to Rear,no,no,no,no,no,False
102657935,METROPOLITAN NASHVILLE POLICE DEPT,20200123152,Davidson,Nashville,2/20/2020 12:00:00 AM,1,0,0,36.068870,-86.669050,DOWDY DR,,,,297.00,Feet,North,RICHARDS RD,,,,0.00,N,Not at Intersection,N,Unknown,None,,,         ,William,Burnett,Unknown,Unknown,no,no,no,no,yes,False
102657945,METROPOLITAN NASHVILLE POLICE DEPT,20200123259,Davidson,Nashville,2/20/2020 2:10:00 PM,2,0,0,36.087980,-86.690980,HARDING PL,,,,414.00,Feet,East,ANTIOCH PKE,,,,0.00,N,Not at Intersection, ,,None,,,         ,Edward,Starke,,,no,no,no,no,no,False
102657966,METROPOLITAN NASHVILLE POLICE DEPT,20200123257,Davidson,Nashville,2/20/2020 2:56:00 PM,1,0,0,36.089350,-86.628680,NASHBORO BLVD,,,,184.00,Feet,East,FAIRWAY POINTE PVTDR,,,,0.00,N,Not at Intersection,N,Non-Junction,None,,,         ,Steven,Powers,Cloudy,Not Collision with Motor Vehicle in Transport,no,no,no,no,no,False
102657971,METROPOLITAN NASHVILLE POLICE DEPT,20200123356,Davidson,Nashville,2/20/2020 3:26:00 PM,2,0,0,36.158630,-86.878360,ROBERTSON AV,,,,0.00,,,ANNEX AV,,,,0.00,Y,Four-Way, ,Intersection,None,,,         ,Andrew,Mullen,Cloudy,Front to Rear,no,no,no,no,yes,False
102657980,METROPOLITAN NASHVILLE POLICE DEPT,20200123250,Davidson,Nashville,2/20/2020 2:19:00 PM,3,0,0,36.150650,-86.791090,MUSIC CIR N,,,,205.00,Feet,East,MUSIC SQ E,,,,0.00,N,Not at Intersection,N,Non-Junction,None,,,         ,Zachary,Plese,Cloudy,Angle,no,no,no,no,no,False
102658001,METROPOLITAN NASHVILLE POLICE DEPT,20200123311,Davidson,Nashville,2/20/2020 3:15:00 PM,2,2,0,36.213570,-86.764520,DICKERSON PKE,,,,0.00,,,DELLWAY VILLA RD,,,,0.00,Y,T-Intersection,N,Intersection,None,,,         ,David,Lang,Clear,Angle,no,no,no,no,no,False
102658012,METROPOLITAN NASHVILLE POLICE DEPT,2020-0123066,Davidson,Nashville,2/20/2020 12:50:00 PM,2,0,0,36.144370,-86.792310,TREMONT ST,,,,180.00,Feet,West,VILLA PL,,,,0.00,N,Not at Intersection,N,Non-Junction,None,,,         ,Po,Cheng,Cloudy,Angle,no,no,no,no,yes,False
102658022,METROPOLITAN NASHVILLE POLICE DEPT,20200123452,Davidson,Nashville,2/20/2020 2:45:00 PM,2,0,0,36.160800,-86.813900,BOOKER ST,,,,82.00,Feet,East,25TH AVN,,,,0.00,N,Not at Intersection,N,Non-Junction,None,,,         ,Jerica,Gladston,Clear,HeadOn,no,no,no,no,yes,False
102658030,METROPOLITAN NASHVILLE POLICE DEPT,20200123480,Davidson,Not in City Limit,2/20/2020 4:32:00 PM,2,0,0,36.269500,-86.736550,I 65,,,,0.00,,,,,,,92.60,N,Not at Intersection,N,Non-Junction,None,,,         ,Christopher,Littles,Clear,Front to Rear,no,no,no,no,no,False
102658035,METROPOLITAN NASHVILLE POLICE DEPT,20200120959,Davidson,Nashville,2/19/2020 5:25:00 PM,2,0,0,36.081610,-86.760200,HARDING PL,,,,479.00,Feet,East,TROUSDALE DR,,,,0.00,N,Not at Intersection, ,,None,,,         ,William,King,,,no,no,no,no,no,False
102658042,METROPOLITAN NASHVILLE POLICE DEPT,20200123319,Davidson,Nashville,2/20/2020 3:12:00 PM,3,0,0,36.237270,-86.729910,BRILEY PKWYW,,,,580.00,Feet,East,SAUNDERS AV,,,,0.00,N,Not at Intersection, ,Non-Junction,None,,,         ,Rodney,Phipps,Clear,"Sideswipe, Same Direction",no,no,no,no,no,False
102658054,METROPOLITAN NASHVILLE POLICE DEPT,20200123501,Davidson,Nashville,2/20/2020 4:44:00 PM,2,2,0,36.131730,-86.801440,US HWY 431,,,,4.00,Feet,South,BERNARD AVE,,,,0.00,N,Not at Intersection,N,Non-Junction,None,,,         ,Samuel,Sundra,Cloudy,Front to Rear,no,no,no,no,no,False
102658056,METROPOLITAN NASHVILLE POLICE DEPT,20200121582,Davidson,Nashville,2/19/2020 10:10:00 PM,2,0,0,36.106210,-86.673060,MURFREESBORO PKE,,,,0.00,,,DONELSON PKE,,,,0.00,Y,Four-Way,N,Intersection,None,,,         ,Russell,Ward,Clear,Angle,no,no,no,no,no,False
102658057,METROPOLITAN NASHVILLE POLICE DEPT,20200123418,Davidson,Nashville,2/20/2020 3:34:00 PM,2,0,0,36.151670,-86.767610,I40 E ENT RAMP,,,,0.00,,,I 40,,,,0.00,Y,OTHER, ,Entrance/Exit Ramp Related,None,,,         ,Derek,Betty,Clear,Front to Rear,no,no,no,no,no,False
102658064,METROPOLITAN NASHVILLE POLICE DEPT,20200123393,Davidson,Nashville,2/20/2020 3:54:00 PM,3,0,0,36.042100,-86.607860,HOBSON PKE,,,,472.00,Feet,West,MURFREESBORO PKE,,,,0.00,N,Not at Intersection, ,Non-Junction,None,,,         ,Edward,Starke,Clear,Front to Rear,no,no,no,no,no,False
102658065,METROPOLITAN NASHVILLE POLICE DEPT,20200123561,Davidson,Nashville,2/20/2020 5:14:00 PM,2,0,0,36.172340,-86.765030,S 5TH ST,,,,200.00,Feet,South,MAIN ST,,,,0.00,N,Not at Intersection, ,Non-Junction,None,,,         ,Tyler,Manivong,Clear,"Sideswipe, Same Direction",no,no,no,no,no,False
102658067,METROPOLITAN NASHVILLE POLICE DEPT,20200123402,Davidson,Nashville,2/20/2020 3:55:00 PM,3,0,0,36.181600,-86.749300,GALLATIN AV,,,,39.00,Feet,South,CALVIN AV,,,,0.00,N,Not at Intersection, ,Non-Junction,None,,,         ,Christopher,Beery,Clear,Front to Rear,no,no,no,no,no,False
102658069,METROPOLITAN NASHVILLE POLICE DEPT,20200123322,Davidson,Nashville,2/20/2020 12:50:00 PM,2,0,0,36.153020,-86.764950,I40 E ENT RAMP,,,,0.00,,,I 40,,,,0.00,Y,OTHER, ,Entrance/Exit Ramp Related,None,,,         ,Peter,Kinsey,Cloudy,Front to Rear,no,no,no,no,no,False
102658070,METROPOLITAN NASHVILLE POLICE DEPT,20200123431,Davidson,Nashville,2/20/2020 1:50:00 PM,1,0,0,36.168420,-86.687960,LEBANON PKE,,,,0.00,Feet,North,BRILEY PKWY N ENT RAMP,,,,0.00,N,Not at Intersection,N,Entrance/Exit Ramp Related,None,,,         ,Peter,Kinsey,Cloudy,Not Collision with Motor Vehicle in Transport,no,no,no,no,no,False
102658072,METROPOLITAN NASHVILLE POLICE DEPT,20200123554,Davidson,Nashville,2/20/2020 5:07:00 PM,2,0,0,36.156080,-86.628470,I 40,,,,0.00,,,,,,,219.00,N,Not at Intersection, ,,None,,,         ,Deandera,Payne,,,no,no,no,no,no,False
102658073,METROPOLITAN NASHVILLE POLICE DEPT,20200123551,Davidson,Nashville,2/20/2020 4:49:00 PM,2,0,0,36.107930,-86.720710,I24 E ENT RAMP,,,,0.00,Feet,East,I 24,,,,0.00,N,Not at Intersection,Y,Entrance/Exit Ramp Related,None,,,         ,Andrew,Brazee,Clear,"Sideswipe, Same Direction",no,no,no,no,yes,False
102658077,METROPOLITAN NASHVILLE POLICE DEPT,20200123222,Davidson,Nashville,2/20/2020 2:41:00 PM,2,0,0,36.152340,-86.771580,ASH ST,,,,0.00,Feet,,4TH AVS,,,,0.00,Y,Four-Way, ,Intersection,None,,,         ,Erik,Wagner,Cloudy,Angle,no,no,no,no,no,False
102658079,METROPOLITAN NASHVILLE POLICE DEPT,20200123524,Davidson,Nashville,2/20/2020 4:48:00 PM,2,0,0,36.059660,-86.679540,I 24,,,,0.00,,,,,,,57.90,N,Not at Intersection,N,Non-Junction,None,,,         ,Edward,Starke,Clear,"Sideswipe, Same Direction",no,no,no,no,no,False
102658085,METROPOLITAN NASHVILLE POLICE DEPT,20200122901,Davidson,Nashville,2/20/2020 10:30:00 AM,2,0,0,36.154120,-86.757720,I 40,,,,0.00,,,,,,,211.10,N,Not at Intersection,N,Non-Junction,None,,,         ,Donald,Davidson,Snow,Front to Rear,no,no,no,no,no,False
102658095,METROPOLITAN NASHVILLE POLICE DEPT,20200123692,Davidson,Nashville,2/20/2020 6:12:00 PM,2,0,0,36.118200,-86.809800,HILLSBORO PKE,,,,121.00,Feet,North,GOLF CLUB LN,,,,0.00,N,Not at Intersection, ,Non-Junction,None,,,         ,Sekou,Samassi,Clear,Front to Rear,no,no,no,no,no,False
102658102,METROPOLITAN NASHVILLE POLICE DEPT,20200123663,Davidson,Nashville,2/20/2020 5:53:00 PM,2,1,0,36.236670,-86.724580,GALLATIN PKE NB EXT RAMP,,,,0.00,Feet,East,GALLATIN PKES,,,,0.00,N,Not at Intersection,N,Non-Junction,None,,,         ,Jarret,Sonnenberg,Clear,HeadOn,no,no,no,no,no,False
102658104,METROPOLITAN NASHVILLE POLICE DEPT,20200123623,Davidson,Nashville,2/20/2020 5:35:00 PM,2,0,0,36.143060,-86.739910,PIPOOL AVE,,,,577.00,Feet,North,ELM HILL PIKE,,,,0.00,N,Not at Intersection,N,Non-Junction,None,,,         ,Katelin,Ehrhardt,Clear,Front to Rear,no,no,no,no,no,False
102658108,METROPOLITAN NASHVILLE POLICE DEPT,20200123639,Davidson,Not in City Limit,2/20/2020 5:20:00 PM,2,0,0,36.278900,-86.709020,GALLATIN PKEN,,,,170.00,Feet,South,ONE MILE PKWY,,,,0.00,N,Not at Intersection, ,,None,,,         ,Christopher,Littles,,,no,no,no,no,no,False
102658109,METROPOLITAN NASHVILLE POLICE DEPT,20200123710,Davidson,Nashville,2/20/2020 6:24:00 PM,2,0,0,36.238080,-86.724060,GALLATIN PKES,,,,270.00,Feet,South,GALLATIN PKE,,,,0.00,N,Not at Intersection, ,Non-Junction,None,,,         ,Christopher,Littles,Clear,Angle,no,no,no,no,no,False
102658114,VANDERBILT UNIVERSITY POLICE,20200115316,Davidson,Nashville,2/17/2020 2:15:00 PM,2,0,0,36.139450,-86.803670,PIERCE AV,,,,0.00,,,,,,,0.00,,Not at Intersection,N,Non-Junction,None,,,         ,David,Taliaferro,Clear,Angle,no,no,no,yes,no,Campus
102658126,METROPOLITAN NASHVILLE POLICE DEPT,20200123479,Davidson,Nashville,2/20/2020 4:32:00 PM,3,1,0,36.166120,-86.764670,I 24,,,,0.00,,,,,,,49.00,N,Not at Intersection,N,Non-Junction,None,,,         ,Roy,Sain Jr.,Clear,Front to Rear,no,no,no,no,no,False
102658128,METROPOLITAN NASHVILLE POLICE DEPT,20200123357,Davidson,Nashville,2/20/2020 3:33:00 PM,2,0,0,36.160300,-86.760500,I 24,,,,0.00,,,,,,,49.45,N,Not at Intersection, ,,None,,,         ,James,Hill,,,no,no,no,no,no,False
102658137,METROPOLITAN NASHVILLE POLICE DEPT,2020-0123620,Davidson,Nashville,2/20/2020 5:05:00 PM,3,0,0,36.150310,-86.797250,LYLE AV,,,,0.00,,,BROADWAY,,,,0.00,Y,Four-Way, ,Intersection,None,,,         ,William,Hamblen,Clear,Angle,no,no,no,no,no,False
102658213,METROPOLITAN NASHVILLE POLICE DEPT,20200123922,Davidson,Nashville,2/20/2020 7:57:00 PM,2,2,0,36.150100,-86.857950,WHITE BRIDGE PKE,,,,19.00,Feet,South,CHARLOTTE PKE,,,,0.00,N,Not at Intersection,N,Non-Junction,None,,,         ,Je-Marc,Sears,Clear,Angle,no,no,no,no,no,False
102658216,METROPOLITAN NASHVILLE POLICE DEPT,20200123376,Davidson,Nashville,2/20/2020 3:30:00 PM,3,0,0,36.135050,-86.824080,WEST END AV,,,,183.00,Feet,West,I440 WEST END AV ENT RAMP,,,,0.00,N,Not at Intersection, ,Non-Junction,None,,,         ,Torian,Cox,Clear,"Sideswipe, Same Direction",no,no,no,no,no,False
102658217,METROPOLITAN NASHVILLE POLICE DEPT,20200123559,Davidson,Nashville,2/20/2020 5:02:00 PM,2,0,0,36.081290,-86.759110,HARDING PL,,,,232.00,Feet,West,TROUSDALE DR,,,,0.00,N,Not at Intersection, ,,None,,,         ,Nicholas,Carroll,,,no,no,no,no,no,False
102658218,METROPOLITAN NASHVILLE POLICE DEPT,20200123997,Davidson,Nashville,2/20/2020 8:32:00 PM,4,3,0,36.059000,-86.641410,BELL RD,,,,235.00,Feet,South,CAMBRIDGE APTS PVTDR,,,,0.00,N,Not at Intersection,N,Non-Junction,None,,,         ,Joel,Bennett,Clear,Other,no,no,no,no,yes,False
102658257,METROPOLITAN NASHVILLE POLICE DEPT,20200124162,Davidson,Nashville,2/20/2020 9:54:00 PM,3,0,0,36.235070,-86.714510,BRILEY PKWYW,,,,178.00,Feet,East,BRUSH HILL RD,,,,0.00,N,Not at Intersection,N,Non-Junction,None,,,         ,Christopher,Littles,Clear,Front to Rear,no,no,no,no,yes,False
102658262,METROPOLITAN NASHVILLE POLICE DEPT,20200123830,Davidson,Nashville,2/20/2020 7:15:00 PM,2,1,0,36.038210,-86.800900,OLD HICKORY BLVD,,,,0.00,,,WESTPARK DR,,,,0.00,Y,T-Intersection,N,Intersection-Related,None,,,         ,William,Hamblen,Clear,Front to Rear,no,no,no,no,no,False
102658273,METROPOLITAN NASHVILLE POLICE DEPT,20200124170,Davidson,Nashville,2/20/2020 10:01:00 PM,2,0,0,36.195590,-86.687840,BRILEY PKWY S ENT RAMP,,,,0.00,Feet,East,BRILEY PKWYN,,,,0.00,N,Not at Intersection, ,,None,,,         ,Zachariah,Bush,,,no,no,no,no,no,False