master_record_number,agency,agency_tracking_number,county,city,collision_date,vehicles_involved,number_injured,number_dead,latitude,longitude,roadway_name,roadway_suffix,roadway_number,roadway_local_id,distance_from_reference,miles-feet_indicator,direction_from_reference,intersection_road_name,intersection_road_name_suffix,intersection_road_number,intersection_local_id,mile_marker,intersection_indicator,intersect_type,interchange_related_indicator,relation_to_junction,work_zone_type,construction_maintenance_zone,construction_maintenance_zone_location,fatal_case_number,officer_first_name,officer_last_name,weather_condition(s),manner_of_crash,pedestrian,bicycle,scooter,parking,hitrun,mou
102659130,METROPOLITAN NASHVILLE POLICE DEPT,20200126122,Davidson,Nashville,2/21/2020 5:00:00 PM,1,0,0,36.213180,-86.762130,DELLWAY VILLA RD,,,,721.00,Feet,East,DICKERSON PKE,,,,0.00,N,Not at Intersection,N,Non-Junction,None,,,         ,Kaleb,Stella,Clear,Not Collision with Motor Vehicle in Transport,no,no,no,yes,yes,False
102659136,METROPOLITAN NASHVILLE POLICE DEPT,20200126254,Davidson,Nashville,2/21/2020 5:38:00 PM,2,0,0,36.111320,-86.724470,EAST THOMPSON LN,,,,371.00,Feet,West,I24 E EXT RAMP,,,,0.00,N,Not at Intersection,N,Non-Junction,None,,,         ,Edward,Starke,Clear,Front to Rear,no,no,no,no,yes,False
102659139,METROPOLITAN NASHVILLE POLICE DEPT,20200126188,Davidson,Not in City Limit,2/21/2020 4:55:00 PM,3,0,0,36.263250,-86.713840,OLD HICKORY BLVDW,,,,224.00,Feet,West,OLD TIME VILLAGE PVTDR,,,,0.00,N,Not at Intersection, ,Non-Junction,None,,,         ,Marcus,Mitchell,Clear,Angle,no,no,no,no,no,False
102659141,METROPOLITAN NASHVILLE POLICE DEPT,20200126171,Davidson,Nashville,2/21/2020 4:47:00 PM,2,0,0,36.253660,-86.716460,GALLATIN PKES,,,,190.00,Feet,North,MADISON SQ,,,,0.00,N,Not at Intersection,N,Non-Junction,None,,,         ,Jarret,Sonnenberg,Clear,Angle,no,no,no,no,no,False
102659142,METROPOLITAN NASHVILLE POLICE DEPT,20200126205,Davidson,Nashville,2/21/2020 3:15:00 PM,2,0,0,36.076160,-86.920810,OLD HICKORY BLVD,,,,24.00,Feet,North,BELLE FOREST SHOPPING CENTER P,,,,0.00,N,Not at Intersection,N,Non-Junction,None,,,         ,Jared,Dick,Clear,Angle,no,no,no,no,no,False
102659146,VANDERBILT UNIVERSITY POLICE,20200125912,Davidson,Nashville,2/21/2020 2:05:00 PM,2,0,0,36.147960,-86.799300,21ST AVS,,,,0.00,,,BROADWAY,,,,0.00,Y,Four-Way, ,Intersection,None,,,         ,Christopher,Dion,Clear,Angle,no,no,no,no,no,Campus
102659149,METROPOLITAN NASHVILLE POLICE DEPT,20200126112,Davidson,Nashville,2/21/2020 3:20:00 PM,2,0,0,36.154160,-86.858620,ROBERTSON AV,,,,96.00,Feet,West,MIDLAND AV,,,,0.00,N,Not at Intersection,N,Non-Junction,None,,,         ,Brian,DeMarce,Clear,"Sideswipe, Same Direction",no,no,no,no,no,False
102659157,METROPOLITAN NASHVILLE POLICE DEPT,20200126156,Davidson,Not in City Limit,2/21/2020 4:42:00 PM,2,0,0,36.023710,-86.712700,PORTER HOUSE DR,,,,9.00,Feet,East,NOLENSVILLE PKE,,,,0.00,N,Not at Intersection,N,Non-Junction,None,,,         ,Gabriel,Hamilton,Clear,Angle,no,no,no,no,yes,False
102659169,METROPOLITAN NASHVILLE POLICE DEPT,20200126206,Davidson,Nashville,2/21/2020 4:50:00 PM,2,0,0,36.147870,-86.806580,WEST END AV,,,,37.00,Feet,West,24TH AVN,,,,0.00,N,Not at Intersection, ,Non-Junction,None,,,         ,Melissa,Lomax,Clear,"Sideswipe, Same Direction",no,no,no,no,no,Campus
102659170,METROPOLITAN NASHVILLE POLICE DEPT,20200125971,Davidson,Nashville,2/21/2020 3:18:00 PM,2,0,0,36.139700,-86.700310,BRILEY PKWY,,,,67.00,Feet,North,I40 E ENT RAMP,,,,0.00,N,Not at Intersection, ,Non-Junction,None,,,         ,Dontaveous,Eubanks,Clear,"Sideswipe, Same Direction",no,no,no,no,no,False
102659185,METROPOLITAN NASHVILLE POLICE DEPT,20200126364,Davidson,Goodlettsville,2/21/2020 5:06:00 PM,2,0,0,36.292390,-86.733730,CAMPBELL RD,,,,3.00,Feet,North,DICKERSON PKES,,,,0.00,N,Not at Intersection, ,Non-Junction,None,,,         ,Bryan,Musgrave,Clear,Angle,no,no,no,no,yes,False
102659186,METROPOLITAN NASHVILLE POLICE DEPT,20200126246,Davidson,Nashville,2/21/2020 5:09:00 PM,2,0,0,36.120700,-86.807970,LOMBARDY AV,,,,0.00,,,HILLSBORO PKE,,,,0.00,Y,T-Intersection, ,,None,,,         ,Matthew,Turppa,,,no,no,no,no,no,False
102659194,METROPOLITAN NASHVILLE POLICE DEPT,20200125877,Davidson,Nashville,2/21/2020 2:30:00 PM,2,0,0,36.120600,-86.802570,I440 W EXT RAMP,,,,0.00,Feet,East,I 440,,,,0.00,N,Not at Intersection, ,,Construction Zone,,,         ,Citlaly,Juarez,,,no,no,no,no,no,False
102659195,METROPOLITAN NASHVILLE POLICE DEPT,20200126357,Davidson,Nashville,2/21/2020 6:26:00 PM,2,0,0,36.109560,-86.769980,I 65,,,,0.00,,,,,,,79.70,N,Not at Intersection,N,Non-Junction,None,,,         ,Citlaly,Juarez,Clear,Front to Rear,no,no,no,no,no,False
102659198,METROPOLITAN NASHVILLE POLICE DEPT,20200126342,Davidson,Nashville,2/21/2020 6:20:00 PM,2,0,0,36.045690,-86.706430,HICKORY VALLEY CONDOS PVTDR,,,,26.00,Feet,North,OLD HICKORY BLVD,,,,0.00,N,Not at Intersection,N,Non-Junction,None,,,         ,Joel,Bennett,Clear,Front to Rear,no,no,no,no,no,False
102659200,METROPOLITAN NASHVILLE POLICE DEPT,20200126247,Davidson,Nashville,2/21/2020 5:36:00 PM,2,0,0,36.199920,-86.776310,I 65,,,,0.00,,,,,,,86.85,N,Not at Intersection, ,Non-Junction,None,,,         ,Ethan,Usherwood,Clear,"Sideswipe, Same Direction",no,no,no,no,no,False
102659209,METROPOLITAN NASHVILLE POLICE DEPT,20200126308,Davidson,Not in City Limit,2/21/2020 5:30:00 PM,2,0,0,36.266000,-86.756870,DICKERSON PKE,,,,348.00,Feet,South,DARBYTOWN DR,,,,0.00,N,Not at Intersection, ,Non-Junction,None,,,         ,Dylan,Bradley,Clear,Angle,no,no,no,no,no,False
102659218,METROPOLITAN NASHVILLE POLICE DEPT,20200126240,Davidson,Nashville,2/21/2020 4:57:00 PM,2,1,0,36.074000,-86.624870,ANDERSON RD,,,,0.00,,,CREEKVIEW DR,,,,0.00,Y,Four-Way,N,Intersection,None,,,         ,Steven,Powers,Clear,Angle,no,no,no,no,no,False
102659239,METROPOLITAN NASHVILLE POLICE DEPT,20200126229,Davidson,Nashville,2/21/2020 5:28:00 PM,2,0,0,36.199770,-86.829620,CURTIS ST,,,,316.00,Feet,West,ALPINE AVE,,,,0.00,N,Not at Intersection, ,Non-Junction,None,,,         ,Gabriel,Centeno,Clear,"Sideswipe, Opposite Direction",no,no,no,no,no,False
102659247,METROPOLITAN NASHVILLE POLICE DEPT,20200126427,Davidson,Goodlettsville,2/21/2020 6:53:00 PM,2,1,0,36.302870,-86.691690,GALLATIN PKEN,,,,75.00,Feet,East,CONFERENCE DR,,,,0.00,N,Not at Intersection,N,Non-Junction,None,,,         ,Catherine,Poole,Clear,Front to Rear,no,no,no,no,no,False
102659251,VANDERBILT UNIVERSITY POLICE,20200126225,Davidson,Nashville,2/21/2020 5:19:00 PM,2,0,0,36.140380,-86.801570,MEDICAL CENTER DR,,,,0.00,,,,,,,0.00,,Not at Intersection, ,Non-Junction,None,,,         ,David,Taliaferro,Clear,Angle,no,no,no,no,no,Campus
102659258,METROPOLITAN NASHVILLE POLICE DEPT,20200126480,Davidson,Nashville,2/21/2020 7:15:00 PM,3,0,0,36.148090,-86.744950,I 40,,,,0.00,,,,,,,211.95,N,Not at Intersection, ,,None,,,         ,Derek,Sibley,,,no,no,no,no,no,False
102659260,METROPOLITAN NASHVILLE POLICE DEPT,20200126413,Davidson,Nashville,2/21/2020 6:45:00 PM,2,0,0,36.160490,-86.778440,5TH AVE S,,,,0.00,,,US HWY 70,,,,0.00,Y,Four-Way,Y,Intersection,Construction Zone,Work On Shoulder Or Median,Unknown,         ,Trenton,Searcy,Clear,Angle,no,no,no,no,no,False
102659262,METROPOLITAN NASHVILLE POLICE DEPT,20200126539,Davidson,Nashville,2/21/2020 7:34:00 PM,2,0,0,36.046300,-86.660960,I 24,,,,0.00,,,,,,,59.30,N,Not at Intersection,N,Non-Junction,None,,,         ,Joel,Bennett,Clear,"Sideswipe, Same Direction",no,no,no,no,yes,False
102659264,VANDERBILT UNIVERSITY POLICE,20200125942,Davidson,Nashville,2/21/2020 2:50:00 PM,2,0,0,36.142510,-86.806160,HIGHLAND AV,,,,0.00,,,,,,,0.00,,, ,Non-Junction,None,,,         ,Martin,Hill,Clear,Rear to Rear,no,no,no,yes,no,Campus
102659267,METROPOLITAN NASHVILLE POLICE DEPT,20200126426,Davidson,Not in City Limit,2/21/2020 6:57:00 PM,1,0,0,36.312040,-86.860410,WHITES CREEK PKE,,,,1368.00,Feet,East,OLD CLARKSVILLE PKE,,,,0.00,N,Not at Intersection,N,Non-Junction,None,,,         ,Wesley,Carver,Cloudy,Not Collision with Motor Vehicle in Transport,no,no,no,no,no,False
102659269,METROPOLITAN NASHVILLE POLICE DEPT,20200126464,Davidson,Nashville,2/21/2020 7:10:00 PM,2,0,0,36.084690,-86.699530,I24 E ENT RAMP,,,,0.00,Feet,East,I 24,,,,0.00,N,Not at Intersection,N,Non-Junction,None,,,         ,Edward,Starke,Clear,"Sideswipe, Same Direction",no,no,no,no,no,False
102659295,METROPOLITAN NASHVILLE POLICE DEPT,20200126096,Davidson,Nashville,2/21/2020 3:42:00 PM,2,0,0,36.137100,-86.873390,RUSSLEO DR,,,,215.00,Feet,West,KNOB RD,,,,0.00,N,Not at Intersection,N,Non-Junction,None,,,         ,Aaron,Brumley,Clear,Angle,no,no,no,no,no,False
102659320,METROPOLITAN NASHVILLE POLICE DEPT,20200126432,Davidson,Nashville,2/21/2020 6:49:00 PM,3,0,0,36.116020,-86.789620,I 440,,,,0.00,,,,,,,4.00,N,Not at Intersection,N,Non-Junction,Work Zone,Work On Shoulder Or Median,Activity Area,         ,John,Chambers,Clear,Front to Rear,no,no,no,no,no,False
102659321,METROPOLITAN NASHVILLE POLICE DEPT,20200126482,Davidson,Nashville,2/21/2020 7:10:00 PM,3,0,0,36.159290,-86.795800,MCMILLIN ST,,,,171.00,Feet,South,CHARLOTTE AV,,,,0.00,N,Not at Intersection,N,Non-Junction,None,,,         ,Melissa,Lomax,Clear,Other,no,no,no,no,no,False
102659323,METROPOLITAN NASHVILLE POLICE DEPT,20200126601,Davidson,Nashville,2/21/2020 7:58:00 PM,2,0,0,36.162030,-86.776290,3RD AVN,,,,202.00,Feet,North,DOWNTOWN GRNWY,,,,0.00,N,Not at Intersection, ,Non-Junction,None,,,         ,Roy,Sain Jr.,Clear,"Sideswipe, Same Direction",no,no,no,no,no,False
102659329,METROPOLITAN NASHVILLE POLICE DEPT,20200126549,Davidson,Nashville,2/21/2020 7:40:00 PM,2,1,0,36.211400,-86.817540,STOKERS LN,,,,0.00,,,BUENA VISTA PKE,,,,0.00,Y,Four-Way,N,Non-Junction,None,,,         ,Chad,Connors,Clear,Angle,no,no,no,no,no,False
102659343,METROPOLITAN NASHVILLE POLICE DEPT,20200126512,Davidson,Nashville,2/21/2020 7:20:00 PM,3,1,0,36.098890,-86.871890,HEADY DR,,,,0.00,,,HIGHWAY 100,,,,0.00,Y,T-Intersection,N,Intersection,None,,,         ,Matthew,Turppa,Clear,Front to Rear,no,no,no,no,no,False
102659344,METROPOLITAN NASHVILLE POLICE DEPT,20200126637,Davidson,Nashville,2/21/2020 8:19:00 PM,1,0,0,36.150840,-86.664210,ALLEN RD,,,,0.00,,,,,,,0.00,,, ,Non-Junction,None,,,         ,Cressie,Prill,Clear,Not Collision with Motor Vehicle in Transport,no,no,no,yes,no,False
102659399,METROPOLITAN NASHVILLE POLICE DEPT,20200126752,Davidson,Nashville,2/21/2020 9:07:00 PM,1,0,0,36.161210,-86.760670,I 24,,,,0.00,,,,,,,49.40,N,Not at Intersection, ,Non-Junction,None,,,         ,Justen,Ogle,Clear,Not Collision with Motor Vehicle in Transport,no,no,no,no,no,False
102659411,METROPOLITAN NASHVILLE POLICE DEPT,20200126504,Davidson,Not in City Limit,2/21/2020 7:25:00 PM,4,1,0,36.330510,-86.897390,I 24,,,,0.00,,,,,,,33.20,N,Not at Intersection,N,Non-Junction,None,,,         ,Chase,Harriman,Clear,Front to Rear,no,no,no,no,yes,False
102659414,METROPOLITAN NASHVILLE POLICE DEPT,20200126624,Davidson,Not in City Limit,2/21/2020 8:09:00 PM,2,3,0,36.264220,-86.735190,I65 N EXT RAMP,,,,4.00,Feet,North,OLD HICKORY BLVDW,,,,0.00,N,Not at Intersection,Y,Entrance/Exit Ramp Related,None,,,         ,Arthur,Hipp,Cloudy,Front to Rear,no,no,no,no,yes,False
102659444,METROPOLITAN NASHVILLE POLICE DEPT,20200126837,Davidson,Nashville,2/21/2020 9:22:00 PM,2,0,0,36.102880,-86.665930,MURFREESBORO PKE,,,,108.00,Feet,East,TOWN PARK DR,,,,0.00,N,Not at Intersection, ,,None,,,         ,Edward,Starke,,,no,no,no,no,no,False
102659483,METROPOLITAN NASHVILLE POLICE DEPT,20200126858,Davidson,Nashville,2/21/2020 9:26:00 PM,2,0,0,36.166000,-86.777770,UNION ST,,,,0.00,,,2ND AVN,,,,0.00,Y,T-Intersection, ,Intersection-Related,None,,,         ,David,Snowden,Clear,Angle,no,no,no,no,no,False
102659485,METROPOLITAN NASHVILLE POLICE DEPT,20200126872,Davidson,Nashville,2/21/2020 9:55:00 PM,2,0,0,36.164540,-86.788710,10TH CIRN,,,,14.00,Feet,South,NELSON MERRY ST,,,,0.00,N,Not at Intersection,N,Non-Junction,None,,,         ,Alexander,Hartle,Clear,Other,no,no,no,no,yes,False
102659526,METROPOLITAN NASHVILLE POLICE DEPT,20200126952,Davidson,Nashville,2/21/2020 10:47:00 PM,2,0,0,36.192510,-86.744480,GALLATIN AV,,,,80.00,Feet,South,DOUGLAS AV,,,,0.00,N,Not at Intersection,N,Non-Junction,None,,,         ,Frederick,Ware,Clear,"Sideswipe, Same Direction",no,no,no,no,yes,False
102659537,METROPOLITAN NASHVILLE POLICE DEPT,20200127070,Davidson,Nashville,2/21/2020 11:21:00 PM,1,0,0,36.060630,-86.680260,I 24,,,,0.00,,,,,,,57.80,N,Not at Intersection, ,,None,,,         ,Kaleigh,Pearce,,,no,no,no,no,no,False
102659567,METROPOLITAN NASHVILLE POLICE DEPT,20200126964,Davidson,Nashville,2/21/2020 10:59:00 PM,1,1,0,36.194770,-86.772290,DICKERSON PKE,,,,135.00,Feet,North,DOUGLAS AV,,,,0.00,N,Not at Intersection,N,Non-Junction,None,,,         ,Ralph,Gault,Clear,Not Collision with Motor Vehicle in Transport,no,no,no,no,no,False
102659571,METROPOLITAN NASHVILLE POLICE DEPT,20200126955,Davidson,Nashville,2/21/2020 10:08:00 PM,2,0,0,36.041100,-86.649880,I24 W ENT RAMP,,,,0.00,Feet,East,I 24,,,,0.00,N,Not at Intersection,Y,Entrance/Exit Ramp Related,Construction Zone,,,         ,Kevin,Breeding,Clear,Front to Rear,no,no,no,no,yes,False
102659583,METROPOLITAN NASHVILLE POLICE DEPT,20200126953,Davidson,Not in City Limit,2/21/2020 10:53:00 PM,2,5,0,36.206630,-86.951170,STATE HWY 12,,,,173.00,Feet,West,CONNECTING ROAD,,,,0.00,N,Not at Intersection,N,Non-Junction,None,,,         ,Joshua,Asbell,Cloudy,Front to Rear,no,no,no,no,no,False
102659595,METROPOLITAN NASHVILLE POLICE DEPT,20200127240,Davidson,Nashville,2/22/2020 1:08:00 AM,1,0,0,36.152110,-86.772980,5TH AVE S,,,,11.00,Feet,South,RAMP,,,,0.00,N,Not at Intersection,N,Non-Junction,None,,,         ,Reginald,Pierre-Paul,Clear,Not Collision with Motor Vehicle in Transport,no,no,no,no,no,False
102659597,METROPOLITAN NASHVILLE POLICE DEPT,20200127047,Davidson,Nashville,2/21/2020 11:35:00 PM,1,1,0,36.156570,-86.775870,5TH AVS,,,,0.00,Feet,,KOREAN VETERANS BLVD,,,,0.00,Y,Four-Way, ,Intersection,None,,,         ,Sean,Weaver,Clear,Not Collision with Motor Vehicle in Transport,no,yes,no,no,no,False
102659599,METROPOLITAN NASHVILLE POLICE DEPT,20200127200,Davidson,Nashville,2/22/2020 12:41:00 AM,2,1,0,36.121500,-86.755650,I 440,,,,0.00,,,,,,,6.00,N,Not at Intersection,N,Non-Junction,Construction Zone,Work On Shoulder Or Median,Activity Area,         ,Robert,Leverick,Clear,Front to Rear,no,no,no,no,no,False
102659601,METROPOLITAN NASHVILLE POLICE DEPT,20200127302,Davidson,Nashville,2/22/2020 1:27:00 AM,2,0,0,36.158310,-86.777520,DEMONBREUN ST,,,,130.00,Feet,West,5TH AVS,,,,0.00,N,Not at Intersection,N,Non-Junction,None,,,         ,Brenton,Adcox,Clear,Front to Rear,no,no,no,no,yes,False
102659610,METROPOLITAN NASHVILLE POLICE DEPT,20200127411,Davidson,Nashville,2/22/2020 12:00:00 AM,2,1,0,36.140680,-86.732130,I 40,,,,0.00,,,,,,,213.00,N,Not at Intersection,N,Non-Junction,None,,,         ,Jason,Kedzierski,Clear,Unknown,no,no,no,no,yes,False
102659612,METROPOLITAN NASHVILLE POLICE DEPT,20200127325,Davidson,Nashville,2/22/2020 2:07:00 AM,1,1,0,36.104920,-86.716860,I 24,,,,0.00,,,,,,,54.15,N,Not at Intersection,N,Non-Junction,None,,,         ,Robert,Leverick,Clear,Not Collision with Motor Vehicle in Transport,no,no,no,no,no,False
102659619,METROPOLITAN NASHVILLE POLICE DEPT,20200127443,Davidson,Nashville,2/22/2020 2:33:00 AM,2,0,0,36.228780,-86.692020,PENNINGTON BEND RD,,,,1827.00,Feet,North,VALLEY BEND DR,,,,0.00,N,Not at Intersection,N,Non-Junction,None,,,         ,Jeremy,Crisp,Clear,Angle,no,no,no,no,no,False
102659639,METROPOLITAN NASHVILLE POLICE DEPT,20200127350,Davidson,Nashville,2/22/2020 12:00:00 AM,1,0,0,36.167980,-86.821590,JOHN A MERRITT BLVD,,,,55.00,Feet,West,29TH AVN,,,,0.00,N,Not at Intersection,N,Non-Junction,None,,,         ,Ian,Ward,Clear,Not Collision with Motor Vehicle in Transport,no,no,no,no,no,False
102659661,METROPOLITAN NASHVILLE POLICE DEPT,20200127496,Davidson,Nashville,2/22/2020 4:16:00 AM,2,0,0,36.239990,-86.745450,BRILEY PKWYW,,,,75.00,Feet,North,BRILEY PKWYE,,,,0.00,N,Not at Intersection, ,Non-Junction,None,,,         ,Brandon,Wood,Clear,"Sideswipe, Same Direction",no,no,no,no,no,False
102659676,METROPOLITAN NASHVILLE POLICE DEPT,20200127648,Davidson,Nashville,2/22/2020 6:48:00 AM,2,0,0,36.049670,-86.666720,I 24,,,,0.00,,,,,,,58.90,N,Not at Intersection,N,Non-Junction,None,,,         ,Thomas,Parsons,Clear,"Sideswipe, Same Direction",no,no,no,no,yes,False
102659694,METROPOLITAN NASHVILLE POLICE DEPT,20200127631,Davidson,Nashville,2/22/2020 12:00:00 AM,2,0,0,36.132850,-86.774580,I65 N EXT RAMP,,,,0.00,Feet,East,I 65,,,,0.00,N,Not at Intersection,N,Non-Junction,None,,,         ,Jose,Salazar,Clear,Not Collision with Motor Vehicle in Transport,no,no,no,no,yes,False
102659703,METROPOLITAN NASHVILLE POLICE DEPT,20200127653,Davidson,Nashville,2/22/2020 6:55:00 AM,1,0,0,36.093920,-86.688820,MCGAVOCK PKE,,,,623.00,Feet,West,MILL CREEK EZELL PARK GRNWY,,,,0.00,N,Not at Intersection,N,Non-Junction,None,,,         ,Theodore,Flick,Clear,Not Collision with Motor Vehicle in Transport,no,no,no,no,no,False
102659709,METROPOLITAN NASHVILLE POLICE DEPT,20200127713,Davidson,Nashville,2/22/2020 7:43:00 AM,3,1,0,36.045850,-86.658140,BELL RD,,,,85.00,Feet,West,COLLINS PARK DR,,,,0.00,N,Not at Intersection,N,Non-Junction,None,,,         ,Thomas,Parsons,Clear,Front to Rear,no,no,no,no,no,False
102659721,METROPOLITAN NASHVILLE POLICE DEPT,20200125796,Davidson,Nashville,2/21/2020 1:20:00 PM,2,0,0,36.154310,-86.786990,DEMONBREUN ST,,,,197.00,Feet,East,I40 W EXT RAMP,,,,0.00,N,Not at Intersection, ,Non-Junction,None,,,         ,Jordan,Shaffer,Clear,Angle,no,no,no,no,no,False
102659751,METROPOLITAN NASHVILLE POLICE DEPT,20200127666,Davidson,Nashville,2/22/2020 7:11:00 AM,2,1,0,36.215400,-86.588510,LEBANON PKE,,,,0.00,,,BIG HORN DR,,,,0.00,Y,Four-Way,N,Intersection,None,,,         ,Ian,Hammond,Clear,Angle,no,no,no,no,no,False
102659753,METROPOLITAN NASHVILLE POLICE DEPT,20200127797,Davidson,Nashville,2/22/2020 8:45:00 AM,2,0,0,36.121740,-86.750580,NOLENSVILLE PKE,,,,0.00,,,I440 E EXT RAMP,,,,0.00,Y,T-Intersection, ,,None,,,         ,Charles,Embry,,,no,no,no,no,no,False
102659761,METROPOLITAN NASHVILLE POLICE DEPT,20200127798,Davidson,Nashville,2/22/2020 12:00:00 AM,2,0,0,36.035790,-86.611180,OLD HICKORY BLVD,,,,35.00,Feet,South,HOBSON PKE,,,,0.00,N,Not at Intersection,Y,Non-Junction,None,,,         ,John,Braun,Clear,"Sideswipe, Opposite Direction",no,no,no,no,yes,False
102659802,METROPOLITAN NASHVILLE POLICE DEPT,2020 0127866,Davidson,Nashville,2/22/2020 9:32:00 AM,2,0,0,36.048280,-86.866230,STATE HWY 254,,,,40.00,Feet,East,CHICKERING WOODS DR,,,,0.00,N,Not at Intersection,N,Non-Junction,None,,,         ,Paul,Junkmann,Clear,Front to Rear,no,no,no,no,no,False
102659803,METROPOLITAN NASHVILLE POLICE DEPT,20200127902,Davidson,Nashville,2/22/2020 10:04:00 AM,2,1,0,36.086410,-86.700220,I 24,,,,0.00,,,,,,,55.70,N,Not at Intersection,N,Non-Junction,None,,,         ,Ryan,Howard,Clear,Front to Rear,no,no,no,no,yes,False
102659811,TENNESSEE STATE UNIVERSITY ,20-TSU-07458,Davidson,Nashville,2/22/2020 12:00:00 AM,1,0,0,36.173670,-86.822480,ED TEMPLE BLVD,,,,306.00,Feet,South,DR WALTER S DAVIS BLVD,,,,0.00,N,Not at Intersection,N,Non-Junction,None,,,         ,Ashley,Boleyjack,Clear,Unknown,no,no,no,yes,no,False
102659827,METROPOLITAN NASHVILLE POLICE DEPT,20200125797,Davidson,Nashville,2/21/2020 1:35:00 PM,2,0,0,36.079490,-86.644600,EDGE O LAKE DR,,,,0.00,Feet,,MURFREESBORO PKE,,,,0.00,Y,Four-Way,N,Intersection,None,,,         ,Brandon,Lopez,Clear,Angle,no,no,no,no,no,False
102659833,METROPOLITAN NASHVILLE POLICE DEPT,20200127960,Davidson,Nashville,2/22/2020 10:30:00 AM,2,0,0,36.131650,-86.833560,WEST END AV,,,,0.00,,,WILSON BLVDN,,,,0.00,Y,T-Intersection, ,Intersection,None,,,         ,Brian,Myatt,Clear,"Sideswipe, Same Direction",no,no,no,no,no,False
102659838,METROPOLITAN NASHVILLE POLICE DEPT,20200127990,Davidson,Madison,2/22/2020 11:27:00 AM,2,0,0,36.263100,-86.700170,E OLD HICKORY BLVD,,,,0.00,,,HANKINS ST,,,,0.00,Y,T-Intersection,N,Intersection-Related,None,,,         ,William,Coy,Clear,Front to Rear,no,no,no,no,yes,False
102659839,TENNESSEE STATE UNIVERSITY ,20-TSU-07463,Davidson,Nashville,2/21/2020 11:10:00 PM,2,0,0,36.169680,-86.821300,W HEIMAN ST,,,,0.00,,,ED TEMPLE BLVD,,,,0.00,Y,OTHER, ,Non-Junction,None,,,         ,Harold,Taylor,Clear,Unknown,no,no,no,yes,yes,False
102659842,GOODLETTSVILLE POLICE DEPT,20-06681,Davidson,Goodlettsville,2/22/2020 11:05:00 AM,2,1,0,36.334300,-86.717190,N MAIN ST,,,,31.00,Feet,North,FANNIN DR,,,,0.00,N,Not at Intersection,N,Non-Junction,None,,,         ,Jessica,Gistarb,Clear,Angle,no,no,no,no,no,False
102659875,METROPOLITAN NASHVILLE POLICE DEPT,20200127922,Davidson,Nashville,2/22/2020 10:19:00 AM,2,0,0,36.196580,-86.776120,I 65,,,,0.00,,,,,,,86.65,N,Not at Intersection,Y,Non-Junction,None,,,         ,James,Wells Jr.,Clear,"Sideswipe, Same Direction",no,no,no,no,yes,False
102659899,METROPOLITAN NASHVILLE POLICE DEPT,20200128023,Davidson,Nashville,2/22/2020 11:56:00 AM,2,1,0,36.112010,-86.769830,THOMPSON LN,,,,450.00,Feet,East,W IRIS DR,,,,0.00,N,Not at Intersection,N,Non-Junction,None,,,         ,Devin,Mabry,Clear,Angle,no,no,no,no,no,False
102659911,METROPOLITAN NASHVILLE POLICE DEPT,20200127925,Davidson,Nashville,2/22/2020 10:00:00 AM,2,0,0,36.196100,-86.781960,BAPTIST WORLD CENTER DR,,,,254.00,Feet,East,WEAKLEY AV,,,,0.00,N,Not at Intersection, ,Non-Junction,None,,,         ,Pamela,Caulder,Clear,Front to Rear,no,no,no,no,no,False
102659915,METROPOLITAN NASHVILLE POLICE DEPT,2020-0110476,Davidson,Nashville,2/15/2020 1:00:00 AM,1,0,0,36.236900,-86.773420,MOOREWOOD DR,,,,0.00,,,CRISLYNNDALE DR,,,,0.00,Y,T-Intersection,N,Non-Junction,None,,,         ,Ian,Wilson,Clear,Not Collision with Motor Vehicle in Transport,no,no,no,no,yes,False
102659931,METROPOLITAN NASHVILLE POLICE DEPT,20200128132,Davidson,Nashville,2/22/2020 1:20:00 PM,2,0,0,36.124750,-86.794250,BELMONT BLVD,,,,0.00,,,SWEETBRIAR AV,,,,0.00,Y,T-Intersection, ,,None,,,         ,Jackson,Smythe,,,no,no,no,no,no,False
102659955,METROPOLITAN NASHVILLE POLICE DEPT,20200128057,Davidson,Nashville,2/22/2020 12:15:00 PM,2,3,0,36.263200,-86.756990,WESTCHESTER DR,,,,83.00,Feet,East,DICKERSON PKE,,,,0.00,N,Not at Intersection,N,Non-Junction,None,,,         ,Ricki,Armstrong,Clear,"Sideswipe, Opposite Direction",no,no,no,no,no,False
102659956,METROPOLITAN NASHVILLE POLICE DEPT,20200128081,Davidson,Nashville,2/22/2020 12:38:00 PM,2,1,0,36.166790,-86.765050,I 24,,,,0.00,,,,,,,48.95,N,Not at Intersection,N,Non-Junction,None,,,         ,Garrett,Short,Clear,Front to Rear,no,no,no,no,no,False
102659975,METROPOLITAN NASHVILLE POLICE DEPT,20200128091,Davidson,Nashville,2/22/2020 12:49:00 PM,2,2,0,36.145330,-86.871670,CHARLOTTE PKE,,,,396.00,Feet,West,WESTBORO DR,,,,0.00,N,Not at Intersection,N,Non-Junction,None,,,         ,James,Wells Jr.,Clear,Angle,no,no,no,no,no,False