master_record_number,agency,agency_tracking_number,county,city,collision_date,vehicles_involved,number_injured,number_dead,latitude,longitude,roadway_name,roadway_suffix,roadway_number,roadway_local_id,distance_from_reference,miles-feet_indicator,direction_from_reference,intersection_road_name,intersection_road_name_suffix,intersection_road_number,intersection_local_id,mile_marker,intersection_indicator,intersect_type,interchange_related_indicator,relation_to_junction,work_zone_type,construction_maintenance_zone,construction_maintenance_zone_location,fatal_case_number,officer_first_name,officer_last_name,weather_condition(s),manner_of_crash,pedestrian,bicycle,scooter,parking,hitrun,mou
102661424,METROPOLITAN NASHVILLE POLICE DEPT,20200131556,Davidson,Nashville,2/24/2020 12:00:00 AM,3,0,0,36.195110,-86.776160,I 65,,,,0.00,,,,,,,86.55,N,Not at Intersection,Y,Non-Junction,None,,,         ,Jacob,Dick,Rain,Front to Rear,no,no,no,no,no,False
102661433,METROPOLITAN NASHVILLE POLICE DEPT,20200131668,Davidson,Nashville,2/24/2020 6:55:00 AM,2,0,0,36.151460,-86.857740,WHITE BRIDGE PKE,,,,0.00,,,I40 E ENT RAMP,,,,0.00,Y,Four-Way,N,Intersection,None,,,         ,Curtis,Rich,Rain,Angle,no,no,no,no,no,False
102661445,METROPOLITAN NASHVILLE POLICE DEPT,20200131667,Davidson,Nashville,2/24/2020 6:49:00 AM,2,0,0,36.080150,-86.772750,FRANKLIN PKE,,,,569.00,Feet,North,LAMBERT DR,,,,0.00,N,Not at Intersection, ,"Driveway, Alley Access, etc",None,,,         ,Nathan,Kemp,Rain,Angle,no,no,no,no,no,False
102661446,METROPOLITAN NASHVILLE POLICE DEPT,20200131660,Davidson,Nashville,2/24/2020 6:45:00 AM,2,0,0,36.168770,-86.782910,JAMES ROBERTSON PKWY,,,,249.00,Feet,East,5TH AVN,,,,0.00,N,Not at Intersection, ,,None,,,         ,Kimberly,Forsyth,,,no,no,no,no,no,False
102661447,METROPOLITAN NASHVILLE POLICE DEPT,20200131671,Davidson,Nashville,2/24/2020 6:14:00 AM,2,0,0,36.071870,-86.636180,MURFREESBORO PKE,,,,0.00,,,BELL RD,,,,0.00,Y,Four-Way, ,Intersection,None,,,         ,Michael,Moss,Rain,Angle,no,no,no,no,no,False
102661448,METROPOLITAN NASHVILLE POLICE DEPT,20200131602,Davidson,Nashville,2/24/2020 5:58:00 AM,2,1,0,36.237880,-86.783570,I24 W EXT RAMP,,,,0.00,Feet,East,I 24,,,,0.00,N,Not at Intersection,N,Non-Junction,None,,,         ,Joshua,Dodge,Rain,Front to Rear,no,no,no,no,no,False
102661459,METROPOLITAN NASHVILLE POLICE DEPT,20200131686,Davidson,Nashville,2/24/2020 6:58:00 AM,2,1,0,36.208240,-86.767400,DICKERSON PKE,,,,0.00,,,GRIZZARD AV,,,,0.00,Y,T-Intersection,N,Intersection,None,,,         ,Brandon,Evans,Rain,Angle,no,no,no,no,no,False
102661475,VANDERBILT UNIVERSITY POLICE,20200129135,Davidson,Nashville,2/22/2020 11:32:00 PM,2,0,0,36.142670,-86.806560,HIGHLAND AV,,,,0.00,,,25TH AVS,,,,0.00,Y,Four-Way,N,Intersection,None,,,         ,Adam,Dorris,Clear,Angle,no,no,no,no,no,Campus
102661479,METROPOLITAN NASHVILLE POLICE DEPT,20200131831,Davidson,Nashville,2/24/2020 7:55:00 AM,2,0,0,36.138760,-86.889220,I 40,,,,0.00,,,,,,,201.90,N,Not at Intersection,N,Non-Junction,None,,,         ,Curtis,Rich,Rain,Front to Rear,no,no,no,no,no,False
102661480,METROPOLITAN NASHVILLE POLICE DEPT,20200131816,Davidson,Nashville,2/24/2020 7:30:00 AM,2,0,0,36.173440,-86.790660,JEFFERSON ST,,,,174.00,Feet,West,7TH AVN,,,,0.00,N,Not at Intersection, ,Non-Junction,None,,,         ,Brian,Mclarty,Rain,"Sideswipe, Same Direction",no,no,no,no,no,False
102661500,METROPOLITAN NASHVILLE POLICE DEPT,20200131691,Davidson,Nashville,2/24/2020 7:01:00 AM,2,1,0,36.217080,-86.696380,MCGAVOCK PKE,,,,0.00,,,MUSIC VALLEY DR,,,,0.00,Y,Four-Way,N,Intersection,None,,,         ,Justin,Chisholm,Rain,Angle,no,no,no,no,no,False
102661502,METROPOLITAN NASHVILLE POLICE DEPT,20200131853,Davidson,Nashville,2/24/2020 8:19:00 AM,1,1,0,36.125950,-86.904420,I 40,,,,0.00,,,,,,,200.60,N,Not at Intersection,N,Non-Junction,None,,,         ,Benjamin,Cantrell,Rain,Not Collision with Motor Vehicle in Transport,no,no,no,no,no,False
102661505,VANDERBILT UNIVERSITY POLICE,2020-0131765,Davidson,Nashville,2/24/2020 7:15:00 AM,2,0,0,36.140210,-86.801040,22ND AVE S,,,,0.00,,,,,,,0.00,,Not at Intersection, ,Non-Junction,None,,,         ,Lakosha,Goodloe,Cloudy,Other,no,no,no,yes,no,Campus
102661506,METROPOLITAN NASHVILLE POLICE DEPT,20200131903,Davidson,Nashville,2/24/2020 9:00:00 AM,2,0,0,36.143240,-86.704920,I 40,,,,0.00,,,,,,,214.50,N,Not at Intersection, ,,None,,,         ,Raymond,Flaherty,,,no,no,no,no,no,False
102661524,METROPOLITAN NASHVILLE POLICE DEPT,20200131975,Davidson,Nashville,2/24/2020 9:00:00 AM,2,2,0,36.132380,-86.894170,CHARLOTTE PKE,,,,245.00,Feet,West,I40 E ENT RAMP,,,,0.00,N,Not at Intersection, ,Non-Junction,None,,,         ,Curtis,Rich,Rain,Front to Rear,no,no,no,no,no,False
102661525,METROPOLITAN NASHVILLE POLICE DEPT,20200131849,Davidson,Nashville,2/24/2020 8:00:00 AM,3,0,0,36.143420,-86.687130,I 40,,,,0.00,,,,,,,215.45,N,Not at Intersection,N,Non-Junction,None,,,         ,Mark,Sydenstricker,Rain,Front to Rear,no,no,no,no,no,False
102661529,METROPOLITAN NASHVILLE POLICE DEPT,20200131836,Davidson,Not in City Limit,2/24/2020 7:33:00 AM,3,0,0,36.313060,-86.830800,I 24,,,,0.00,,,,,,,37.40,N,Not at Intersection, ,Non-Junction,None,,,         ,Jedidayah,Merriweather,Rain,Front to Rear,no,no,no,no,no,False
102661535,METROPOLITAN NASHVILLE POLICE DEPT,20200132018,Davidson,Nashville,2/24/2020 9:43:00 AM,2,0,0,36.137430,-86.799190,WEDGEWOOD AV,,,,257.00,Feet,North,19TH AVS,,,,0.00,N,Not at Intersection,N,Non-Junction,None,,,         ,Nathan,Kemp,Rain,Front to Rear,no,no,no,no,yes,Campus
102661536,GOODLETTSVILLE POLICE DEPT,20-06890,Davidson,Goodlettsville,2/24/2020 9:13:00 AM,1,0,0,36.334210,-86.717190,FANNIN DR,,,,0.00,,,N MAIN ST,,,,0.00,Y,T-Intersection, ,Intersection,None,,,         ,George,Forbes,Rain,Not Collision with Motor Vehicle in Transport,no,no,no,no,no,False
102661537,METROPOLITAN NASHVILLE POLICE DEPT,20200131950,Davidson,Nashville,2/24/2020 9:02:00 AM,2,0,0,36.141160,-86.731090,I 40,,,,0.00,,,,,,,212.90,N,Not at Intersection, ,,None,,,         ,Joshua,Hausman,,,no,no,no,no,no,False
102661538,METROPOLITAN NASHVILLE POLICE DEPT,20200132002,Davidson,Nashville,2/24/2020 9:20:00 AM,2,0,0,36.027370,-86.712750,NOLENSVILLE PKE,,,,208.00,Feet,North,LORDS CHAPEL DR,,,,0.00,N,Not at Intersection, ,Non-Junction,None,,,         ,Thomas,White,Rain,Front to Rear,no,no,no,no,no,False
102661544,METROPOLITAN NASHVILLE POLICE DEPT,20200131912,Davidson,Nashville,2/24/2020 8:50:00 AM,2,0,0,36.154140,-86.836110,I 40,,,,0.00,,,,,,,205.15,N,Not at Intersection, ,Non-Junction,None,,,         ,Michael,Pyle,Rain,"Sideswipe, Same Direction",no,no,no,no,yes,False
102661545,METROPOLITAN NASHVILLE POLICE DEPT,20200131931,Davidson,Nashville,2/24/2020 8:56:00 AM,2,0,0,36.159940,-86.846400,49TH AVE N,,,,0.00,Feet,,KENTUCKY AVE,,,,0.00,Y,Four-Way,N,Intersection,None,,,         ,Brandon,O'Guin,Rain,Angle,no,no,no,no,no,False
102661547,METROPOLITAN NASHVILLE POLICE DEPT,20200132004,Davidson,Nashville,2/24/2020 9:33:00 AM,2,1,0,36.138810,-86.888860,I 40,,,,0.00,,,,,,,201.90,N,Not at Intersection,N,Non-Junction,None,,,         ,Benjamin,Cantrell,Rain,Front to Rear,no,no,no,no,yes,False
102661557,METROPOLITAN NASHVILLE POLICE DEPT,20200131927,Davidson,Nashville,2/24/2020 8:57:00 AM,4,0,0,36.176320,-86.766080,ELLINGTON PKWYS,,,,111.00,Feet,North,SPRING ST ENT RAMP,,,,0.00,N,Not at Intersection,N,Non-Junction,None,,,         ,Sarah,Cartwright,Rain,Front to Rear,no,no,no,no,no,False
102661559,METROPOLITAN NASHVILLE POLICE DEPT,20200132019,Davidson,Nashville,2/24/2020 9:35:00 AM,2,0,0,36.217830,-86.745830,HART LN,,,,0.00,,,ELLINGTON PKWY N ENT RAMP,,,,0.00,Y,OTHER, ,Non-Junction,None,,,         ,Megan,Lamon,Rain,Angle,no,no,no,no,no,False
102661569,METROPOLITAN NASHVILLE POLICE DEPT,20200132074,Davidson,Nashville,2/24/2020 10:16:00 AM,1,1,0,36.053660,-86.715020,NOLENSVILLE PKE,,,,0.00,,,BREWER DR,,,,0.00,Y,Four-Way,N,Intersection,None,,,         ,Nathan,Kemp,Rain,Not Collision with Motor Vehicle in Transport,yes,no,no,no,no,False
102661570,METROPOLITAN NASHVILLE POLICE DEPT,20200132065,Davidson,Nashville,2/24/2020 10:10:00 AM,1,1,0,36.239740,-86.775130,BRILEY PKWYW,,,,314.00,Feet,North,BRILEY PKWYE,,,,0.00,N,Not at Intersection,N,Non-Junction,None,,,         ,Keenan,McCann,Rain,Not Collision with Motor Vehicle in Transport,no,no,no,no,no,False
102661580,METROPOLITAN NASHVILLE POLICE DEPT,20200131997,Davidson,Nashville,2/24/2020 9:20:00 AM,1,1,0,36.249910,-86.783770,I 24,,,,0.00,,,,,,,42.70,N,Not at Intersection,N,Non-Junction,None,,,         ,Ruben,Mariano,Rain,Not Collision with Motor Vehicle in Transport,no,no,no,no,no,False
102661594,METROPOLITAN NASHVILLE POLICE DEPT,20200132155,Davidson,Not in City Limit,2/24/2020 11:05:00 AM,1,0,0,36.310610,-86.766710,CAMPBELL RD,,,,2246.00,Feet,North,JACKSON RD,,,,0.00,N,Not at Intersection, ,Non-Junction,None,,,         ,William,Coy,Rain,Not Collision with Motor Vehicle in Transport,no,no,no,no,no,False
102661596,METROPOLITAN NASHVILLE POLICE DEPT,20200132172,Davidson,Nashville,2/24/2020 10:54:00 AM,2,0,0,36.171060,-86.809930,21ST AVN,,,,0.00,,,HEIMAN ST,,,,0.00,Y,Four-Way,N,Intersection-Related,None,,,         ,Jean,McCormack,Rain,Angle,no,no,no,no,yes,False
102661605,METROPOLITAN NASHVILLE POLICE DEPT,20200132225,Davidson,Nashville,2/24/2020 11:40:00 AM,2,0,0,36.143340,-86.786850,12TH AVS,,,,230.00,Feet,North,EDGEHILL AV,,,,0.00,N,Not at Intersection, ,Non-Junction,None,,,         ,Nathan,Kemp,Rain,Not Collision with Motor Vehicle in Transport,no,no,no,no,no,False
102661617,METROPOLITAN NASHVILLE POLICE DEPT,20200132233,Davidson,Nashville,2/24/2020 11:57:00 AM,2,0,0,36.025470,-86.713190,BRADFORD HILLS DR,,,,42.00,Feet,West,LENOX VILLAGE DR,,,,0.00,N,Not at Intersection, ,Non-Junction,None,,,         ,Christopher,Alceus,Rain,Front to Rear,no,no,no,no,no,False
102661620,METROPOLITAN NASHVILLE POLICE DEPT,20200132130,Davidson,Nashville,2/24/2020 10:48:00 AM,2,0,0,36.164820,-86.794050,I 40,,,,0.00,,,,,,,208.45,N,Not at Intersection, ,Non-Junction,None,,,         ,Frank,Campbell,Rain,Other,no,no,no,no,no,False
102661635,METROPOLITAN NASHVILLE POLICE DEPT,20200131698,Davidson,Nashville,2/24/2020 5:16:00 AM,2,0,0,36.083430,-86.689090,ANTIOCH PKE,,,,0.00,,,EZELL PKE,,,,0.00,Y,T-Intersection,N,Intersection,None,,,         ,Timothy,Mead,Rain,Front to Rear,no,no,no,no,yes,False
102661636,METROPOLITAN NASHVILLE POLICE DEPT,20200131820,Davidson,Nashville,2/24/2020 7:58:00 AM,3,0,0,36.045580,-86.673640,BELL RD,,,,216.00,Feet,East,BLUE HOLE RD,,,,0.00,N,Not at Intersection,N,Non-Junction,None,,,         ,Timothy,Mead,Rain,Front to Rear,no,no,no,no,no,False
102661639,METROPOLITAN NASHVILLE POLICE DEPT,20200120113,Davidson,Nashville,2/19/2020 9:05:00 AM,3,1,0,36.146700,-86.742830,I 40,,,,0.00,,,,,,,212.10,N,Not at Intersection,N,Non-Junction,None,,,         ,Mark,Sydenstricker,Clear,Rear to Rear,no,no,no,no,no,False
102661677,METROPOLITAN NASHVILLE POLICE DEPT,20200132255,Davidson,Nashville,2/24/2020 12:09:00 PM,4,1,0,36.129690,-86.754640,NOLENSVILLE PKE,,,,30.00,Feet,North,CARSON ST,,,,0.00,N,Not at Intersection,N,Non-Junction,None,,,         ,Devin,Mabry,Rain,Not Collision with Motor Vehicle in Transport,no,no,no,no,no,False
102661687,METROPOLITAN NASHVILLE POLICE DEPT,20200132333,Davidson,Nashville,2/24/2020 12:55:00 PM,2,0,0,36.211070,-86.775740,I 65,,,,0.00,,,,,,,87.70,N,Not at Intersection, ,,None,,,         ,Brandon,Evans,,,no,no,no,no,no,False
102661688,METROPOLITAN NASHVILLE POLICE DEPT,20200132314,Davidson,Nashville,2/24/2020 12:30:00 PM,2,1,0,36.134280,-86.774780,WEDGEWOOD AV,,,,0.00,,,I65 N ENT RAMP,,,,0.00,Y,Four-Way,N,Intersection-Related,None,,,         ,Eric,Burford,Rain,Front to Rear,no,no,no,no,yes,False
102661695,METROPOLITAN NASHVILLE POLICE DEPT,20200132381,Davidson,Nashville,2/24/2020 1:21:00 PM,2,2,0,36.137550,-86.800510,WEDGEWOOD AV,,,,73.00,Feet,East,21ST AVS,,,,0.00,N,Not at Intersection,N,Non-Junction,None,,,         ,Nathan,Kemp,Rain,Front to Rear,no,no,no,no,no,Campus
102661708,METROPOLITAN NASHVILLE POLICE DEPT,20200132309,Davidson,Nashville,2/24/2020 12:38:00 PM,2,0,0,36.086100,-86.648200,MURFREESBORO PKE,,,,327.00,Feet,South,UNA ANTIOCH PKE,,,,0.00,N,Not at Intersection,N,Non-Junction,None,,,         ,Charles,Wakefield,Rain,Front to Rear,no,no,no,no,yes,False
102661709,METROPOLITAN NASHVILLE POLICE DEPT,20200132332,Davidson,Nashville,2/24/2020 12:55:00 PM,2,0,0,36.069050,-86.681930,RICHARDS RD,,,,217.00,Feet,West,CUMMINGS PARK DR,,,,0.00,N,Not at Intersection, ,Non-Junction,None,,,         ,Jason,Hees,Rain,"Sideswipe, Same Direction",no,no,no,no,no,False
102661719,METROPOLITAN NASHVILLE POLICE DEPT,20200132263,Davidson,Nashville,2/24/2020 12:14:00 PM,2,0,0,36.249390,-86.783670,I 24,,,,0.00,,,,,,,42.70,N,Not at Intersection,N,Non-Junction,Work Zone,Laneclosure,Activity Area,         ,Ruben,Mariano,Rain,"Sideswipe, Same Direction",no,no,no,no,no,False
102661734,METROPOLITAN NASHVILLE POLICE DEPT,20200132460,Davidson,Nashville,2/24/2020 2:03:00 PM,2,0,0,36.185810,-86.761940,CLEVELAND ST,,,,0.00,,,N 6TH ST,,,,0.00,Y,Four-Way,N,Intersection,None,,,         ,Doyle,Price,Rain,Angle,no,no,no,no,yes,False
102661737,METROPOLITAN NASHVILLE POLICE DEPT,20200132387,Davidson,Nashville,2/24/2020 1:15:00 PM,2,0,0,36.161200,-86.792680,CHARLOTTE AV,,,,0.00,,,GEORGE L DAVIS BLVD,,,,0.00,Y,Four-Way, ,Intersection,None,,,         ,Kimberly,Forsyth,Rain,"Sideswipe, Same Direction",no,no,no,no,no,False
102661742,METROPOLITAN NASHVILLE POLICE DEPT,20200132445,Davidson,Nashville,2/24/2020 1:37:00 PM,1,1,0,36.170690,-86.804240,I 40,,,,0.00,,,,,,,207.65,N,Not at Intersection,N,Non-Junction,None,,,         ,Isaac,Wood,Rain,Not Collision with Motor Vehicle in Transport,no,no,no,no,no,False
102661751,METROPOLITAN NASHVILLE POLICE DEPT,20200132520,Davidson,Nashville,2/24/2020 1:35:00 PM,2,0,0,36.153430,-86.788850,DEMONBREUN ST,,,,105.00,Feet,East,CONNECTING ROAD,,,,0.00,N,Not at Intersection, ,Non-Junction,None,,,         ,Goran,Manojlovic,Rain,"Sideswipe, Same Direction",no,no,no,no,no,False
102661776,METROPOLITAN NASHVILLE POLICE DEPT,20200132516,Davidson,Nashville,2/24/2020 2:37:00 PM,2,0,0,36.178670,-86.773490,I24 W ENT RAMP,,,,76.00,Feet,South,I 24,,,,0.00,N,Not at Intersection, ,Non-Junction,None,,,         ,Wayne,Helm,Rain,Front to Rear,no,no,no,no,no,False
102661777,METROPOLITAN NASHVILLE POLICE DEPT,20200132581,Davidson,Nashville,2/24/2020 1:49:00 PM,2,0,0,36.189200,-86.745750,SHARPE AV,,,,68.00,Feet,East,GALLATIN AV,,,,0.00,N,Not at Intersection, ,Non-Junction,None,,,         ,Randy,Puckett,Rain,Angle,no,no,no,no,no,False
102661779,METROPOLITAN NASHVILLE POLICE DEPT,20200132582,Davidson,Nashville,2/24/2020 3:00:00 PM,2,0,0,36.115930,-86.773260,I 65,,,,0.00,,,,,,,80.20,N,Not at Intersection,N,Non-Junction,None,,,         ,Conor,Cronin,Rain,Front to Rear,no,no,no,no,no,False
102661788,METROPOLITAN NASHVILLE POLICE DEPT,20200132480,Davidson,Nashville,2/24/2020 1:46:00 PM,2,0,0,36.079370,-86.632570,EDGE O LAKE DR,,,,0.00,,,BELL RD,,,,0.00,Y,Four-Way,N,Intersection,None,,,         ,Ian,Hammond,Rain,Angle,no,no,no,no,no,False
102661792,METROPOLITAN NASHVILLE POLICE DEPT,20200132548,Davidson,Nashville,2/24/2020 2:32:00 PM,1,0,0,36.112680,-86.771710,I440 ENT RAMP,,,,0.00,Feet,East,I 65,,,,0.00,N,Not at Intersection,N,Non-Junction,None,,,         ,Ryan,Sherry,Rain,Not Collision with Motor Vehicle in Transport,no,no,no,no,no,False
102661795,VANDERBILT UNIVERSITY POLICE,20200132493,Davidson,Nashville,2/24/2020 2:03:00 PM,2,0,0,36.142620,-86.810860,VANDERBILT PL,,,,0.00,,,,,,,0.00,,, ,Non-Junction,None,,,         ,Ron,Reeves,Rain,"Sideswipe, Same Direction",no,no,no,yes,no,Campus
102661797,METROPOLITAN NASHVILLE POLICE DEPT,20200132527,Davidson,Nashville,2/24/2020 2:40:00 PM,2,1,0,36.186970,-86.675630,WINDEMERE CIR,,,,0.00,Feet,East,MCGAVOCK PKE,,,,0.00,N,Not at Intersection,N,Non-Junction,None,,,         ,Evan,Grace,Rain,Angle,no,no,no,no,no,False
102661802,METROPOLITAN NASHVILLE POLICE DEPT,20200132676,Davidson,Nashville,2/24/2020 3:45:00 PM,2,0,0,36.192730,-86.752750,ELLINGTON PKWYN,,,,49.00,Feet,North,ELLINGTON PKWY N ENT RAMP,,,,0.00,N,Not at Intersection,N,Non-Junction,None,,,         ,Wayne,Helm,Rain,"Sideswipe, Same Direction",no,no,no,no,yes,False
102661803,METROPOLITAN NASHVILLE POLICE DEPT,20200132639,Davidson,Nashville,2/24/2020 3:00:00 PM,2,0,0,36.176200,-86.870600,STATE HWY 155,,,,957.00,Feet,North,-- UNKNOWN RAMP/ROAD --,,,,0.00,N,Not at Intersection,N,Non-Junction,None,,,         ,Brian,DeMarce,Rain,"Sideswipe, Same Direction",no,no,no,no,yes,False
102661804,METROPOLITAN NASHVILLE POLICE DEPT,20200132600,Davidson,Nashville,2/24/2020 12:00:00 AM,2,0,0,36.153220,-86.764410,I 40,,,,0.00,,,,,,,210.70,N,Not at Intersection,N,Non-Junction,None,,,         ,Derek,Sibley,Rain,Front to Rear,no,no,no,no,yes,False
102661805,METROPOLITAN NASHVILLE POLICE DEPT,20200132677,Davidson,Nashville,2/24/2020 3:45:00 PM,2,0,0,36.190130,-86.626590,LEBANON PKE,,,,777.00,Feet,South,BONNABROOK DR,,,,0.00,N,Not at Intersection, ,,None,,,         ,Douglas,Mann,,,no,no,no,no,no,False
102661809,METROPOLITAN NASHVILLE POLICE DEPT,20200132506,Davidson,Nashville,2/24/2020 2:37:00 PM,2,3,0,36.067070,-86.690670,APACHE TRL,,,,108.00,Feet,East,HICKORY LAKE APTS PVTDR,,,,0.00,N,Not at Intersection,N,Non-Junction,None,,,         ,Brian,Sherman,Rain,Front to Rear,no,no,no,no,no,False
102661810,METROPOLITAN NASHVILLE POLICE DEPT,20200132615,Davidson,Nashville,2/24/2020 2:53:00 PM,3,0,0,36.147940,-86.692940,BRILEY PKWYS,,,,76.00,Feet,East,BRILEY PKWY S EXT RAMP,,,,0.00,N,Not at Intersection, ,Non-Junction,None,,,         ,Jason,Milyaro Lucas,Rain,"Sideswipe, Same Direction",no,no,no,no,no,False
102661811,METROPOLITAN NASHVILLE POLICE DEPT,20200132660,Davidson,Nashville,2/24/2020 3:40:00 PM,2,1,0,36.053920,-86.898690,OLD HICKORY BLVD,,,,0.00,,,GAUCHO ROAD PVTDR,,,,0.00,Y,Four-Way,Y,Intersection,None,,,         ,Devonte,Coleman,Rain,HeadOn,no,no,no,no,no,False
102661813,METROPOLITAN NASHVILLE POLICE DEPT,20200132657,Davidson,Nashville,2/24/2020 1:35:00 PM,2,0,0,36.158800,-86.795880,16TH AVE N,,,,118.00,Feet,North,PATTERSON ST,,,,0.00,N,Not at Intersection, ,Non-Junction,None,,,         ,Zachary,Plese,Rain,Angle,no,no,no,no,no,False
102661814,METROPOLITAN NASHVILLE POLICE DEPT,20200132514,Davidson,Nashville,2/24/2020 2:43:00 PM,3,2,0,36.061590,-86.716720,NOLENSVILLE PKE,,,,106.00,Feet,North,MCMURRAY DR,,,,0.00,N,Not at Intersection,N,Non-Junction,None,,,         ,FELIKS,ABRAHAMYAN,Rain,Front to Rear,no,no,no,no,yes,False
102661815,TENNESSEE STATE UNIVERSITY ,20-TSU-07717,Davidson,Nashville,2/24/2020 2:38:00 PM,2,0,0,36.164750,-86.826390,33RD AVN,,,,0.00,,,ALAMEDA ST,,,,0.00,Y,OTHER, ,Non-Junction,None,,,         ,Harold,Taylor,Rain,Other,no,no,no,yes,no,False
102661822,GOODLETTSVILLE POLICE DEPT,20-06921,Davidson,Goodlettsville,2/24/2020 3:45:00 PM,2,0,0,36.314330,-86.698990,CONFERENCE DR,,,,109.00,Feet,South,WINDSOR GREEN BLVD,,,,0.00,N,Not at Intersection,N,Non-Junction,None,,,         ,George,Forbes,Rain,Not Collision with Motor Vehicle in Transport,no,no,no,no,no,False
102661828,METROPOLITAN NASHVILLE POLICE DEPT,20200132622,Davidson,Nashville,2/24/2020 3:20:00 PM,2,0,0,36.246490,-86.735470,S GRAYCROFT AV,,,,6.00,Feet,North,FREDA VILLA,,,,0.00,N,Not at Intersection,N,Non-Junction,None,,,         ,Rodney,Phipps,Rain,Angle,no,no,no,no,no,False
102661829,METROPOLITAN NASHVILLE POLICE DEPT,20200132573,Davidson,Nashville,2/24/2020 3:00:00 PM,2,0,0,36.182350,-86.640900,LEBANON PKE,,,,280.00,Feet,East,DOWNEYMEADE DR,,,,0.00,N,Not at Intersection,N,Non-Junction,None,,,         ,Peter,Kinsey,Rain,Front to Rear,no,no,no,no,no,False
102661839,METROPOLITAN NASHVILLE POLICE DEPT,20200132729,Davidson,Nashville,2/24/2020 4:15:00 PM,1,1,0,36.065320,-86.685420,I 24,,,,0.00,,,,,,,57.35,N,Not at Intersection,N,Non-Junction,None,,,         ,Eric,Laury,Rain,Not Collision with Motor Vehicle in Transport,no,no,no,no,no,False
102661845,METROPOLITAN NASHVILLE POLICE DEPT,20200132771,Davidson,Nashville,2/24/2020 4:35:00 PM,2,0,0,36.177770,-86.764020,ELLINGTON PKWYN,,,,200.00,Feet,North,ELLINGTON PKWY N ENT RAMP,,,,0.00,N,Not at Intersection, ,Non-Junction,None,,,         ,Wayne,Helm,Rain,"Sideswipe, Same Direction",no,no,no,no,no,False
102661854,METROPOLITAN NASHVILLE POLICE DEPT,20200132728,Davidson,Nashville,2/24/2020 3:57:00 PM,2,0,0,36.156630,-86.768670,HERMITAGE AV,,,,0.00,,,LEA AV,,,,0.00,Y,Four-Way,N,Intersection,None,,,         ,Justen,Ogle,Cloudy,"Sideswipe, Same Direction",no,no,no,no,no,False
102661855,METROPOLITAN NASHVILLE POLICE DEPT,20200132754,Davidson,Nashville,2/24/2020 4:35:00 PM,2,1,0,36.071440,-86.657420,PEBBLE CREEK DR,,,,218.00,Feet,East,MOUNTAIN LAUREL DR,,,,0.00,N,Not at Intersection,N,Non-Junction,None,,,         ,Laura,Williams,Cloudy,HeadOn,no,no,no,no,no,False
102661857,METROPOLITAN NASHVILLE POLICE DEPT,20200132566,Davidson,Nashville,2/24/2020 3:01:00 PM,2,0,0,36.074020,-86.923300,HIGHWAY 70S,,,,0.00,Feet,,OLD HARDING PKE RAMP,,,,0.00,Y,T-Intersection, ,Intersection,None,,,         ,Aaron,Brumley,Cloudy,Angle,no,no,no,no,no,False
102661860,METROPOLITAN NASHVILLE POLICE DEPT,20200132767,Davidson,Nashville,2/24/2020 4:35:00 PM,2,0,0,36.140340,-86.821970,MURPHY RD,,,,0.00,Feet,East,I 440,,,,0.00,N,Not at Intersection, ,,None,,,         ,Zachary,Plese,,,no,no,no,no,no,False
102661862,METROPOLITAN NASHVILLE POLICE DEPT,20200132606,Davidson,Nashville,2/24/2020 3:05:00 PM,2,0,0,36.069210,-86.689110,I 24,,,,0.00,,,,,,,57.00,N,Not at Intersection,N,Non-Junction,None,,,         ,John,Jones,Rain,"Sideswipe, Same Direction",no,no,no,no,no,False
102661863,METROPOLITAN NASHVILLE POLICE DEPT,20200132825,Davidson,Nashville,2/24/2020 4:54:00 PM,2,0,0,36.143500,-86.777220,I 65,,,,0.00,,,,,,,82.05,N,Not at Intersection, ,,None,,,         ,Douglas,Sykes,,,no,no,no,no,no,False
102661868,METROPOLITAN NASHVILLE POLICE DEPT,20200132790,Davidson,Nashville,2/24/2020 4:40:00 PM,2,0,0,36.167750,-86.663610,LEBANON PKE,,,,93.00,Feet,West,DONELSON PKE,,,,0.00,N,Not at Intersection, ,,None,,,         ,Allyson,Reis,,,no,no,no,no,no,False
102661870,METROPOLITAN NASHVILLE POLICE DEPT,20200132605,Davidson,Nashville,2/24/2020 3:07:00 PM,2,0,0,36.068470,-86.719430,NOLENSVILLE PKE,,,,136.00,Feet,North,HAYWOOD LN,,,,0.00,N,Not at Intersection, ,Non-Junction,None,,,         ,Edward,Starke,Rain,Angle,no,no,no,no,no,False
102661871,METROPOLITAN NASHVILLE POLICE DEPT,20200132818,Davidson,Nashville,2/24/2020 5:11:00 PM,2,1,0,36.047180,-86.611310,MURFREESBORO PKE,,,,958.00,Feet,North,MOUNTAIN SPRINGS RD,,,,0.00,N,Not at Intersection,N,Non-Junction,None,,,         ,Tyler,Geiger,Rain,Angle,no,no,no,no,no,False
102661876,METROPOLITAN NASHVILLE POLICE DEPT,20200132613,Davidson,Nashville,2/24/2020 12:00:00 AM,1,2,0,36.066500,-86.686360,I 24,,,,0.00,,,,,,,57.30,N,Not at Intersection,N,Non-Junction,None,,,         ,Madison,Meiss,Rain,Not Collision with Motor Vehicle in Transport,no,no,no,no,no,False