master_record_number,agency,agency_tracking_number,county,city,collision_date,vehicles_involved,number_injured,number_dead,latitude,longitude,roadway_name,roadway_suffix,roadway_number,roadway_local_id,distance_from_reference,miles-feet_indicator,direction_from_reference,intersection_road_name,intersection_road_name_suffix,intersection_road_number,intersection_local_id,mile_marker,intersection_indicator,intersect_type,interchange_related_indicator,relation_to_junction,work_zone_type,construction_maintenance_zone,construction_maintenance_zone_location,fatal_case_number,officer_first_name,officer_last_name,weather_condition(s),manner_of_crash,pedestrian,bicycle,scooter,parking,hitrun,mou
102661878,METROPOLITAN NASHVILLE POLICE DEPT,20200132807,Davidson,Nashville,2/24/2020 4:20:00 PM,2,1,0,36.035390,-86.611280,OLD HICKORY BLVD,,,,185.00,Feet,South,HOBSON PKE,,,,0.00,N,Not at Intersection, ,Non-Junction,None,,,         ,Edward,Starke,Rain,Angle,no,no,no,no,no,False
102661879,METROPOLITAN NASHVILLE POLICE DEPT,20200132880,Davidson,Nashville,2/24/2020 5:20:00 PM,2,0,0,36.115180,-86.823510,WOODMONT BLVD,,,,0.00,,,VALLEY BROOK RD,,,,0.00,Y,T-Intersection,N,Intersection,None,,,         ,Devonte,Coleman,Clear,Angle,no,no,no,no,no,False
102661881,METROPOLITAN NASHVILLE POLICE DEPT,20200132903,Davidson,Nashville,2/24/2020 5:45:00 PM,2,0,0,36.160970,-86.793220,I 40,,,,0.00,,,,,,,208.70,N,Not at Intersection,N,Non-Junction,None,,,         ,Goran,Manojlovic,Rain,Other,no,no,no,no,yes,False
102661886,METROPOLITAN NASHVILLE POLICE DEPT,20200132845,Davidson,Nashville,2/24/2020 5:20:00 PM,2,0,0,36.157930,-86.791610,I40 E ENT RAMP,,,,0.00,,,I 40,,,,0.00,Y,Four-Way, ,Intersection-Related,None,,,         ,William,Hamblen,Clear,Front to Rear,no,no,no,no,no,False
102661887,METROPOLITAN NASHVILLE POLICE DEPT,20200132877,Davidson,Nashville,2/24/2020 5:30:00 PM,2,2,0,36.048410,-86.657400,HICKORY HOLLOW PKWY,,,,0.00,,,HICKORY HOLLOW MALL PVTDR PL,,,,0.00,Y,Four-Way,N,Intersection,None,,,         ,Dalton,Crum,Rain,Angle,no,no,no,no,no,False
102661889,METROPOLITAN NASHVILLE POLICE DEPT,20200132911,Davidson,Nashville,2/24/2020 5:37:00 PM,2,0,0,36.153220,-86.764410,I 40,,,,0.00,,,,,,,210.70,N,Not at Intersection, ,,None,,,         ,Derek,Sibley,,,no,no,no,no,no,False
102661892,METROPOLITAN NASHVILLE POLICE DEPT,20200132608,Davidson,Nashville,2/24/2020 3:19:00 PM,1,0,0,36.169960,-86.807980,I 40,,,,0.00,,,,,,,207.20,N,Not at Intersection, ,Non-Junction,None,,,         ,Jeremy,Spoonemore,Rain,Not Collision with Motor Vehicle in Transport,no,no,no,no,no,False
102661893,METROPOLITAN NASHVILLE POLICE DEPT,20200132904,Davidson,Nashville,2/24/2020 5:55:00 PM,2,0,0,36.140790,-86.878450,US HWY 70,,,,121.00,Feet,West,CHARLOTTE ROAD CIR,,,,0.00,N,Not at Intersection, ,,None,,,         ,Jared,Dick,,,no,no,no,yes,no,False
102661894,METROPOLITAN NASHVILLE POLICE DEPT,20200132888,Davidson,Nashville,2/24/2020 5:45:00 PM,2,1,0,36.156740,-86.789830,I 40,,,,0.00,,,,,,,209.10,N,Not at Intersection,N,Non-Junction,None,,,         ,Michael,Douglas,Cloudy,Front to Rear,no,no,no,no,no,False
102661896,METROPOLITAN NASHVILLE POLICE DEPT,20200132933,Davidson,Nashville,2/24/2020 6:00:00 PM,2,0,0,36.150900,-86.770640,4TH AVS,,,,0.00,Feet,,I40 W EXT RAMP,,,,0.00,Y,T-Intersection,N,Intersection,None,,,         ,Ciarra,Rench,Rain,Angle,no,no,no,no,no,False
102661897,METROPOLITAN NASHVILLE POLICE DEPT,20200132854,Davidson,Goodlettsville,2/24/2020 5:26:00 PM,2,1,0,36.294310,-86.696950,MYATT DR,,,,53.00,Feet,South,MYATT DR PVTDR,,,,0.00,N,Not at Intersection,N,Non-Junction,None,,,         ,Samuel,Kersten,Rain,Angle,no,no,no,no,no,False
102661899,METROPOLITAN NASHVILLE POLICE DEPT,20200132678,Davidson,Nashville,2/24/2020 3:51:00 PM,2,3,0,36.075090,-86.919050,HIGHWAY 70S,,,,0.00,,,BELLE FOREST SHOPPING CENTER P,,,,0.00,Y,T-Intersection,N,Intersection-Related,None,,,         ,Aaron,Brumley,Cloudy,Angle,no,no,no,no,no,False
102661902,METROPOLITAN NASHVILLE POLICE DEPT,20200132856,Davidson,Nashville,2/24/2020 5:29:00 PM,2,1,0,36.107600,-86.768650,I 65,,,,0.00,,,,,,,79.55,N,Not at Intersection,N,Non-Junction,None,,,         ,FELIKS,ABRAHAMYAN,Rain,Front to Rear,no,no,no,no,no,False
102661905,METROPOLITAN NASHVILLE POLICE DEPT,20200132849,Davidson,Not in City Limit,2/24/2020 5:00:00 PM,2,0,0,36.335250,-86.854370,MORGAN RD,,,,0.88,Miles,East,WHITES CREEK PKE,,,,0.00,N,Not at Intersection,N,Non-Junction,None,,,         ,Brian,Woodard,Rain,"Sideswipe, Opposite Direction",no,no,no,no,yes,False
102661912,METROPOLITAN NASHVILLE POLICE DEPT,20200132909,Davidson,Not in City Limit,2/24/2020 5:01:00 PM,2,0,0,36.278230,-86.789240,OLD HICKORY BLVD,,,,0.00,Feet,,COBBLESTONE CREEK DR,,,,0.00,Y,T-Intersection,N,Intersection,None,,,         ,Rodney,Phipps,Rain,Angle,no,no,no,no,no,False
102661915,METROPOLITAN NASHVILLE POLICE DEPT,20200132693,Davidson,Nashville,2/24/2020 3:55:00 PM,3,0,0,36.074630,-86.638790,MURFREESBORO PKE,,,,68.00,Feet,North,RURAL HILL RD,,,,0.00,N,Not at Intersection,N,Non-Junction,None,,,         ,Michael,Fox,Rain,Front to Rear,no,no,no,no,no,False
102661916,METROPOLITAN NASHVILLE POLICE DEPT,20200132997,Davidson,Nashville,2/24/2020 7:00:00 PM,2,2,0,36.145370,-86.871610,CHARLOTTE PKE,,,,373.00,Feet,West,WESTBORO DR,,,,0.00,N,Not at Intersection,N,Non-Junction,None,,,         ,Devonte,Coleman,Cloudy,Angle,no,no,no,no,no,False
102661921,METROPOLITAN NASHVILLE POLICE DEPT,20200132986,Davidson,Nashville,2/24/2020 6:50:00 PM,1,1,0,36.128590,-86.777890,FRANKLIN PKE,,,,0.00,,,8TH AVS,,,,0.00,Y,Four-Way,Y,Intersection,None,,,         ,Conor,Cronin,Rain,Not Collision with Motor Vehicle in Transport,no,no,no,no,no,False
102661923,METROPOLITAN NASHVILLE POLICE DEPT,20200133033,Davidson,Nashville,2/24/2020 7:15:00 PM,2,1,0,36.171270,-86.798440,I 40,,,,0.00,,,,,,,207.90,N,Not at Intersection,N,Non-Junction,None,,,         ,Anna,Clayton,Rain,"Sideswipe, Same Direction",no,no,no,no,yes,False
102661925,METROPOLITAN NASHVILLE POLICE DEPT,20200132966,Davidson,Nashville,2/24/2020 2:07:00 PM,1,0,0,36.081380,-86.593650,SMITH SPRINGS RD,,,,0.00,Feet,East,SCENIC LAKE CT,,,,0.00,N,Not at Intersection, ,Non-Junction,None,,,         ,Edward,Starke,Rain,Not Collision with Motor Vehicle in Transport,no,no,no,yes,no,False
102661932,METROPOLITAN NASHVILLE POLICE DEPT,20200133078,Davidson,Nashville,2/24/2020 5:34:00 PM,1,0,0,36.064450,-86.645260,RURAL HILL RD,,,,172.00,Feet,South,BRIDGECREST DR,,,,0.00,N,Not at Intersection,N,Non-Junction,None,,,         ,Steffani,Dahlstrom,Rain,Not Collision with Motor Vehicle in Transport,no,no,no,no,yes,False
102661936,METROPOLITAN NASHVILLE POLICE DEPT,20200133038,Davidson,Goodlettsville,2/24/2020 6:16:00 PM,2,0,0,36.293140,-86.702350,RIVERGATE STATION PVTDR,,,,0.00,,,GALLATIN PKEN,,,,0.00,Y,Four-Way,N,Intersection,None,,,         ,Samuel,Kersten,Rain,"Sideswipe, Opposite Direction",no,no,no,no,yes,False
102661937,METROPOLITAN NASHVILLE POLICE DEPT,20200133061,Davidson,Nashville,2/24/2020 12:00:00 AM,2,0,0,36.188810,-86.729880,GREENWOOD AV,,,,215.00,Feet,West,PORTER RD,,,,0.00,N,Not at Intersection,N,Non-Junction,None,,,         ,Tim,Le,Cloudy,Front to Rear,no,no,no,no,yes,False
102661940,METROPOLITAN NASHVILLE POLICE DEPT,20200132841,Davidson,Nashville,2/24/2020 4:30:00 PM,2,0,0,36.154060,-86.788250,I 40,,,,0.00,,,,,,,209.30,N,Not at Intersection,N,Non-Junction,None,,,         ,William,Hamblen,Clear,Front to Rear,no,no,no,no,no,False
102661945,METROPOLITAN NASHVILLE POLICE DEPT,20200132972,Davidson,Nashville,2/24/2020 6:25:00 PM,3,0,0,36.140900,-86.776380,I 65,,,,0.00,,,,,,,81.85,N,Not at Intersection, ,Non-Junction,None,,,         ,Melissa,Lomax,Rain,Front to Rear,no,no,no,no,no,False
102661946,METROPOLITAN NASHVILLE POLICE DEPT,20200132876,Davidson,Nashville,2/24/2020 5:38:00 PM,2,0,0,36.160970,-86.848680,TENNESSEE AV,,,,101.00,Feet,East,51ST AVN,,,,0.00,N,Not at Intersection, ,"Driveway, Alley Access, etc",None,,,         ,Justin,Coyle,Rain,Rear to Side,no,no,no,yes,yes,False
102661947,METROPOLITAN NASHVILLE POLICE DEPT,20200132886,Davidson,Nashville,2/24/2020 5:00:00 PM,1,0,0,36.208350,-86.778350,HAMPTON ST,,,,262.00,Feet,West,AVONDALE CIR,,,,0.00,N,Not at Intersection, ,Non-Junction,None,,,         ,Jeremy,Spoonemore,Rain,Not Collision with Motor Vehicle in Transport,no,no,no,yes,no,False
102661948,METROPOLITAN NASHVILLE POLICE DEPT,20200133063,Davidson,Nashville,2/24/2020 12:00:00 AM,2,0,0,36.156710,-86.790360,I40 E ENT RAMP,,,,0.00,Feet,,I 40,,,,0.00,Y,OTHER,Y,Entrance/Exit Ramp Related,None,,,         ,Jacob,Robbins,Cloudy,Front to Rear,no,no,no,no,yes,False
102661949,METROPOLITAN NASHVILLE POLICE DEPT,20200133017,Davidson,Nashville,2/24/2020 4:19:00 PM,2,0,0,36.041580,-86.672090,HICKORY PARK DR,,,,64.00,Feet,South,SYCAMORE CT,,,,0.00,N,Not at Intersection, ,Non-Junction,None,,,         ,Laura,Williams,Cloudy,"Sideswipe, Opposite Direction",no,no,no,no,no,False
102661959,METROPOLITAN NASHVILLE POLICE DEPT,20200132916,Davidson,Nashville,2/24/2020 6:04:00 PM,3,1,0,36.186420,-86.775990,I 24,,,,0.00,,,,,,,47.15,N,Not at Intersection,N,Non-Junction,None,,,         ,Justen,Ogle,Cloudy,Front to Rear,no,no,no,no,no,False
102661979,METROPOLITAN NASHVILLE POLICE DEPT,20200133011,Davidson,Nashville,2/24/2020 6:52:00 PM,2,0,0,36.177300,-86.604180,OLD HICKORY BLVD,,,,0.00,Feet,,HERMITAGE WOODS DR,,,,0.00,Y,Y-Intersection,N,Intersection-Related,None,,,         ,Douglas,Mann,Cloudy,Front to Rear,no,no,no,no,yes,False
102661980,METROPOLITAN NASHVILLE POLICE DEPT,20200133098,Davidson,Nashville,2/24/2020 12:00:00 AM,2,1,0,36.153220,-86.764410,I 40,,,,0.00,,,,,,,210.70,N,Not at Intersection,N,Non-Junction,None,,,         ,Derek,Sibley,Cloudy,Front to Rear,no,no,no,no,no,False
102661984,METROPOLITAN NASHVILLE POLICE DEPT,20200133041,Davidson,Nashville,2/24/2020 4:30:00 PM,2,0,0,36.071270,-86.653040,PEBBLE CREEK DR,,,,17.00,Feet,East,OAK RIDGE CT,,,,0.00,N,Not at Intersection, ,,None,,,         ,Timothy,Ward,,,no,no,no,no,no,False
102661997,METROPOLITAN NASHVILLE POLICE DEPT,20200133141,Davidson,Nashville,2/24/2020 8:05:00 PM,2,0,0,36.130440,-86.899990,I40 W EXT RAMP,,,,0.00,,,I 40,,,,0.00,Y,T-Intersection, ,Entrance/Exit Ramp Related,None,,,         ,Aaron,Brumley,Cloudy,Front to Rear,no,no,no,no,no,False
102662010,METROPOLITAN NASHVILLE POLICE DEPT,20200132938,Davidson,Nashville,2/24/2020 6:19:00 PM,2,2,0,36.232290,-86.758790,DICKERSON PKE,,,,313.00,Feet,South,MAPLEWOOD TRC,,,,0.00,N,Not at Intersection,N,Non-Junction,None,,,         ,David,Collins,Rain,HeadOn,no,no,no,no,no,False
102662011,METROPOLITAN NASHVILLE POLICE DEPT,20200133082,Davidson,Nashville,2/24/2020 4:30:00 PM,2,0,0,36.163590,-86.809060,HERMOSA ST,,,,175.00,Feet,West,24TH AVN,,,,0.00,N,Not at Intersection, ,Non-Junction,None,,,         ,Chad,Connors,Rain,"Sideswipe, Same Direction",no,no,no,no,no,False
102662014,THP District 3 - Nashville,320012311,Davidson,Nashville,2/24/2020 5:18:00 PM,2,1,0,36.238460,-86.580720,SAUNDERSVILLE RD,,,,12.00,Feet,South,GREEN HARBOR RD,,,,0.00,N,Not at Intersection,N,Non-Junction,None,,,         ,Steven,Seale,Cloudy,HeadOn,no,no,no,no,no,False
102662023,METROPOLITAN NASHVILLE POLICE DEPT,20200133113,Davidson,Nashville,2/24/2020 6:45:00 PM,2,0,0,36.166830,-86.757510,CAYCE PLACE PVTDR,,,,282.00,Feet,West,S 7TH ST,,,,0.00,N,Not at Intersection,N,Non-Junction,None,,,         ,Zachary,Carter,Cloudy,"Sideswipe, Opposite Direction",no,no,no,yes,yes,False
102662024,METROPOLITAN NASHVILLE POLICE DEPT,20200133074,Davidson,Not in City Limit,2/24/2020 7:39:00 PM,1,0,0,36.019330,-86.626290,I 24,,,,0.00,,,,,,,62.10,N,Not at Intersection, ,Non-Junction,None,,,         ,Edward,Starke,Clear,Not Collision with Motor Vehicle in Transport,no,no,no,no,no,False
102662025,METROPOLITAN NASHVILLE POLICE DEPT,20200132866,Davidson,Nashville,2/24/2020 5:37:00 PM,2,0,0,36.124770,-86.906820,I 40,,,,0.00,,,,,,,200.50,N,Not at Intersection, ,Non-Junction,None,,,         ,Jeremy,Huffine,Rain,Front to Rear,no,no,no,no,no,False
102662028,METROPOLITAN NASHVILLE POLICE DEPT,2020-0133246,Davidson,Not in City Limit,2/24/2020 9:08:00 PM,1,0,0,36.263200,-86.736670,I65 N EXT RAMP,,,,0.00,,,I 65,,,,0.00,Y,T-Intersection,N,Non-Junction,None,,,         ,Arthur,Hipp,Clear,Not Collision with Motor Vehicle in Transport,no,no,no,no,yes,False
102662029,METROPOLITAN NASHVILLE POLICE DEPT,20200133212,Davidson,Not in City Limit,2/24/2020 5:55:00 PM,2,0,0,36.262210,-86.712210,GALLATIN PKES,,,,0.00,Feet,,E OLD HICKORY BLVD,,,,0.00,Y,Four-Way,N,Intersection,None,,,         ,Dylan,Bradley,Rain,Angle,no,no,no,no,yes,False
102662032,METROPOLITAN NASHVILLE POLICE DEPT,20200132713,Davidson,Nashville,2/24/2020 4:08:00 PM,2,0,0,36.192630,-86.778160,I 65,,,,0.00,,,,,,,86.45,N,Not at Intersection,N,Non-Junction,None,,,         ,Melissa,Flores,Rain,"Sideswipe, Same Direction",no,no,no,no,no,False
102662043,METROPOLITAN NASHVILLE POLICE DEPT,20200133312,Davidson,Nashville,2/24/2020 9:00:00 PM,2,0,0,36.152300,-86.690940,BRILEY PKWYS,,,,100.00,Feet,North,BRILEY PKWY S ENT RAMP,,,,0.00,N,Not at Intersection,N,Non-Junction,None,,,         ,Jason,Milyaro Lucas,Clear,Front to Rear,no,no,no,no,yes,False
102662051,METROPOLITAN NASHVILLE POLICE DEPT,20200133243,Davidson,Nashville,2/24/2020 7:35:00 PM,2,1,0,36.172820,-86.584880,S NEW HOPE RD,,,,0.00,,,CENTRAL PKE,,,,0.00,Y,Four-Way,Y,Intersection,None,,,         ,Jarrett,Ipox,Clear,Front to Rear,no,no,no,no,no,False
102662063,METROPOLITAN NASHVILLE POLICE DEPT,20200133342,Davidson,Nashville,2/24/2020 9:50:00 PM,2,0,0,36.179860,-86.798200,JENKINS ST,,,,4.00,Feet,North,GARFIELD ST,,,,0.00,N,Not at Intersection, ,Non-Junction,None,,,         ,Eric,McCoy,Clear,Angle,no,no,no,no,no,False
102662071,METROPOLITAN NASHVILLE POLICE DEPT,20200133269,Davidson,Nashville,2/24/2020 9:24:00 PM,2,2,0,36.248070,-86.783620,I 24,,,,0.00,,,,,,,42.80,N,Not at Intersection,N,Non-Junction,Maintenance Zone,Lane Shift-Crossover,Unknown,         ,David,Williford,Cloudy,Front to Rear,no,no,no,no,no,False
102662073,METROPOLITAN NASHVILLE POLICE DEPT,20200133373,Davidson,Nashville,2/24/2020 9:24:00 PM,2,0,0,36.140970,-86.729310,I 40,,,,0.00,,,,,,,213.15,N,Not at Intersection,N,Non-Junction,None,,,         ,Ralph,Smith IV,Clear,Front to Rear,no,no,no,no,yes,False
102662080,METROPOLITAN NASHVILLE POLICE DEPT,20200131562,Davidson,Nashville,2/24/2020 5:21:00 AM,2,0,0,36.154220,-86.794730,17TH AVN,,,,183.00,Feet,North,WEST END AV,,,,0.00,N,Not at Intersection, ,Non-Junction,None,,,         ,Denarius,Lawson,Rain,Angle,no,no,no,no,no,False
102662092,METROPOLITAN NASHVILLE POLICE DEPT,20200131564,Davidson,Nashville,2/24/2020 12:00:00 AM,4,0,0,36.196160,-86.776120,I 65,,,,0.00,,,,,,,86.60,N,Not at Intersection,N,Non-Junction,None,,,         ,Jacob,Dick,Rain,Front to Rear,no,no,no,no,yes,False
102662094,METROPOLITAN NASHVILLE POLICE DEPT,20200133397,Davidson,Nashville,2/24/2020 9:08:00 PM,2,0,0,36.204310,-86.636120,BONNAMERE DR,,,,181.00,Feet,North,JACKSONIAN DR,,,,0.00,N,Not at Intersection,N,Non-Junction,None,,,         ,Jacob,West,Rain,Front to Rear,no,no,no,no,no,False
102662095,METROPOLITAN NASHVILLE POLICE DEPT,20200133499,Davidson,Nashville,2/24/2020 10:10:00 PM,2,0,0,36.049280,-86.651730,BELL RD,,,,0.00,,,HICKORY HOLLOW LN,,,,0.00,Y,Four-Way, ,Intersection,None,,,         ,Luke,Steigerwalt,Rain,Front to Rear,no,no,no,no,yes,False
102662104,METROPOLITAN NASHVILLE POLICE DEPT,20200133608,Davidson,Nashville,2/25/2020 12:00:00 AM,1,0,0,36.085920,-86.649180,UNA ANTIOCH PKE,,,,392.00,Feet,South,MURFREESBORO PKE,,,,0.00,N,Not at Intersection,N,Non-Junction,None,,,         ,David,Simmonds,Cloudy,Not Collision with Motor Vehicle in Transport,no,no,no,no,yes,False
102662106,METROPOLITAN NASHVILLE POLICE DEPT,20200133617,Davidson,Nashville,2/25/2020 12:28:00 AM,2,0,0,36.079490,-86.644600,EDGE O LAKE DR,,,,0.00,,,MURFREESBORO PKE,,,,0.00,Y,Four-Way,N,Intersection,None,,,         ,Ralph,Smith IV,Clear,Front to Rear,no,no,no,no,yes,False
102662114,METROPOLITAN NASHVILLE POLICE DEPT,20200133867,Davidson,Nashville,2/25/2020 3:30:00 AM,1,1,0,36.238120,-86.783030,BRILEY PKWYE,,,,0.00,,,I24 W EXT RAMP,,,,0.00,Y,OTHER,N,Non-Junction,None,,,         ,Jonathon,Sheppard,Clear,Not Collision with Motor Vehicle in Transport,no,no,no,no,no,False
102662119,METROPOLITAN NASHVILLE POLICE DEPT,2020-0131614,Davidson,Nashville,2/24/2020 6:00:00 AM,2,0,0,36.133290,-86.768840,WEDGEWOOD AV,,,,0.00,,,BRANSFORD AV,,,,0.00,Y,T-Intersection, ,Non-Junction,None,,,         ,David,Barras,Cloudy,Front to Rear,no,no,no,no,no,False
102662120,METROPOLITAN NASHVILLE POLICE DEPT,20200133947,Davidson,Nashville,2/25/2020 12:00:00 AM,1,0,0,36.040900,-86.677860,BLUE HOLE RD,,,,739.00,Feet,North,ERNA CT,,,,0.00,N,Not at Intersection,N,Non-Junction,None,,,         ,Luke,Steigerwalt,Clear,Not Collision with Motor Vehicle in Transport,no,no,no,no,yes,False
102662163,Nashville Airport Police,2020-00712,Davidson,Nashville,2/24/2020 10:23:00 AM,2,0,0,36.136160,-86.667550,TERMINAL DR,,,,0.00,,,I40 E EXT RAMP,,,,0.00,Y,OTHER, ,OtherLocation,None,,,         ,Daniel,Winter,Rain,Front to Rear,no,no,no,no,no,False
102662172,METROPOLITAN NASHVILLE POLICE DEPT,20200134111,Davidson,Nashville,2/25/2020 5:57:00 AM,3,0,0,36.155420,-86.788850,I40 W EXT RAMP,,,,0.00,,,I 40,,,,0.00,Y,OTHER, ,Non-Junction,None,,,         ,Sean,Weaver,Clear,Front to Rear,no,no,no,no,no,False
102662198,METROPOLITAN NASHVILLE POLICE DEPT,20200134142,Davidson,Not in City Limit,2/25/2020 6:34:00 AM,2,0,0,36.080030,-86.954290,HIGHWAY 70S,,,,182.00,Feet,East,I40 E ENT RAMP,,,,0.00,N,Not at Intersection,N,Non-Junction,None,,,         ,Wesley,Tilley,Cloudy,Angle,no,no,no,no,yes,False
102662208,METROPOLITAN NASHVILLE POLICE DEPT,20200134145,Davidson,Nashville,2/25/2020 6:00:00 AM,2,0,0,36.043600,-86.668410,ARBOR COMMON,,,,62.00,Feet,North,ARBOR PL,,,,0.00,N,Not at Intersection, ,,None,,,         ,Nicholas,Carter,,,no,no,no,no,no,False
102662255,METROPOLITAN NASHVILLE POLICE DEPT,20200134226,Davidson,Nashville,2/25/2020 7:10:00 AM,2,0,0,36.145720,-86.741270,I 40,,,,0.00,,,,,,,212.20,N,Not at Intersection, ,Non-Junction,None,,,         ,Mark,Sydenstricker,Cloudy,Front to Rear,no,no,no,no,no,False
102662262,METROPOLITAN NASHVILLE POLICE DEPT,20200134238,Davidson,Nashville,2/25/2020 7:28:00 AM,1,0,0,36.192400,-86.592520,TULIP GROVE RD,,,,201.00,Feet,North,SUNSET WAY,,,,0.00,N,Not at Intersection, ,Non-Junction,None,,,         ,Calvin,Graham,Cloudy,Not Collision with Motor Vehicle in Transport,no,no,no,no,no,False
102662267,METROPOLITAN NASHVILLE POLICE DEPT,20200134157,Davidson,Nashville,2/25/2020 6:39:00 AM,2,0,0,36.240250,-86.830630,US HWY 41 ALT,,,,187.00,Feet,South,WESTPORT DR,,,,0.00,N,Not at Intersection,N,Non-Junction,None,,,         ,Jedidayah,Merriweather,Cloudy,Angle,no,no,no,no,no,False
102662268,GOODLETTSVILLE POLICE DEPT,20-07007,Davidson,Goodlettsville,2/25/2020 7:25:00 AM,3,0,0,36.325860,-86.700910,LONG HOLLOW PKE,,,,165.00,Feet,South,NORTHCREEK BLVD,,,,0.00,N,Not at Intersection, ,Non-Junction,None,,,         ,George,Forbes,Cloudy,Angle,no,no,no,no,no,False
102662284,METROPOLITAN NASHVILLE POLICE DEPT,20200134181,Davidson,Not in City Limit,2/25/2020 7:00:00 AM,2,0,0,36.020540,-86.627620,I 24,,,,0.00,,,,,,,62.00,N,Not at Intersection, ,Non-Junction,None,,,         ,Thomas,White,Clear,Front to Rear,no,no,no,no,no,False
102662286,METROPOLITAN NASHVILLE POLICE DEPT,20200134144,Davidson,Nashville,2/25/2020 12:00:00 AM,4,0,0,36.108160,-86.800370,BELMONT BLVD,,,,281.00,Feet,South,GRANDVIEW DR,,,,0.00,N,Not at Intersection,N,Non-Junction,None,,,         ,Nathan,Kemp,Unknown,Angle,no,no,no,no,yes,False
102662287,METROPOLITAN NASHVILLE POLICE DEPT,20200134378,Davidson,Nashville,2/25/2020 8:10:00 AM,2,0,0,36.070850,-86.769700,I 65,,,,0.00,,,,,,,77.00,N,Not at Intersection, ,,None,,,         ,Nathan,Kemp,,,no,no,no,no,no,False
102662295,METROPOLITAN NASHVILLE POLICE DEPT,20200134204,Davidson,Nashville,2/25/2020 7:05:00 AM,2,0,0,36.068630,-86.676240,RICHARDS RD,,,,0.00,,,WAIKIKI BLVD,,,,0.00,Y,Four-Way,N,Intersection,None,,,         ,Matthew,Swindell,Clear,Angle,no,no,no,no,no,False
102662296,METROPOLITAN NASHVILLE POLICE DEPT,20200134141,Davidson,Nashville,2/25/2020 6:12:00 AM,2,0,0,36.068680,-86.677280,RICHARDS RD,,,,256.00,Feet,East,LORI DR,,,,0.00,N,Not at Intersection, ,Non-Junction,None,,,         ,Matthew,Swindell,Clear,Front to Rear,no,no,no,no,no,False
102662301,METROPOLITAN NASHVILLE POLICE DEPT,20200134265,Davidson,Nashville,2/25/2020 7:44:00 AM,2,1,0,36.163070,-86.819640,28TH AVN,,,,12.00,Feet,South,I40 E ENT RAMP,,,,0.00,N,Not at Intersection,N,Non-Junction,None,,,         ,Isaac,Wood,Cloudy,Front to Rear,no,no,no,no,no,False
102662310,METROPOLITAN NASHVILLE POLICE DEPT,20200134353,Davidson,Nashville,2/25/2020 8:25:00 AM,3,1,0,36.141890,-86.673520,I 40,,,,0.00,,,,,,,215.00,N,Not at Intersection,N,Non-Junction,None,,,         ,Ricardo,Cruz,Cloudy,Front to Rear,no,no,no,no,yes,False
102662317,METROPOLITAN NASHVILLE POLICE DEPT,20200134256,Davidson,Nashville,2/25/2020 7:38:00 AM,2,0,0,36.155130,-86.823340,I40 E EXT RAMP,,,,0.00,Feet,East,I40 W EXT RAMP,,,,0.00,N,Not at Intersection,Y,Entrance/Exit Ramp Related,Construction Zone,Laneclosure,Activity Area,         ,Douglas,Atwood,Cloudy,Angle,no,no,no,no,no,False
102662328,METROPOLITAN NASHVILLE POLICE DEPT,20200134477,Davidson,Nashville,2/25/2020 9:30:00 AM,1,0,0,36.184820,-86.625390,CENTRAL PKE,,,,0.00,,,HERMITAGE INDUSTRIAL DR,,,,0.00,Y,T-Intersection, ,Intersection-Related,None,,,         ,William,Mckay,Cloudy,Not Collision with Motor Vehicle in Transport,no,no,no,yes,no,False
102662331,VANDERBILT UNIVERSITY POLICE,20200134461,Davidson,Nashville,2/25/2020 9:01:00 AM,2,0,0,36.142340,-86.808010,JESS NEELY DR,,,,0.00,,,,,,,0.00,,, ,,None,,,         ,O'Darra,Beauvais,,,no,no,no,yes,no,Campus
102662333,METROPOLITAN NASHVILLE POLICE DEPT,20200134415,Davidson,Nashville,2/25/2020 9:07:00 AM,2,0,0,36.125320,-86.733770,I 440,,,,0.00,,,,,,,7.20,N,Not at Intersection, ,Non-Junction,Work Zone,,,         ,Todd,Watson,Cloudy,Front to Rear,no,no,no,no,no,False
102662337,METROPOLITAN NASHVILLE POLICE DEPT,20200134211,Davidson,Nashville,2/25/2020 7:22:00 AM,2,2,0,36.194140,-86.830770,BUENA VISTA PKE,,,,195.00,Feet,South,RESHA LN,,,,0.00,N,Not at Intersection,N,Non-Junction,None,,,         ,Royce,McLester,Cloudy,Front to Rear,no,no,no,no,no,False
102662341,METROPOLITAN NASHVILLE POLICE DEPT,20200134375,Davidson,Nashville,2/25/2020 8:00:00 AM,2,0,0,36.161200,-86.792680,CHARLOTTE AV,,,,0.00,,,GEORGE L DAVIS BLVD,,,,0.00,Y,T-Intersection,N,Non-Junction,None,,,         ,Michelle,Norris,Cloudy,Angle,no,no,no,no,yes,False
102662362,METROPOLITAN NASHVILLE POLICE DEPT,20200134528,Davidson,Nashville,2/25/2020 7:15:00 AM,2,0,0,36.047070,-86.647990,MT VIEW RD,,,,0.00,Feet,,BELL FORGE LNE,,,,0.00,Y,T-Intersection,N,Intersection,None,,,         ,Nicholas,Carter,Cloudy,Front to Rear,no,no,no,no,no,False