master_record_number,agency,agency_tracking_number,county,city,collision_date,vehicles_involved,number_injured,number_dead,latitude,longitude,roadway_name,roadway_suffix,roadway_number,roadway_local_id,distance_from_reference,miles-feet_indicator,direction_from_reference,intersection_road_name,intersection_road_name_suffix,intersection_road_number,intersection_local_id,mile_marker,intersection_indicator,intersect_type,interchange_related_indicator,relation_to_junction,work_zone_type,construction_maintenance_zone,construction_maintenance_zone_location,fatal_case_number,officer_first_name,officer_last_name,weather_condition(s),manner_of_crash,pedestrian,bicycle,scooter,parking,hitrun,mou
102662363,METROPOLITAN NASHVILLE POLICE DEPT,20200134497,Davidson,Nashville,2/25/2020 9:36:00 AM,2,0,0,36.142520,-86.788640,EDGEHILL HOMES PVTDR,,,,136.00,Feet,South,EDGEHILL AV,,,,0.00,N,Not at Intersection, ,Non-Junction,None,,,         ,Nathan,Kemp,Clear,Angle,no,no,no,no,no,False
102662364,METROPOLITAN NASHVILLE POLICE DEPT,20200134513,Davidson,Nashville,2/25/2020 9:50:00 AM,2,0,0,36.142380,-86.765020,4TH AVS,,,,30.00,Feet,South,HART ST,,,,0.00,N,Not at Intersection, ,Non-Junction,None,,,         ,Nathan,Kemp,Clear,Front to Rear,no,no,no,no,no,False
102662365,METROPOLITAN NASHVILLE POLICE DEPT,20200134543,Davidson,Nashville,2/25/2020 10:19:00 AM,2,5,0,36.080980,-86.757340,HARDING PL,,,,304.00,Feet,East,TROUSDALE DR,,,,0.00,N,Not at Intersection,N,Non-Junction,None,,,         ,Nathan,Kemp,Clear,Angle,no,no,no,no,no,False
102662367,METROPOLITAN NASHVILLE POLICE DEPT,20200134222,Davidson,Not in City Limit,2/25/2020 7:20:00 AM,2,0,0,36.078540,-86.950810,HIGHWAY 70S,,,,0.00,Feet,,BELLEVUE CTR PVTDR,,,,0.00,Y,Four-Way,N,Intersection,None,,,         ,Tyler,Heckaman,Cloudy,Angle,no,no,no,no,no,False
102662377,METROPOLITAN NASHVILLE POLICE DEPT,20200134449,Davidson,Nashville,2/25/2020 9:19:00 AM,2,1,0,36.084830,-86.728190,NOLENSVILLE PKE,,,,0.00,,,PARAGON MILLS RD,,,,0.00,Y,Four-Way,N,Intersection,None,,,         ,Brian,Sherman,Clear,Angle,no,no,no,no,no,False
102662378,METROPOLITAN NASHVILLE POLICE DEPT,2020-0134553,Davidson,Nashville,2/25/2020 10:15:00 AM,2,0,0,36.145620,-86.792730,16TH AVS,,,,416.00,Feet,South,MUSIC SQS,,,,0.00,N,Not at Intersection, ,,None,,,         ,Kelly,Turcios,,,no,no,no,no,no,False
102662402,METROPOLITAN NASHVILLE POLICE DEPT,20200134520,Davidson,Nashville,2/25/2020 9:45:00 AM,3,0,0,36.144590,-86.739390,I 40,,,,0.00,,,,,,,212.35,N,Not at Intersection,N,Non-Junction,None,,,         ,Larry,Benz,Cloudy,Front to Rear,no,no,no,no,yes,False
102662406,METROPOLITAN NASHVILLE POLICE DEPT,20200134504,Davidson,Nashville,2/25/2020 9:44:00 AM,2,0,0,36.131880,-86.895530,CHARLOTTE PKE,,,,0.00,Feet,,I40 E ENT RAMP,,,,0.00,Y,Four-Way,Y,Intersection,None,,,         ,Benjamin,Cantrell,Clear,Angle,no,no,no,no,no,False
102662416,METROPOLITAN NASHVILLE POLICE DEPT,20200134574,Davidson,Nashville,2/25/2020 10:30:00 AM,2,0,0,36.142580,-86.647210,ELM HILL PKE,,,,841.00,Feet,East,NEILWORTH LN,,,,0.00,N,Not at Intersection,N,Non-Junction,Utility Zone,Laneclosure,Activity Area,         ,Patrick,Lancaster,Cloudy,Front to Rear,no,no,no,no,no,False
102662430,METROPOLITAN NASHVILLE POLICE DEPT,20200134728,Davidson,Nashville,2/25/2020 11:19:00 AM,2,0,0,36.065060,-86.745530,ELLINGTON AG CENTER PVTDR,,,,1149.00,Feet,East,MARCHANT DR,,,,0.00,N,Not at Intersection, ,Non-Junction,None,,,         ,Nathan,Kemp,Clear,Angle,no,no,no,yes,no,False
102662446,METROPOLITAN NASHVILLE POLICE DEPT,20200134639,Davidson,Nashville,2/25/2020 10:45:00 AM,2,0,0,36.182870,-86.748770,GALLATIN AV,,,,67.00,Feet,North,STRATTON AV,,,,0.00,N,Not at Intersection, ,,None,,,         ,Joshua,Goepper,,,no,no,no,no,no,False
102662456,METROPOLITAN NASHVILLE POLICE DEPT,20200134615,Davidson,Nashville,2/25/2020 10:50:00 AM,2,0,0,36.104800,-86.814600,RICHARD JONES RD,,,,0.00,,,HILLSBORO PKE,,,,0.00,,Not at Intersection,N,Non-Junction,None,,,         ,Charles,Embry,Cloudy,Angle,no,no,no,yes,no,False
102662497,VANDERBILT UNIVERSITY POLICE,20200134657,Davidson,Nashville,2/25/2020 11:00:00 AM,2,0,0,36.108760,-86.764500,POWELL AVE,,,,0.00,,,,,,,0.00,,, ,Intersection-Related,None,,,         ,Fred,Oakley,Cloudy,"Sideswipe, Opposite Direction",no,no,no,yes,no,OHO
102662519,METROPOLITAN NASHVILLE POLICE DEPT,20200134733,Davidson,Nashville,2/25/2020 11:51:00 AM,2,0,0,36.164100,-86.785480,ROSA L PARKS AV,,,,75.00,Feet,South,6TH AVN,,,,0.00,N,Not at Intersection, ,Non-Junction,Work Zone,,,         ,Erik,Wagner,Cloudy,"Sideswipe, Same Direction",no,no,no,no,no,False
102662542,METROPOLITAN NASHVILLE POLICE DEPT,20200134910,Davidson,Nashville,2/25/2020 1:26:00 PM,2,0,0,36.111070,-86.747610,THOMPSON LN,,,,75.00,Feet,West,LOUISE DR,,,,0.00,N,Not at Intersection, ,Non-Junction,None,,,         ,Nathan,Kemp,Clear,Front to Rear,no,no,no,no,no,False
102662555,METROPOLITAN NASHVILLE POLICE DEPT,20200134869,Davidson,Nashville,2/25/2020 1:10:00 PM,2,0,0,36.171700,-86.797710,JEFFERSON ST,,,,0.00,,,11TH AVN,,,,0.00,Y,T-Intersection, ,Intersection-Related,None,,,         ,Brian,Mclarty,Cloudy,Angle,no,no,no,no,no,False
102662563,METROPOLITAN NASHVILLE POLICE DEPT,20200134544,Davidson,Nashville,2/25/2020 10:00:00 AM,2,0,0,36.215980,-86.775300,I 65,,,,0.00,,,,,,,88.00,N,Not at Intersection, ,Entrance/Exit Ramp Related,None,,,         ,Brandon,Chapman,Cloudy,Front to Rear,no,no,no,no,no,False
102662585,METROPOLITAN NASHVILLE POLICE DEPT,20200134560,Davidson,Nashville,2/25/2020 10:25:00 AM,2,3,0,36.163480,-86.824800,ALBION ST,,,,0.00,,,32ND AVN,,,,0.00,Y,Four-Way,N,Intersection,None,,,         ,Alec,Pellissier,Cloudy,Angle,no,no,no,no,no,False
102662587,METROPOLITAN NASHVILLE POLICE DEPT,20200134986,Davidson,Nashville,2/25/2020 2:04:00 PM,2,0,0,36.131760,-86.778970,8TH AVS,,,,0.00,,,SOUTH DOUGLAS AV,,,,0.00,Y,T-Intersection,N,Intersection,None,,,         ,Nathan,Kemp,Clear,"Sideswipe, Same Direction",no,no,no,no,yes,False
102662594,METROPOLITAN NASHVILLE POLICE DEPT,20200134370,Davidson,Nashville,2/25/2020 8:22:00 AM,2,1,0,36.069590,-86.693910,APACHE TRL,,,,0.00,,,HAYWOOD LN,,,,0.00,Y,Four-Way,N,Non-Junction,None,,,         ,Alex,Moore,Cloudy,Angle,no,no,no,no,yes,False
102662595,VANDERBILT UNIVERSITY POLICE,20200134842,Davidson,Nashville,2/25/2020 12:51:00 PM,1,0,0,36.139490,-86.801480,MEDICAL CENTER DR,,,,0.00,,,,,,,0.00,,Not at Intersection, ,Non-Junction,None,,,         ,Ron,Reeves,Clear,Not Collision with Motor Vehicle in Transport,no,no,no,yes,no,Campus
102662641,TENNESSEE STATE UNIVERSITY ,20-TSU-07838,Davidson,Nashville,2/24/2020 2:00:00 PM,2,0,0,36.164750,-86.826390,33RD AVN,,,,0.00,,,ALAMEDA ST,,,,0.00,Y,OTHER, ,Non-Junction,None,,,         ,Harold,Taylor,Rain,Front to Rear,no,no,no,yes,no,False
102662642,METROPOLITAN NASHVILLE POLICE DEPT,20200134838,Davidson,Nashville,2/25/2020 12:57:00 PM,1,0,0,36.122330,-86.717620,EAST THOMPSON LN,,,,0.00,,,LAWNDALE DR,,,,0.00,Y,Four-Way,N,Intersection,None,,,         ,Alex,Moore,Clear,Not Collision with Motor Vehicle in Transport,no,no,no,no,yes,False
102662677,METROPOLITAN NASHVILLE POLICE DEPT,20200135084,Davidson,Nashville,2/25/2020 2:39:00 PM,2,0,0,36.073330,-86.637560,MURFREESBORO PKE,,,,528.00,Feet,South,RURAL HILL RD,,,,0.00,N,Not at Intersection, ,,None,,,         ,Steven,Powers,,,no,no,no,no,no,False
102662678,TENNESSEE STATE UNIVERSITY ,20-TSU-07843,Davidson,Nashville,2/25/2020 1:00:00 PM,2,0,0,36.164750,-86.826390,33RD AVN,,,,0.00,,,ALAMEDA ST,,,,0.00,Y,OTHER, ,Non-Junction,None,,,         ,Harold,Taylor,Clear,Rear to Rear,no,no,no,yes,yes,False
102662691,METROPOLITAN NASHVILLE POLICE DEPT,20200135098,Davidson,Nashville,2/25/2020 1:10:00 PM,2,0,0,36.039360,-86.649250,I24 E ENT RAMP,,,,0.00,,,I 24,,,,0.00,Y,OTHER,Y,Entrance/Exit Ramp Related,Construction Zone,Other,Activity Area,         ,John,Jones,Clear,"Sideswipe, Opposite Direction",no,no,no,no,yes,False
102662696,METROPOLITAN NASHVILLE POLICE DEPT,20200135181,Davidson,Nashville,2/25/2020 3:12:00 PM,2,0,0,36.183970,-86.814210,CLARKSVILLE PKE,,,,0.00,,,23RD AVN,,,,0.00,Y,Four-Way,N,Non-Junction,None,,,         ,Andrey,Volfson,Clear,Angle,no,no,no,no,yes,False
102662697,METROPOLITAN NASHVILLE POLICE DEPT,20200135170,Davidson,Nashville,2/25/2020 12:00:00 AM,2,0,0,36.175980,-86.739830,S 17TH ST,,,,250.00,Feet,South,N 17TH ST,,,,0.00,N,Not at Intersection, ,,None,,,         ,Gordon,Stovall,,,no,no,no,no,no,False
102662701,METROPOLITAN NASHVILLE POLICE DEPT,20200135118,Davidson,Nashville,2/25/2020 3:02:00 PM,2,0,0,36.173510,-86.612660,CRYSTAL SPRING LN,,,,127.00,Feet,West,CENTRAL PKE,,,,0.00,N,Not at Intersection, ,,None,,,         ,Joshua,Hausman,,,no,no,no,yes,no,False
102662705,METROPOLITAN NASHVILLE POLICE DEPT,20200135040,Davidson,Nashville,2/25/2020 2:42:00 PM,2,0,0,36.163940,-86.762810,I 24,,,,0.00,,,,,,,49.15,N,Not at Intersection, ,Non-Junction,None,,,         ,Roy,Sain Jr.,Cloudy,"Sideswipe, Same Direction",no,no,no,no,no,False
102662716,TENNESSEE STATE UNIVERSITY ,20-TSU-03559,Davidson,Nashville,2/17/2020 4:53:00 PM,2,0,0,36.163650,-86.787140,CHARLOTTE AV,,,,166.00,Feet,East,ROSA L PARKS BLVD,,,,0.00,N,Not at Intersection, ,,None,,,         ,Melanie,Washington,,,no,no,no,yes,no,False
102662717,METROPOLITAN NASHVILLE POLICE DEPT,20200135210,Davidson,Nashville,2/25/2020 3:55:00 PM,2,0,0,36.157740,-86.797340,17TH AVE N,,,,11.00,Feet,North,PATTERSON ST,,,,0.00,N,Not at Intersection, ,Non-Junction,None,,,         ,Goran,Manojlovic,Clear,Angle,no,no,no,no,no,False
102662719,METROPOLITAN NASHVILLE POLICE DEPT,20200135186,Davidson,Nashville,2/25/2020 3:31:00 PM,2,0,0,36.141540,-86.740550,MURFREESBORO PKE,,,,0.00,Feet,East,FOSTER AV,,,,0.00,N,Not at Intersection,N,Non-Junction,None,,,         ,Jason,Milyaro Lucas,Cloudy,Angle,no,no,no,no,no,False
102662727,METROPOLITAN NASHVILLE POLICE DEPT,20200135215,Davidson,Nashville,2/25/2020 3:36:00 PM,2,1,0,36.158170,-86.834200,CATHERINE JOHNSON PKWY,,,,0.00,,,40TH AVN,,,,0.00,Y,T-Intersection, ,Intersection,None,,,         ,Andrew,Mullen,Clear,"Sideswipe, Opposite Direction",no,no,no,no,no,False
102662743,METROPOLITAN NASHVILLE POLICE DEPT,20200135223,Davidson,Nashville,2/25/2020 4:08:00 PM,1,1,0,36.134280,-86.819540,I 440,,,,0.00,,,,,,,1.70,N,Not at Intersection,N,Non-Junction,Construction Zone,Laneclosure,Unknown,         ,FELIKS,ABRAHAMYAN,Cloudy,Not Collision with Motor Vehicle in Transport,no,no,no,no,no,False
102662745,METROPOLITAN NASHVILLE POLICE DEPT,20200135270,Davidson,Nashville,2/25/2020 4:24:00 PM,2,0,0,36.118580,-86.800980,I 440,,,,0.00,,,,,,,3.15,N,Not at Intersection,N,Non-Junction,Construction Zone,Other,Activity Area,         ,Douglas,Sykes,Clear,Front to Rear,no,no,no,no,no,False
102662748,METROPOLITAN NASHVILLE POLICE DEPT,20200135262,Davidson,Nashville,2/25/2020 4:22:00 PM,2,0,0,36.240770,-86.752450,BRILEY PKWYE,,,,139.00,Feet,West,BRILEY PKWYW,,,,0.00,N,Not at Intersection, ,Non-Junction,None,,,         ,Kevin,Crawford,Cloudy,Front to Rear,no,no,no,no,no,False
102662752,VANDERBILT UNIVERSITY POLICE,20200135184,Davidson,Nashville,2/25/2020 12:00:00 AM,2,0,0,36.140990,-86.811290,NATCHEZ TRC,,,,0.00,,,,,,,0.00,,Not at Intersection,N,Non-Junction,None,,,         ,Alan,Reed,Cloudy,"Sideswipe, Same Direction",no,no,no,yes,yes,Campus
102662762,METROPOLITAN NASHVILLE POLICE DEPT,20200135107,Davidson,Nashville,2/25/2020 2:45:00 PM,2,0,0,36.041760,-86.649190,HICKORY HOLLOW PKWY,,,,4.00,Feet,North,I24 W EXT RAMP,,,,0.00,N,Not at Intersection,Y,Entrance/Exit Ramp Related,Construction Zone,Laneclosure,Activity Area,         ,Steven,Begley,Clear,Front to Rear,no,no,no,no,yes,False
102662769,METROPOLITAN NASHVILLE POLICE DEPT,20200135430,Davidson,Nashville,2/25/2020 4:25:00 PM,2,0,0,36.151640,-86.768100,I 40,,,,0.00,,,,,,,210.50,N,Not at Intersection, ,,None,,,         ,Adam,Warren,,,no,no,no,no,no,False
102662773,METROPOLITAN NASHVILLE POLICE DEPT,20200135377,Davidson,Nashville,2/25/2020 5:14:00 PM,2,1,0,36.050180,-86.649830,MT VIEW RD,,,,121.00,Feet,West,BELL RD,,,,0.00,N,Not at Intersection,N,Non-Junction,None,,,         ,Edward,Starke,Clear,Front to Rear,no,no,no,no,yes,False
102662776,METROPOLITAN NASHVILLE POLICE DEPT,20200135315,Davidson,Nashville,2/25/2020 4:40:00 PM,2,0,0,36.153990,-86.818230,28TH AVN,,,,13.00,Feet,North,CHARLOTTE AV,,,,0.00,N,Not at Intersection, ,Non-Junction,None,,,         ,Timothy,Skopek,Cloudy,Front to Rear,no,no,no,no,no,False
102662779,METROPOLITAN NASHVILLE POLICE DEPT,20200134878,Davidson,Nashville,2/25/2020 1:02:00 PM,2,0,0,36.045410,-86.712770,OLD HICKORY BLVD,,,,150.00,Feet,East,NOLENSVILLE PKE,,,,0.00,N,Not at Intersection, ,Non-Junction,None,,,         ,Thomas,Odom,Clear,Angle,no,no,no,no,no,False
102662782,METROPOLITAN NASHVILLE POLICE DEPT,20200135299,Davidson,Nashville,2/25/2020 4:35:00 PM,4,0,0,36.187310,-86.822140,ED TEMPLE BLVD,,,,302.00,Feet,South,ROSA L PARKS BLVD,,,,0.00,N,Not at Intersection, ,"Driveway, Alley Access, etc",None,,,         ,Andrey,Volfson,Clear,Angle,no,no,no,no,no,False
102662785,METROPOLITAN NASHVILLE POLICE DEPT,20200135322,Davidson,Nashville,2/25/2020 4:50:00 PM,2,0,0,36.144270,-86.696500,I 40,,,,0.00,,,,,,,214.90,N,Not at Intersection, ,Non-Junction,None,,,         ,Dontaveous,Eubanks,Clear,Front to Rear,no,no,no,no,no,False
102662787,METROPOLITAN NASHVILLE POLICE DEPT,20200135508,Davidson,Nashville,2/25/2020 6:03:00 PM,2,0,0,36.239620,-86.780720,BRILEY PKWY W EXT RAMP,,,,0.00,,,BRICK CHURCH PKE,,,,0.00,Y,T-Intersection, ,Intersection,None,,,         ,Christopher,Littles,Cloudy,Front to Rear,no,no,no,no,no,False
102662789,METROPOLITAN NASHVILLE POLICE DEPT,20200135444,Davidson,Nashville,2/25/2020 5:50:00 PM,2,0,0,36.137080,-86.727280,MURFREESBORO PKE,,,,27.00,Feet,East,I24E,,,,0.00,N,Not at Intersection,N,Non-Junction,None,,,         ,Ciarra,Rench,Clear,Front to Rear,no,no,no,no,no,False
102662791,METROPOLITAN NASHVILLE POLICE DEPT,20200135532,Davidson,Nashville,2/25/2020 6:35:00 PM,2,0,0,36.128680,-86.853180,WHITE BRIDGE PKE,,,,0.00,,,LIONS HEAD VILLAGE PVTDR,,,,0.00,Y,T-Intersection,N,Intersection-Related,None,,,         ,Devonte,Coleman,Clear,Angle,no,no,no,no,no,False
102662796,METROPOLITAN NASHVILLE POLICE DEPT,20200135501,Davidson,Nashville,2/25/2020 5:26:00 PM,2,0,0,36.095920,-86.655280,MURFREESBORO PKE,,,,132.00,Feet,East,SMITH SPRINGS RD,,,,0.00,N,Not at Intersection,N,Non-Junction,None,,,         ,YUNUS,ADAK,Clear,Front to Rear,no,no,no,no,no,False
102662820,METROPOLITAN NASHVILLE POLICE DEPT,20200135602,Davidson,Goodlettsville,2/25/2020 7:08:00 PM,2,0,0,36.295340,-86.697910,MYATT DR,,,,79.00,Feet,South,RIVERGATE BUSINESS CENTER PVTD,,,,0.00,N,Not at Intersection,N,Non-Junction,None,,,         ,Christopher,Littles,Cloudy,"Sideswipe, Same Direction",no,no,no,no,yes,False
102662821,METROPOLITAN NASHVILLE POLICE DEPT,20200135453,Davidson,Nashville,2/25/2020 2:00:00 PM,2,1,0,36.171380,-86.752330,S 10TH ST,,,,19.00,Feet,North,SHELBY AVE,,,,0.00,N,Not at Intersection,N,"Driveway, Alley Access, etc",None,,,         ,Goran,Manojlovic,Clear,Not Collision with Motor Vehicle in Transport,no,no,no,no,no,False
102662824,METROPOLITAN NASHVILLE POLICE DEPT,20200135578,Davidson,Nashville,2/25/2020 7:04:00 PM,2,0,0,36.155620,-86.772160,3RD AVS,,,,163.00,Feet,North,LEA AV,,,,0.00,N,Not at Intersection, ,,None,,,         ,Derek,Betty,,,no,no,no,no,no,False
102662826,METROPOLITAN NASHVILLE POLICE DEPT,20200135509,Davidson,Nashville,2/25/2020 5:45:00 PM,2,0,0,36.071870,-86.636180,MURFREESBORO PKE,,,,0.00,,,BELL RD,,,,0.00,Y,Four-Way, ,Intersection,None,,,         ,Joseph,Simon,Clear,Angle,no,no,no,no,no,False
102662827,METROPOLITAN NASHVILLE POLICE DEPT,20200135498,Davidson,Nashville,2/25/2020 6:12:00 PM,3,1,0,36.137340,-86.798250,WEDGEWOOD AV,,,,0.00,,,19TH AVS,,,,0.00,Y,Four-Way, ,Non-Junction,None,,,         ,FELIKS,ABRAHAMYAN,Cloudy,Front to Rear,no,no,no,no,no,Campus
102662836,METROPOLITAN NASHVILLE POLICE DEPT,20200135636,Davidson,Nashville,2/25/2020 4:50:00 PM,2,0,0,36.134280,-86.889140,US HWY 70,,,,359.00,Feet,West,W HILLWOOD DR,,,,0.00,N,Not at Intersection,N,Non-Junction,None,,,         ,William,Vanbergen,Cloudy,Front to Rear,no,no,no,yes,yes,False
102662840,METROPOLITAN NASHVILLE POLICE DEPT,20200135710,Davidson,Nashville,2/25/2020 7:09:00 PM,2,0,0,36.141980,-86.742480,MURFREESBORO PKE,,,,0.00,,,,,,,0.00,,,N,OtherLocation,None,,,         ,YUNUS,ADAK,Clear,Angle,no,no,no,no,yes,False
102662848,METROPOLITAN NASHVILLE POLICE DEPT,20200135363,Davidson,Nashville,2/25/2020 5:10:00 PM,2,0,0,36.030250,-86.612610,LOGISTICS WAY,,,,0.00,Feet,,OLD HICKORY BLVD,,,,0.00,Y,T-Intersection, ,,None,,,         ,Edward,Starke,,,no,no,no,no,no,False
102662854,METROPOLITAN NASHVILLE POLICE DEPT,20200135474,Davidson,Nashville,2/25/2020 5:06:00 PM,2,0,0,36.168980,-86.683100,LEBANON PKE,,,,159.00,Feet,East,THE CROSSINGS PVTDR,,,,0.00,N,Not at Intersection, ,,None,,,         ,Zachariah,Bush,,,no,no,no,no,no,False
102662856,METROPOLITAN NASHVILLE POLICE DEPT,20200135129,Davidson,Nashville,2/25/2020 3:19:00 PM,2,0,0,36.180410,-86.774210,I 24,,,,0.00,,,,,,,47.65,N,Not at Intersection, ,Non-Junction,None,,,         ,Nicholas,Silinsky,Clear,"Sideswipe, Same Direction",no,no,no,no,no,False
102662876,METROPOLITAN NASHVILLE POLICE DEPT,20200135521,Davidson,Nashville,2/25/2020 6:35:00 PM,2,0,0,36.045600,-86.658470,I24 W EXT RAMP,,,,0.00,,,I 24,,,,0.00,Y,Four-Way,Y,Entrance/Exit Ramp Related,None,,,         ,Andrew,Brazee,Clear,Angle,no,no,no,no,no,False
102662877,THP District 3 - Nashville,320012292,Davidson,Nashville,2/24/2020 3:11:00 PM,2,0,0,36.032720,-86.783570,I 65,,,,0.00,,,,,,,74.15,N,Not at Intersection, ,Non-Junction,None,,,         ,Bryan,Hawkins,Cloudy,"Sideswipe, Same Direction",no,no,no,no,no,False
102662883,METROPOLITAN NASHVILLE POLICE DEPT,20200134867,Davidson,Nashville,2/25/2020 4:00:00 PM,2,0,0,36.156210,-86.790080,US HWY 70,,,,164.00,Feet,South,-- UNKNOWN RAMP/ROAD --,,,,0.00,N,Not at Intersection, ,Non-Junction,None,,,         ,Melissa,Lomax,Clear,"Sideswipe, Same Direction",no,no,no,no,no,False
102662902,METROPOLITAN NASHVILLE POLICE DEPT,20200135626,Davidson,Nashville,2/25/2020 7:24:00 PM,2,0,0,36.074672,-86.921641,7100 HWY 70 S,,,,30.00,Feet,North,HWY 70 S,,,,0.00,N,Not at Intersection,N,Non-Junction,None,,,         ,Jeremy,Huffine,Clear,Angle,no,no,no,yes,no,False
102662918,METROPOLITAN NASHVILLE POLICE DEPT,20200135568,Davidson,Nashville,2/25/2020 6:46:00 PM,2,0,0,36.109450,-86.728050,BRILEY PKWYN,,,,0.00,Feet,,EAST THOMPSON LN,,,,0.00,Y,Four-Way,N,Intersection,None,,,         ,Edward,Starke,Clear,Angle,no,no,no,no,no,False
102662946,METROPOLITAN NASHVILLE POLICE DEPT,20200135669,Davidson,Nashville,2/25/2020 7:40:00 PM,2,1,0,36.040280,-86.768370,OLD HICKORY BLVD,,,,0.00,,,SEVEN SPRINGS WAY,,,,0.00,Y,Four-Way,N,Intersection,None,,,         ,Darci,Stechman,Clear,Angle,no,no,no,no,no,False
102662950,METROPOLITAN NASHVILLE POLICE DEPT,20200135858,Davidson,Nashville,2/25/2020 9:15:00 PM,2,0,0,36.013190,-86.620940,I24 E EXT RAMP,,,,0.00,Feet,East,I 24,,,,0.00,N,Not at Intersection,N,Non-Junction,None,,,         ,Edward,Starke,Clear,"Sideswipe, Same Direction",no,no,no,no,no,False
102662951,METROPOLITAN NASHVILLE POLICE DEPT,20200135865,Davidson,Not in City Limit,2/25/2020 9:23:00 PM,3,1,0,36.267400,-86.710840,GALLATIN PKEN,,,,179.00,Feet,North,DUPONT AV,,,,0.00,N,Not at Intersection,N,Non-Junction,None,,,         ,Christopher,Littles,Rain,Not Collision with Motor Vehicle in Transport,no,no,no,no,no,False
102662952,METROPOLITAN NASHVILLE POLICE DEPT,20200135907,Davidson,Nashville,2/25/2020 9:39:00 PM,1,0,0,36.116080,-86.784100,I 440,,,,0.00,,,,,,,4.30,N,Not at Intersection,N,Non-Junction,Construction Zone,Intermittent Moving Work,Unknown,         ,Ryan,Sherry,Clear,Not Collision with Motor Vehicle in Transport,no,no,no,no,no,False
102662953,METROPOLITAN NASHVILLE POLICE DEPT,20200135704,Davidson,Antioch,2/25/2020 7:41:00 PM,2,0,0,36.009150,-86.621710,OLD HICKORY BLVD,,,,0.00,,,OCTOBER WOODS DR,,,,0.00,Y,Four-Way,N,Intersection,None,,,         ,Steven,Wiser,Cloudy,Angle,no,no,no,no,no,False
102662956,METROPOLITAN NASHVILLE POLICE DEPT,20200135744,Davidson,Nashville,2/25/2020 8:19:00 PM,1,1,0,36.152760,-86.804530,22ND AVN,,,,0.00,,,STATE ST,,,,0.00,Y,Four-Way,N,Non-Junction,None,,,         ,FELIKS,ABRAHAMYAN,Cloudy,Not Collision with Motor Vehicle in Transport,no,no,no,no,yes,False
102662964,METROPOLITAN NASHVILLE POLICE DEPT,20200135735,Davidson,Nashville,2/25/2020 8:14:00 PM,2,0,0,36.064300,-86.901530,HIGHWAY 100,,,,2354.00,Feet,South,HARPETH TRACE DR,,,,0.00,N,Not at Intersection,N,Non-Junction,None,,,         ,Ryan,Malone,Clear,Not Collision with Motor Vehicle in Transport,no,no,no,no,no,False
102662980,METROPOLITAN NASHVILLE POLICE DEPT,20200135353,Davidson,Nashville,2/25/2020 4:47:00 PM,2,0,0,36.204780,-86.752710,E TRINITY LN,,,,34.00,Feet,West,OAKWOOD AV,,,,0.00,N,Not at Intersection,N,Non-Junction,None,,,         ,Nicholas,Silinsky,Clear,Front to Rear,no,no,no,no,no,False
102662981,METROPOLITAN NASHVILLE POLICE DEPT,20200135595,Davidson,Nashville,2/25/2020 6:40:00 PM,2,0,0,36.137880,-86.800720,US HWY 431,,,,113.00,Feet,North,BLAKEMORE AVE,,,,0.00,N,Not at Intersection, ,,None,,,         ,Melissa,Lomax,,,no,no,no,no,no,Campus
102662982,METROPOLITAN NASHVILLE POLICE DEPT,20200135915,Davidson,Nashville,2/25/2020 8:02:00 PM,1,0,0,36.040510,-86.782380,I 65,,,,0.00,,,,,,,74.70,N,Not at Intersection, ,Non-Junction,None,,,         ,Brandon,Hughes,Clear,Not Collision with Motor Vehicle in Transport,no,no,no,no,no,False
102662985,METROPOLITAN NASHVILLE POLICE DEPT,20200135893,Davidson,Nashville,2/25/2020 9:30:00 PM,1,0,0,36.154090,-86.758780,I 40,,,,0.00,,,,,,,211.05,N,Not at Intersection,N,Non-Junction,None,,,         ,Derek,Sibley,Clear,Not Collision with Motor Vehicle in Transport,no,no,no,no,no,False
102663011,METROPOLITAN NASHVILLE POLICE DEPT,20200135928,Davidson,Nashville,2/25/2020 9:58:00 PM,2,0,0,36.188740,-86.771890,JOSEPH AV,,,,358.00,Feet,West,EVANSTON AV,,,,0.00,N,Not at Intersection,N,Non-Junction,None,,,         ,Cressie,Prill,Rain,Front to Rear,no,no,no,no,no,False
102663012,VANDERBILT UNIVERSITY POLICE,20200134212,Davidson,Nashville,2/25/2020 6:15:00 AM,1,0,0,36.149830,-86.799790,TERRACE PL,,,,243.00,Feet,East,21ST AVS,,,,0.00,N,Not at Intersection, ,,None,,,         ,Cedric,Roach,,,no,no,no,yes,no,Campus
102663023,METROPOLITAN NASHVILLE POLICE DEPT,20200135983,Davidson,Nashville,2/25/2020 10:30:00 PM,2,0,0,36.225440,-86.725530,GALLATIN PKE,,,,22.00,Feet,North,EASTDALE AV,,,,0.00,N,Not at Intersection, ,Non-Junction,None,,,         ,Joao,Pinho,Rain,"Sideswipe, Opposite Direction",no,no,no,no,yes,False
102663028,METROPOLITAN NASHVILLE POLICE DEPT,20200135972,Davidson,Nashville,2/25/2020 10:43:00 PM,2,0,0,36.086910,-86.648680,MURFREESBORO PKE,,,,0.00,,,NASHBORO BLVD,,,,0.00,Y,Four-Way,N,Intersection,None,,,         ,Ralph,Smith IV,Clear,"Sideswipe, Same Direction",no,no,no,no,yes,False
102663030,METROPOLITAN NASHVILLE POLICE DEPT,20200135977,Davidson,Nashville,2/25/2020 10:26:00 PM,2,0,0,36.155380,-86.778220,KOREAN VETERANS BLVD,,,,323.00,Feet,West,6TH AVS,,,,0.00,N,Not at Intersection, ,Non-Junction,None,,,         ,Zachary,Maxa,Rain,Front to Rear,no,no,no,no,no,False