master_record_number,agency,agency_tracking_number,county,city,collision_date,vehicles_involved,number_injured,number_dead,latitude,longitude,roadway_name,roadway_suffix,roadway_number,roadway_local_id,distance_from_reference,miles-feet_indicator,direction_from_reference,intersection_road_name,intersection_road_name_suffix,intersection_road_number,intersection_local_id,mile_marker,intersection_indicator,intersect_type,interchange_related_indicator,relation_to_junction,work_zone_type,construction_maintenance_zone,construction_maintenance_zone_location,fatal_case_number,officer_first_name,officer_last_name,weather_condition(s),manner_of_crash,pedestrian,bicycle,scooter,parking,hitrun,mou
102663738,METROPOLITAN NASHVILLE POLICE DEPT,20200137876,Davidson,Nashville,2/26/2020 1:43:00 PM,2,0,0,36.016050,-86.620070,OLD HICKORY BLVD,,,,182.00,Feet,North,I24 W EXT RAMP,,,,0.00,N,Not at Intersection, ,,None,,,         ,Edward,Starke,,,no,no,no,no,no,False
102663743,Nashville Airport Police,2020-00738,Davidson,Nashville,2/26/2020 2:46:00 PM,2,0,0,36.132650,-86.668860,TERMINAL DR,,,,1157.00,Feet,West,BNA DR,,,,0.00,N,Not at Intersection,N,Non-Junction,None,,,         ,Gary,Polk,Cloudy,"Sideswipe, Same Direction",no,no,no,yes,no,False
102663745,METROPOLITAN NASHVILLE POLICE DEPT,20200138109,Davidson,Nashville,2/26/2020 5:48:00 PM,1,1,0,36.168310,-86.781950,GAY ST,,,,0.00,,,JAMES ROBERTSON PKWY,,,,0.00,Y,Four-Way,N,Intersection,None,,,         ,Erik,Wagner,Rain,Not Collision with Motor Vehicle in Transport,yes,no,no,no,no,False
102663755,METROPOLITAN NASHVILLE POLICE DEPT,20200138059,Davidson,Nashville,2/26/2020 3:23:00 PM,2,0,0,36.016700,-86.619920,OLD HICKORY BLVD,,,,55.00,Feet,South,FIRESTONE PKWY,,,,0.00,N,Not at Intersection, ,,None,,,         ,Edward,Starke,,,no,no,no,no,no,False
102663756,METROPOLITAN NASHVILLE POLICE DEPT,20200138169,Davidson,Not in City Limit,2/26/2020 6:05:00 PM,2,0,0,36.258470,-86.713800,MADISON ST,,,,78.00,Feet,West,GALLATIN PKES,,,,0.00,N,Not at Intersection, ,Non-Junction,None,,,         ,Christopher,Littles,Snow,Front to Rear,no,no,no,no,no,False
102663762,METROPOLITAN NASHVILLE POLICE DEPT,20200138112,Davidson,Nashville,2/26/2020 5:48:00 PM,2,1,0,36.092380,-86.685960,MCGAVOCK PKE,,,,294.00,Feet,North,MILL CREEK EZELL PARK GRNWY,,,,0.00,N,Not at Intersection, ,Non-Junction,None,,,         ,Laura,Williams,Snow,Front to Rear,no,no,no,no,no,False
102663763,METROPOLITAN NASHVILLE POLICE DEPT,20200138191,Davidson,Nashville,2/26/2020 6:15:00 PM,2,0,0,36.046810,-86.713430,NOLENSVILLE PKE,,,,526.00,Feet,North,OLD HICKORY BLVD,,,,0.00,N,Not at Intersection, ,Non-Junction,None,,,         ,Edward,Starke,Rain,"Sideswipe, Same Direction",no,no,no,no,no,False
102663764,METROPOLITAN NASHVILLE POLICE DEPT,20200138163,Davidson,Nashville,2/26/2020 6:09:00 PM,3,1,0,36.205970,-86.769630,W TRINITY LN,,,,303.00,Feet,West,E TRINITY LN,,,,0.00,N,Not at Intersection,N,Non-Junction,None,,,         ,Randy,Puckett,Rain,Front to Rear,no,no,no,no,no,False
102663770,METROPOLITAN NASHVILLE POLICE DEPT,20200138273,Davidson,Nashville,2/26/2020 5:49:00 PM,2,0,0,36.171760,-86.864620,CENTENNIAL BLVD,,,,374.00,Feet,East,BRILEY PKWY N ENT RAMP,,,,0.00,N,Not at Intersection, ,Non-Junction,None,,,         ,Andrew,Mullen,Rain,"Sideswipe, Same Direction",no,no,no,no,no,False
102663772,METROPOLITAN NASHVILLE POLICE DEPT,20200138249,Davidson,Nashville,2/26/2020 6:51:00 PM,2,1,0,36.087880,-86.649290,MURFREESBORO PKE,,,,395.00,Feet,North,RANSOM PL,,,,0.00,N,Not at Intersection,N,Non-Junction,None,,,         ,YUNUS,ADAK,Rain,Angle,no,no,no,no,no,False
102663776,METROPOLITAN NASHVILLE POLICE DEPT,20200138322,Davidson,Not in City Limit,2/26/2020 7:20:00 PM,2,1,0,36.076690,-86.944570,HIGHWAY 70S,,,,203.00,Feet,East,SAWYER BROWN RD,,,,0.00,N,Not at Intersection,N,Non-Junction,None,,,         ,Hillary,Sherman,Sleet/Hail,Front to Rear,no,no,no,no,yes,False
102663779,METROPOLITAN NASHVILLE POLICE DEPT,20200138209,Davidson,Nashville,2/26/2020 5:55:00 PM,2,0,0,36.161200,-86.792650,US HWY 70,,,,0.00,,,CHARLOTTE AVE,,,,0.00,Y,Four-Way, ,Intersection,None,,,         ,Joseph,Bingham,Clear,"Sideswipe, Opposite Direction",no,no,no,no,no,False
102663781,METROPOLITAN NASHVILLE POLICE DEPT,20200138153,Davidson,Nashville,2/26/2020 5:53:00 PM,2,0,0,36.110700,-86.767080,POWELL AV,,,,96.00,Feet,South,OLD POWELL AV,,,,0.00,N,Not at Intersection, ,,None,,,         ,Citlaly,Juarez,,,no,no,no,no,no,False
102663783,METROPOLITAN NASHVILLE POLICE DEPT,20200138344,Davidson,Nashville,2/26/2020 6:44:00 PM,2,0,0,36.152350,-86.769010,2ND AVS,,,,0.00,,,LINDSLEY AV,,,,0.00,Y,Four-Way, ,Intersection,None,,,         ,Derek,Betty,Clear,Angle,no,no,no,no,no,False
102663784,METROPOLITAN NASHVILLE POLICE DEPT,20200138128,Davidson,Nashville,2/26/2020 5:47:00 PM,2,0,0,36.167630,-86.787750,ROSA L PARKS BLVD,,,,0.00,,,10TH CIRN,,,,0.00,Y,Y-Intersection,N,Intersection,None,,,         ,Justen,Ogle,Cloudy,"Sideswipe, Same Direction",no,no,no,no,no,False
102663791,METROPOLITAN NASHVILLE POLICE DEPT,20200138048,Davidson,Nashville,2/26/2020 4:13:00 PM,2,0,0,36.079490,-86.644600,EDGE O LAKE DR,,,,0.00,,,MURFREESBORO PKE,,,,0.00,Y,Four-Way,N,Intersection-Related,None,,,         ,John,Jones,Rain,Front to Rear,no,no,no,no,yes,False
102663792,METROPOLITAN NASHVILLE POLICE DEPT,20200138214,Davidson,Nashville,2/26/2020 6:32:00 PM,1,0,0,36.073100,-86.682740,ANTIOCH PKE,,,,391.00,Feet,North,CHEROKEE PL,,,,0.00,N,Not at Intersection,N,OtherLocation,None,,,         ,John,Jones,Clear,Not Collision with Motor Vehicle in Transport,no,no,no,yes,no,False
102663793,METROPOLITAN NASHVILLE POLICE DEPT,20200138121,Davidson,Nashville,2/26/2020 5:50:00 PM,3,1,0,36.240550,-86.751760,I 65,,,,0.00,,,,,,,90.35,N,Not at Intersection,N,Non-Junction,None,,,         ,Randall,Smith,Rain,Front to Rear,no,no,no,no,no,False
102663798,METROPOLITAN NASHVILLE POLICE DEPT,20200138278,Davidson,Nashville,2/26/2020 5:34:00 PM,2,0,0,36.156570,-86.787470,12TH AVE S,,,,0.00,,,US HWY 70,,,,0.00,Y,Four-Way, ,Intersection,None,,,         ,Joseph,Bingham,Clear,"Sideswipe, Same Direction",no,no,no,no,no,False
102663800,METROPOLITAN NASHVILLE POLICE DEPT,20200138294,Davidson,Nashville,2/26/2020 7:05:00 PM,2,1,0,36.121260,-86.727340,I24 E ENT RAMP,,,,0.00,Feet,East,I 24,,,,0.00,N,Not at Intersection,N,Non-Junction,None,,,         ,Ciarra,Rench,Snow,Front to Rear,no,no,no,no,no,False
102663801,METROPOLITAN NASHVILLE POLICE DEPT,20200137802,Davidson,Not in City Limit,2/26/2020 12:00:00 AM,2,2,0,36.020620,-86.665010,PETTUS RD,,,,1664.00,Feet,South,PRESTON RD,,,,0.00,N,Not at Intersection,N,Non-Junction,None,,,         ,Maccio,Hightower,Clear,Front to Rear,no,no,no,no,no,False
102663813,METROPOLITAN NASHVILLE POLICE DEPT,20200138346,Davidson,Nashville,2/26/2020 6:45:00 PM,2,0,0,36.158210,-86.771830,HERMITAGE AV,,,,35.00,Feet,South,KOREAN VETERANS BLVD,,,,0.00,N,Not at Intersection, ,Non-Junction,None,,,         ,Alexander,Hartle,Cloudy,"Sideswipe, Same Direction",no,no,no,no,no,False
102663815,METROPOLITAN NASHVILLE POLICE DEPT,20200138282,Davidson,Nashville,2/26/2020 6:30:00 PM,2,0,0,36.098890,-86.871890,HEADY DR,,,,0.00,,,HIGHWAY 100,,,,0.00,Y,Four-Way, ,,None,,,         ,Je-Marc,Sears,,,no,no,no,no,no,False
102663833,METROPOLITAN NASHVILLE POLICE DEPT,20200137947,Davidson,Nashville,2/26/2020 4:33:00 PM,1,1,0,36.229510,-86.736380,BROADMOOR DR,,,,458.00,Feet,East,GRAYCROFT AV,,,,0.00,N,Not at Intersection,N,Non-Junction,None,,,         ,Christopher,Augustin,Cloudy,Not Collision with Motor Vehicle in Transport,no,no,no,no,no,False
102663883,METROPOLITAN NASHVILLE POLICE DEPT,20200138474,Davidson,Nashville,2/26/2020 8:25:00 PM,2,0,0,36.072300,-86.636600,MURFREESBORO PKE,,,,198.00,Feet,North,BELL RD,,,,0.00,N,Not at Intersection, ,Non-Junction,None,,,         ,John,Jones,Clear,Front to Rear,no,no,no,no,no,False
102663893,METROPOLITAN NASHVILLE POLICE DEPT,20200137927,Davidson,Nashville,2/26/2020 4:05:00 PM,2,0,0,36.128480,-86.753970,US HWY 31 ALT,,,,93.00,Feet,North,NAPOLEON AVE,,,,0.00,N,Not at Intersection,N,Non-Junction,None,,,         ,Joel,Bennett,Clear,Front to Rear,no,no,no,no,no,False
102663894,METROPOLITAN NASHVILLE POLICE DEPT,20200138536,Davidson,Goodlettsville,2/26/2020 9:06:00 PM,2,1,0,36.287310,-86.726170,I 65,,,,0.00,,,,,,,94.00,N,Not at Intersection,N,Non-Junction,None,,,         ,Christopher,Littles,Cloudy,Front to Rear,no,no,no,no,no,False
102663898,METROPOLITAN NASHVILLE POLICE DEPT,20200138455,Davidson,Nashville,2/26/2020 12:00:00 AM,2,0,0,36.059960,-86.672110,ANTIOCH PKE,,,,0.00,,,BLUE HOLE RD,,,,0.00,Y,T-Intersection, ,Intersection,None,,,         ,Corey,Reed,Sleet/Hail,Angle,no,no,no,no,no,False
102663899,METROPOLITAN NASHVILLE POLICE DEPT,20200138508,Davidson,Nashville,2/26/2020 8:50:00 PM,3,2,0,36.124090,-86.812130,I440 E EXT RAMP,,,,0.00,,,I 440,,,,0.00,Y,Y-Intersection,N,Entrance/Exit Ramp Related,Construction Zone,Work On Shoulder Or Median,Activity Area,         ,Andrew,Mullen,Clear,Not Collision with Motor Vehicle in Transport,no,no,no,no,no,False
102663971,METROPOLITAN NASHVILLE POLICE DEPT,20200138543,Davidson,Nashville,2/26/2020 9:11:00 PM,2,1,0,36.131200,-86.817880,I 440,,,,0.00,,,,,,,1.90,N,Not at Intersection,N,Non-Junction,Construction Zone,Laneclosure,Activity Area,         ,Je-Marc,Sears,Rain,Front to Rear,no,no,no,no,yes,False
102663990,METROPOLITAN NASHVILLE POLICE DEPT,20200138725,Davidson,Nashville,2/26/2020 9:20:00 PM,2,0,0,36.147690,-86.806940,WEST END AV,,,,162.00,Feet,West,24TH AVN,,,,0.00,N,Not at Intersection, ,Non-Junction,None,,,         ,Taylor,Hurley,Clear,Angle,no,no,no,no,no,Campus
102664003,METROPOLITAN NASHVILLE POLICE DEPT,20200138673,Davidson,Nashville,2/26/2020 10:28:00 PM,3,1,0,36.155100,-86.630050,I 40,,,,0.00,,,,,,,218.90,N,Not at Intersection,N,Non-Junction,None,,,         ,Bridget,Griepentrog,Cloudy,Front to Rear,no,no,no,no,yes,False
102664004,METROPOLITAN NASHVILLE POLICE DEPT,20200138759,Davidson,Antioch,2/26/2020 11:23:00 PM,1,1,0,36.015660,-86.622260,I24 E EXT RAMP,,,,0.00,Feet,East,I 24,,,,0.00,N,Not at Intersection,N,Non-Junction,None,,,         ,Douglas,Meringer,Clear,Not Collision with Motor Vehicle in Transport,no,no,no,no,no,False
102664007,METROPOLITAN NASHVILLE POLICE DEPT,20200139088,Davidson,Nashville,2/27/2020 1:40:00 AM,2,0,0,36.123710,-86.703840,KERMIT DR,,,,25.00,Feet,South,VULTEE BLVD,,,,0.00,N,Not at Intersection,N,Non-Junction,None,,,         ,Corey,Ethridge,Clear,Front to Rear,no,no,no,no,yes,False
102664009,METROPOLITAN NASHVILLE POLICE DEPT,20200138691,Davidson,Nashville,2/26/2020 10:30:00 PM,2,0,0,36.154670,-86.630740,I 40,,,,0.00,,,,,,,218.85,N,Not at Intersection, ,Non-Junction,None,,,         ,Bridget,Griepentrog,Cloudy,Front to Rear,no,no,no,no,no,False
102664014,METROPOLITAN NASHVILLE POLICE DEPT,20200139230,Davidson,Nashville,2/27/2020 2:49:00 AM,2,1,0,36.162120,-86.790620,11TH AVN,,,,4.00,Feet,North,CHARLOTTE AV,,,,0.00,N,Not at Intersection,N,Non-Junction,None,,,         ,Reginald,Pierre-Paul,Clear,Angle,no,no,no,no,no,False
102664029,METROPOLITAN NASHVILLE POLICE DEPT,20200139290,Davidson,Nashville,2/27/2020 3:31:00 AM,1,0,0,36.077020,-86.735980,STATE HWY 255,,,,189.00,Feet,East,SHADESCREST DR,,,,0.00,N,Not at Intersection,N,Non-Junction,None,,,         ,Tony,Mingsing,Clear,Not Collision with Motor Vehicle in Transport,no,no,no,yes,yes,False
102664074,METROPOLITAN NASHVILLE POLICE DEPT,20200139540,Davidson,Nashville,2/27/2020 5:59:00 AM,2,0,0,36.171490,-86.870720,BRILEY PKWY S EXT RAMP,,,,0.00,,,CENTENNIAL BLVD,,,,0.00,Y,Y-Intersection, ,Entrance/Exit Ramp Related,None,,,         ,Maximillian,Goldberg,Clear,Front to Rear,no,no,no,no,no,False
102664075,METROPOLITAN NASHVILLE POLICE DEPT,20200139387,Davidson,Not in City Limit,2/27/2020 4:31:00 AM,1,1,0,36.306600,-86.817500,I 24,,,,0.00,,,,,,,38.25,N,Not at Intersection,N,Non-Junction,None,,,         ,John,Deiterick,Clear,Not Collision with Motor Vehicle in Transport,no,no,no,no,no,False
102664090,METROPOLITAN NASHVILLE POLICE DEPT,20200139484,Davidson,Antioch,2/27/2020 5:17:00 AM,2,3,0,36.058573,-86.597752,HAMILTON CHURCH,RD,,,0.00,,,HOBSON,PIKE,,,0.00,Y,Four-Way,N,Intersection,None,,,         ,Bryce,Hatten,Clear,Angle,no,no,no,no,no,False
102664128,METROPOLITAN NASHVILLE POLICE DEPT,20200139621,Davidson,Nashville,2/27/2020 6:01:00 AM,2,0,0,36.141240,-86.717100,I 40,,,,0.00,,,,,,,213.80,N,Not at Intersection, ,Non-Junction,None,,,         ,Michael,Dance,Clear,"Sideswipe, Same Direction",no,no,no,no,no,False
102664150,METROPOLITAN NASHVILLE POLICE DEPT,20200139632,Davidson,Nashville,2/27/2020 6:50:00 AM,2,0,0,36.103940,-86.742340,MCIVER ST,,,,190.00,Feet,West,US HWY 31 ALT,,,,0.00,N,Not at Intersection,N,Non-Junction,None,,,         ,Gregory,Scott,Clear,Angle,no,no,no,no,yes,False
102664153,METROPOLITAN NASHVILLE POLICE DEPT,20200139587,Davidson,Not in City Limit,2/27/2020 6:20:00 AM,3,1,0,36.326890,-86.889720,I 24,,,,0.00,,,,,,,33.80,N,Not at Intersection,N,Non-Junction,None,,,         ,Keith,Parlato,Clear,Front to Rear,no,no,no,no,no,False
102664166,METROPOLITAN NASHVILLE POLICE DEPT,20200139706,Davidson,Nashville,2/27/2020 7:33:00 AM,2,0,0,36.121440,-86.696680,BRILEY PKWYN,,,,27.00,Feet,South,BRILEY PKWY N ENT RAMP,,,,0.00,N,Not at Intersection, ,Entrance/Exit Ramp Related,None,,,         ,Michael,Dance,Clear,"Sideswipe, Same Direction",no,no,no,no,no,False
102664174,METROPOLITAN NASHVILLE POLICE DEPT,2020 0139633,Davidson,Nashville,2/27/2020 6:55:00 AM,1,0,0,36.076320,-86.838940,HILLSBORO PKE,,,,1065.00,Feet,South,TYNE BLVD,,,,0.00,N,Not at Intersection, ,Non-Junction,None,,,         ,Paul,Junkmann,Clear,Not Collision with Motor Vehicle in Transport,no,no,no,no,no,False
102664175,BERRY HILL POLICE DEPT,20-0821,Davidson,Berry Hill,2/27/2020 7:10:00 AM,2,0,0,36.121100,-86.775360,FRANKLIN PKE,,,,101.00,Feet,South,KIRKWOOD AV,,,,0.00,N,Not at Intersection, ,,None,,,         ,Monty,Sands,,,no,no,no,no,no,False
102664186,METROPOLITAN NASHVILLE POLICE DEPT,20200139705,Davidson,Nashville,2/27/2020 7:24:00 AM,2,0,0,36.151570,-86.692130,BRILEY PKWY S EXT RAMP,,,,18.00,Feet,West,ELM HILL PKE EB EXT RAMP,,,,0.00,N,Not at Intersection, ,,None,,,         ,Larry,Benz,,,no,no,no,no,no,False
102664190,METROPOLITAN NASHVILLE POLICE DEPT,20200139733,Davidson,Nashville,2/27/2020 7:45:00 AM,2,0,0,36.131510,-86.795520,BELMONT BLVD,,,,136.00,Feet,South,BERNARD AV,,,,0.00,N,Not at Intersection, ,"Driveway, Alley Access, etc",Construction Zone,,,         ,Nathan,Kemp,Clear,Angle,no,no,no,no,no,False
102664191,METROPOLITAN NASHVILLE POLICE DEPT,20200139634,Davidson,Antioch,2/27/2020 6:58:00 AM,2,0,0,36.011880,-86.621070,OLD HICKORY BLVD,,,,0.00,,,MUCI DR,,,,0.00,Y,Four-Way,N,Intersection,None,,,         ,Patrick,Martin,Clear,Angle,no,no,no,no,no,False
102664214,METROPOLITAN NASHVILLE POLICE DEPT,20200139837,Davidson,Nashville,2/27/2020 8:18:00 AM,2,0,0,36.143140,-86.705550,I 40,,,,0.00,,,,,,,214.45,N,Not at Intersection, ,Non-Junction,None,,,         ,Michael,Dance,Clear,Unknown,no,no,no,no,no,False
102664218,METROPOLITAN NASHVILLE POLICE DEPT,20200139616,Davidson,Antioch,2/27/2020 6:00:00 AM,3,0,0,36.043140,-86.606820,MURFREESBORO PKE,,,,131.00,Feet,North,HOBSON PKE,,,,0.00,N,Not at Intersection, ,,None,,,         ,Patrick,Martin,,,no,no,no,no,no,False
102664244,METROPOLITAN NASHVILLE POLICE DEPT,20200139690,Davidson,Nashville,2/27/2020 7:22:00 AM,2,1,0,36.091680,-86.833690,HARDING PL,,,,259.00,Feet,East,WELLINGTON PARK CT,,,,0.00,N,Not at Intersection,N,Non-Junction,None,,,         ,Curtis,Rich,Cloudy,Front to Rear,no,no,no,no,no,False
102664245,METROPOLITAN NASHVILLE POLICE DEPT,20200139744,Davidson,Nashville,2/27/2020 7:48:00 AM,2,0,0,36.176780,-86.772470,I 24,,,,0.00,,,,,,,47.90,N,Not at Intersection, ,Entrance/Exit Ramp Related,None,,,         ,Sarah,Cartwright,Clear,"Sideswipe, Same Direction",no,no,no,no,no,False
102664246,METROPOLITAN NASHVILLE POLICE DEPT,20200139732,Davidson,Nashville,2/27/2020 7:40:00 AM,2,0,0,36.247530,-86.756750,DICKERSON PKE,,,,318.00,Feet,North,SKYLINE COMMONS PVTDR,,,,0.00,N,Not at Intersection, ,Non-Junction,None,,,         ,Theodore,Meskers,Clear,Front to Rear,no,no,no,no,no,False
102664247,METROPOLITAN NASHVILLE POLICE DEPT,20200139866,Davidson,Nashville,2/27/2020 8:16:00 AM,2,0,0,36.169870,-86.673640,LEBANON PKE,,,,0.00,,,SHADY GROVE RD,,,,0.00,Y,T-Intersection,N,Non-Junction,None,,,         ,Michael,Dance,Clear,Angle,no,no,no,no,yes,False
102664253,METROPOLITAN NASHVILLE POLICE DEPT,20200139862,Davidson,Nashville,2/27/2020 8:29:00 AM,2,0,0,36.231020,-86.611700,SHUTE LN,,,,178.00,Feet,West,WILLOW BOUGH LN,,,,0.00,N,Not at Intersection, ,Non-Junction,None,,,         ,Roger,Luther,Clear,Front to Rear,no,no,no,no,no,False
102664256,METROPOLITAN NASHVILLE POLICE DEPT,20200139640,Davidson,Not in City Limit,2/27/2020 6:56:00 AM,4,0,0,36.312390,-86.882950,CLARKSVILLE PKE,,,,298.00,Feet,North,RAWLINGS RD,,,,0.00,N,Not at Intersection, ,Non-Junction,None,,,         ,Tyler,Adcock,Clear,Front to Rear,no,no,no,no,no,False
102664262,METROPOLITAN NASHVILLE POLICE DEPT,20200139874,Davidson,Nashville,2/27/2020 8:45:00 AM,2,0,0,36.133040,-86.726870,I24E,,,,79.00,Feet,East,I24 W EXT RAMP,,,,0.00,N,Not at Intersection, ,Non-Junction,None,,,         ,Todd,Watson,Clear,Front to Rear,no,no,no,no,no,False
102664274,METROPOLITAN NASHVILLE POLICE DEPT,20200139961,Davidson,Nashville,2/27/2020 9:14:00 AM,2,0,0,36.045440,-86.658230,I24 W EXT RAMP,,,,0.00,Feet,East,I 24,,,,0.00,N,Not at Intersection, ,,None,,,         ,Patrick,Martin,,,no,no,no,no,no,False
102664275,METROPOLITAN NASHVILLE POLICE DEPT,20200139917,Davidson,Nashville,2/27/2020 12:00:00 AM,2,0,0,36.166150,-86.781210,CHARLOTTE AV,,,,169.00,Feet,West,4TH AVN,,,,0.00,N,Not at Intersection,N,Non-Junction,None,,,         ,Garrett,Short,Clear,"Sideswipe, Same Direction",no,no,no,yes,yes,False
102664280,METROPOLITAN NASHVILLE POLICE DEPT,2020-0139572,Davidson,Nashville,2/27/2020 12:00:00 AM,2,0,0,36.133070,-86.799390,PORTLAND AV,,,,176.00,Feet,East,20TH AVS,,,,0.00,N,Not at Intersection,N,Non-Junction,None,,,         ,Po,Cheng,Unknown,Angle,no,no,no,no,yes,False
102664284,METROPOLITAN NASHVILLE POLICE DEPT,20200139942,Davidson,Goodlettsville,2/27/2020 9:21:00 AM,2,0,0,36.302750,-86.691850,RIVERGATE MARKETPLACE PVTDR,,,,0.00,,,GALLATIN PKEN,,,,0.00,Y,Four-Way, ,,None,,,         ,Cyretha,Frazier,,,no,no,no,no,no,False
102664288,METROPOLITAN NASHVILLE POLICE DEPT,20200139990,Davidson,Nashville,2/27/2020 9:51:00 AM,2,0,0,36.151010,-86.796490,19TH AVS,,,,0.00,,,BROADWAY,,,,0.00,Y,Four-Way,N,Intersection,None,,,         ,Nathan,Kemp,Clear,"Sideswipe, Same Direction",no,no,no,no,no,False
102664297,METROPOLITAN NASHVILLE POLICE DEPT,20200139978,Davidson,Goodlettsville,2/27/2020 9:45:00 AM,2,0,0,36.302140,-86.692720,TWIN HILLS DR,,,,0.00,,,GALLATIN PKEN,,,,0.00,Y,Four-Way, ,,None,,,         ,Brandon,Bilbrey,,,no,no,no,no,no,False
102664298,METROPOLITAN NASHVILLE POLICE DEPT,20200140085,Davidson,Nashville,2/27/2020 10:32:00 AM,1,0,0,36.149860,-86.675450,ROYAL PKWY,,,,155.00,Feet,East,PERIMETER PLACE DR,,,,0.00,N,Not at Intersection,N,Non-Junction,None,,,         ,Joshua,Hausman,Clear,Not Collision with Motor Vehicle in Transport,no,no,no,no,no,False
102664304,METROPOLITAN NASHVILLE POLICE DEPT,20200139798,Davidson,Nashville,2/27/2020 8:14:00 AM,2,0,0,36.089920,-86.688030,HARDING PL,,,,162.00,Feet,West,OLD EZELL RD,,,,0.00,N,Not at Intersection,N,Non-Junction,None,,,         ,Brandon,Lopez,Clear,"Sideswipe, Same Direction",no,no,no,no,yes,False
102664311,METROPOLITAN NASHVILLE POLICE DEPT,20200140012,Davidson,Nashville,2/27/2020 9:58:00 AM,2,0,0,35.996350,-86.689130,NOLENSVILLE PKE,,,,293.00,Feet,East,CONCORD RD,,,,0.00,N,Not at Intersection, ,Non-Junction,None,,,         ,Christopher,Alceus,Clear,"Sideswipe, Same Direction",no,no,no,no,no,False
102664312,VANDERBILT UNIVERSITY POLICE,20200139914,Davidson,Nashville,2/27/2020 8:56:00 AM,2,0,0,36.139010,-86.804250,CHILDRENS WAY,,,,244.00,Feet,East,24TH AVS,,,,0.00,N,Not at Intersection, ,,None,,,         ,Eugene,Kessler,,,no,no,no,no,no,Campus
102664322,METROPOLITAN NASHVILLE POLICE DEPT,20200139983,Davidson,Not in City Limit,2/27/2020 9:16:00 AM,2,0,0,36.308400,-86.821890,I 24,,,,0.00,,,,,,,38.00,N,Not at Intersection,N,Non-Junction,None,,,         ,James,Wray,Clear,Front to Rear,no,no,no,no,no,False
102664350,METROPOLITAN NASHVILLE POLICE DEPT,20200139944,Davidson,Nashville,2/27/2020 9:25:00 AM,4,0,0,36.164450,-86.794070,I 40,,,,0.00,,,,,,,208.45,N,Not at Intersection,N,Non-Junction,None,,,         ,Brian,Quigley,Clear,Front to Rear,no,no,no,no,no,False
102664360,METROPOLITAN NASHVILLE POLICE DEPT,20200139971,Davidson,Nashville,2/27/2020 9:10:00 AM,2,0,0,36.140320,-86.731340,I 24,,,,0.00,,,,,,,51.60,N,Not at Intersection, ,Non-Junction,None,,,         ,Raymond,Flaherty,Clear,"Sideswipe, Same Direction",no,no,no,no,no,False
102664362,VANDERBILT UNIVERSITY POLICE,2020-0140150,Davidson,Nashville,2/27/2020 12:00:00 AM,2,0,0,36.139410,-86.803410,PIERCE AVE,,,,0.00,,,,,,,0.00,,, ,Non-Junction,None,,,         ,James,McDaniel,Clear,Unknown,no,no,no,yes,yes,Campus
102664368,THP District 3 - Nashville,320012716,Davidson,Nashville,2/26/2020 12:55:00 PM,2,0,0,36.223690,-86.583620,BIG HORN DR,,,,0.00,,,MATTERHORN DR,,,,0.00,Y,Four-Way, ,Intersection,None,,,         ,Joseph,Grandstaff,Rain,Angle,no,no,no,no,no,False
102664387,METROPOLITAN NASHVILLE POLICE DEPT,20200140245,Davidson,Nashville,2/27/2020 11:48:00 AM,1,0,0,36.216740,-86.688870,PENNINGTON BEND RD,,,,333.00,Feet,North,MCGAVOCK PKE,,,,0.00,N,Not at Intersection, ,,None,,,         ,Michael,Dance,,,no,no,no,no,no,False
102664390,METROPOLITAN NASHVILLE POLICE DEPT,20200140179,Davidson,Nashville,2/27/2020 11:15:00 AM,2,0,0,36.153930,-86.857490,URBANDALE AV,,,,0.00,Feet,,BRILEY PKWYN,,,,0.00,Y,Four-Way,N,Intersection,None,,,         ,Darren,Key,Clear,Front to Rear,no,no,no,no,no,False
102664391,METROPOLITAN NASHVILLE POLICE DEPT,20200139821,Davidson,Nashville,2/27/2020 8:23:00 AM,2,0,0,36.165190,-86.858810,60TH AVN,,,,110.00,Feet,North,CALIFORNIA AV,,,,0.00,N,Not at Intersection,N,Non-Junction,None,,,         ,George,Spencer,Clear,Angle,no,no,no,no,yes,False
102664402,METROPOLITAN NASHVILLE POLICE DEPT,20200140156,Davidson,Nashville,2/27/2020 11:08:00 AM,2,0,0,36.200880,-86.591740,TULIP GROVE RD,,,,3.00,Feet,North,BROOKSIDE PARK PVTDR,,,,0.00,N,Not at Intersection,Y,Unknown,None,,,         ,Joshua,Hausman,Fog,Angle,no,no,no,no,no,False
102664453,METROPOLITAN NASHVILLE POLICE DEPT,20200140267,Davidson,Nashville,2/27/2020 12:01:00 PM,2,0,0,36.192730,-86.606830,ANDREW JACKSON PKWY,,,,0.00,Feet,,STONERS GLEN DR,,,,0.00,Y,T-Intersection,N,Intersection-Related,None,,,         ,Roger,Luther,Clear,Front to Rear,no,no,no,no,no,False
102664466,METROPOLITAN NASHVILLE POLICE DEPT,20200140317,Davidson,Nashville,2/27/2020 12:26:00 PM,2,1,0,36.135990,-86.698810,BRILEY PKWYS,,,,0.00,,,BRILEY PKWY,,,,0.00,Y,Four-Way,N,Intersection-Related,None,,,         ,Mario,Diaz,Clear,Angle,no,no,no,no,no,False