master_record_number,agency,agency_tracking_number,county,city,collision_date,vehicles_involved,number_injured,number_dead,latitude,longitude,roadway_name,roadway_suffix,roadway_number,roadway_local_id,distance_from_reference,miles-feet_indicator,direction_from_reference,intersection_road_name,intersection_road_name_suffix,intersection_road_number,intersection_local_id,mile_marker,intersection_indicator,intersect_type,interchange_related_indicator,relation_to_junction,work_zone_type,construction_maintenance_zone,construction_maintenance_zone_location,fatal_case_number,officer_first_name,officer_last_name,weather_condition(s),manner_of_crash,pedestrian,bicycle,scooter,parking,hitrun,mou
102664524,METROPOLITAN NASHVILLE POLICE DEPT,20200140291,Davidson,Nashville,2/27/2020 12:16:00 PM,2,1,0,36.177300,-86.604180,OLD HICKORY BLVD,,,,0.00,,,HERMITAGE WOODS DR,,,,0.00,Y,OTHER,Y,OtherLocation,None,,,         ,Joshua,Hausman,Clear,Front to Rear,no,no,no,yes,no,False
102664581,METROPOLITAN NASHVILLE POLICE DEPT,20200140364,Davidson,Nashville,2/27/2020 12:53:00 PM,2,0,0,36.164240,-86.804700,HERMOSA ST,,,,79.00,Feet,West,DR D B TODD JR BLVD,,,,0.00,N,Not at Intersection,N,Non-Junction,None,,,         ,Cody,Jaworski,Clear,Front to Rear,no,no,no,no,no,False
102664606,METROPOLITAN NASHVILLE POLICE DEPT,20200139819,Davidson,Nashville,2/27/2020 8:23:00 AM,2,0,0,36.083940,-86.698460,I24 W EXT RAMP,,,,0.00,,,I 24,,,,0.00,Y,Y-Intersection,Y,Entrance/Exit Ramp Related,None,,,         ,Nicholas,Carter,Clear,Front to Rear,no,no,no,no,yes,False
102664615,METROPOLITAN NASHVILLE POLICE DEPT,20200140510,Davidson,Nashville,2/27/2020 2:21:00 PM,3,1,0,36.157360,-86.759810,I 24,,,,0.00,,,,,,,49.65,N,Not at Intersection,N,Non-Junction,None,,,         ,Ky,Luu,Clear,Front to Rear,no,no,no,no,yes,False
102664628,METROPOLITAN NASHVILLE POLICE DEPT,20200140458,Davidson,Nashville,2/27/2020 1:49:00 PM,2,1,0,36.183180,-86.773870,GRACE ST,,,,0.00,Feet,West,DICKERSON PKE,,,,0.00,N,Not at Intersection,N,Non-Junction,None,,,         ,Jamel,Griffin,Clear,Angle,no,no,no,no,no,False
102664641,METROPOLITAN NASHVILLE POLICE DEPT,20200140594,Davidson,Nashville,2/27/2020 2:20:00 PM,2,0,0,36.140220,-86.722410,I 40,,,,0.00,,,,,,,213.50,N,Not at Intersection,N,Non-Junction,None,,,         ,Daniel,Kallman,Clear,"Sideswipe, Same Direction",no,no,no,no,yes,False
102664643,METROPOLITAN NASHVILLE POLICE DEPT,20200140512,Davidson,Not in City Limit,2/27/2020 2:26:00 PM,2,2,0,36.078900,-86.951990,HIGHWAY 70S,,,,374.00,Feet,West,BELLEVUE CTR PVTDR,,,,0.00,N,Not at Intersection,N,"Driveway, Alley Access, etc",None,,,         ,Curtis,Rich,Clear,Angle,no,no,no,yes,no,False
102664656,METROPOLITAN NASHVILLE POLICE DEPT,20200140296,Davidson,Nashville,2/27/2020 12:17:00 PM,2,0,0,36.161890,-86.775170,2ND AVN,,,,0.00,,,BROADWAY,,,,0.00,Y,Four-Way, ,,None,,,         ,Michael,Douglas,,,no,no,no,no,no,False
102664681,METROPOLITAN NASHVILLE POLICE DEPT,20200140605,Davidson,Nashville,2/27/2020 2:26:00 PM,2,0,0,36.165960,-86.680430,MCGAVOCK PKE,,,,647.00,Feet,North,CROSSFIELD DR,,,,0.00,N,Not at Intersection, ,Non-Junction,None,,,         ,Adam,Warren,Clear,Angle,no,no,no,no,no,False
102664682,VANDERBILT UNIVERSITY POLICE,20200140466,Davidson,Nashville,2/27/2020 1:34:00 PM,2,0,0,36.108400,-86.764630,POWELL AVE,,,,678.00,Feet,North,POWELL PL,,,,0.00,N,Not at Intersection, ,,None,,,         ,Devon,Ross,,,no,no,no,yes,no,OHO
102664699,METROPOLITAN NASHVILLE POLICE DEPT,20200140620,Davidson,Nashville,2/27/2020 3:09:00 PM,2,0,0,36.155380,-86.789140,I40 E ENT RAMP,,,,0.00,,,I 40,,,,0.00,Y,Y-Intersection, ,,None,,,         ,FELIKS,ABRAHAMYAN,,,no,no,no,no,no,False
102664721,METROPOLITAN NASHVILLE POLICE DEPT,20200140686,Davidson,Nashville,2/27/2020 3:40:00 PM,2,0,0,36.154480,-86.779470,8TH AVS,,,,0.00,,,LAFAYETTE ST,,,,0.00,Y,Roundabout, ,Intersection,None,,,         ,Derek,Betty,Clear,Front to Rear,no,no,no,no,yes,False
102664730,METROPOLITAN NASHVILLE POLICE DEPT,20200140613,Davidson,Nashville,2/27/2020 3:08:00 PM,2,0,0,36.152990,-86.727320,LEBANON PKE,,,,1720.00,Feet,West,SPENCE LN,,,,0.00,N,Not at Intersection,N,Non-Junction,None,,,         ,Zachariah,Bush,Clear,Front to Rear,no,no,no,no,no,False
102664738,METROPOLITAN NASHVILLE POLICE DEPT,20200126862,Davidson,Nashville,2/26/2020 9:47:00 PM,2,0,0,36.047840,-86.612050,MURFREESBORO PKE,,,,0.00,,,MOUNTAIN SPRINGS RD,,,,0.00,Y,Four-Way,N,Non-Junction,None,,,         ,Joel,Bennett,Clear,HeadOn,no,no,no,no,no,False
102664739,METROPOLITAN NASHVILLE POLICE DEPT,20200140656,Davidson,Nashville,2/27/2020 3:24:00 PM,2,0,0,36.071230,-86.684190,ANTIOCH PKE,,,,0.00,Feet,East,HAYSTACK LN,,,,0.00,N,Not at Intersection,N,Non-Junction,None,,,         ,Joel,Bennett,Clear,Angle,no,no,no,no,no,False
102664743,METROPOLITAN NASHVILLE POLICE DEPT,20200140663,Davidson,Nashville,2/27/2020 3:29:00 PM,2,2,0,36.091180,-86.885420,ST HENRY DR,,,,0.00,,,VAUGHNS GAP RD,,,,0.00,Y,T-Intersection,N,Intersection,None,,,         ,Lawrence,Whited,Clear,Angle,no,no,no,no,no,False
102664744,METROPOLITAN NASHVILLE POLICE DEPT,20200140730,Davidson,Nashville,2/27/2020 2:50:00 PM,2,0,0,36.161120,-86.792640,GEORGE L DAVIS BLVD,,,,31.00,Feet,South,CHARLOTTE AV,,,,0.00,N,Not at Intersection, ,Non-Junction,None,,,         ,Timothy,Skopek,Clear,"Sideswipe, Same Direction",no,no,no,no,no,False
102664746,METROPOLITAN NASHVILLE POLICE DEPT,20200140636,Davidson,Nashville,2/27/2020 3:00:00 PM,2,2,0,36.081510,-86.726930,NOLENSVILLE PKE,,,,412.00,Feet,South,WELSHWOOD DR,,,,0.00,N,Not at Intersection, ,Non-Junction,None,,,         ,Edward,Starke,Clear,Angle,no,no,no,no,no,False
102664747,METROPOLITAN NASHVILLE POLICE DEPT,20200140554,Davidson,Nashville,2/27/2020 2:39:00 PM,2,1,0,36.134010,-86.758950,NOLENSVILLE PKE,,,,0.00,,,CRAIGHEAD ST,,,,0.00,Y,OTHER,N,Intersection,None,,,         ,John,Chambers,Clear,Angle,no,no,no,no,no,False
102664748,METROPOLITAN NASHVILLE POLICE DEPT,20200140732,Davidson,Nashville,2/27/2020 3:22:00 PM,2,0,0,36.155310,-86.811730,US HWY 70,,,,80.00,Feet,East,25TH AVE N,,,,0.00,N,Not at Intersection, ,Non-Junction,None,,,         ,Jacob,Krispin,Clear,Front to Rear,no,no,no,no,no,False
102664750,METROPOLITAN NASHVILLE POLICE DEPT,20200140737,Davidson,Nashville,2/27/2020 4:15:00 PM,2,0,0,36.111080,-86.754470,THOMPSON LN,,,,0.00,,,EUGENIA AV,,,,0.00,Y,OTHER, ,,None,,,         ,Citlaly,Juarez,,,no,no,no,no,no,False
102664753,METROPOLITAN NASHVILLE POLICE DEPT,20200140599,Davidson,Nashville,2/27/2020 2:35:00 PM,2,0,0,36.187320,-86.776090,I 24,,,,0.00,,,,,,,47.10,N,Not at Intersection, ,Entrance/Exit Ramp Related,None,,,         ,Johan,Kinberg,Clear,Unknown,no,no,no,no,no,False
102664754,METROPOLITAN NASHVILLE POLICE DEPT,20200140739,Davidson,Nashville,2/27/2020 4:05:00 PM,2,0,0,36.059550,-86.706660,TUSCULUM RD,,,,0.00,Feet,East,PARK CT,,,,0.00,N,Not at Intersection,N,Non-Junction,None,,,         ,Laura,Williams,Clear,Front to Rear,no,no,no,no,no,False
102664758,METROPOLITAN NASHVILLE POLICE DEPT,20200140762,Davidson,Nashville,2/27/2020 3:33:00 PM,2,0,0,36.144000,-86.722570,SPENCE LN,,,,14.00,Feet,North,ELM HILL PKE,,,,0.00,N,Not at Intersection, ,,None,,,         ,Jason,Milyaro Lucas,,,no,no,no,no,no,False
102664759,METROPOLITAN NASHVILLE POLICE DEPT,20200140811,Davidson,Nashville,2/27/2020 4:41:00 PM,2,0,0,36.169510,-86.770960,S 2ND ST,,,,0.00,,,WOODLAND ST,,,,0.00,Y,Four-Way, ,Intersection,None,,,         ,Gabriel,Vasquez,Clear,Angle,no,no,no,no,no,False
102664760,METROPOLITAN NASHVILLE POLICE DEPT,20200140753,Davidson,Nashville,2/27/2020 4:05:00 PM,2,0,0,36.170840,-86.770780,JAMES ROBERTSON PKWY,,,,142.00,Feet,South,MAIN ST,,,,0.00,N,Not at Intersection, ,Non-Junction,None,,,         ,Alexander,Hartle,Clear,Front to Rear,no,no,no,no,no,False
102664763,METROPOLITAN NASHVILLE POLICE DEPT,20200138373,Davidson,Nashville,2/26/2020 7:48:00 PM,1,1,0,36.068400,-86.707360,HAYWOOD LN,,,,28.00,Feet,East,CHAMBERS DR,,,,0.00,N,Not at Intersection,N,Non-Junction,None,,,         ,Joel,Bennett,Rain,Not Collision with Motor Vehicle in Transport,no,no,no,no,no,False
102664777,METROPOLITAN NASHVILLE POLICE DEPT,20200140862,Davidson,Nashville,2/27/2020 4:35:00 PM,2,0,0,36.147530,-86.760480,LINCOLN ST,,,,113.00,Feet,North,PERKINS ST,,,,0.00,N,Not at Intersection, ,Non-Junction,None,,,         ,YUNUS,ADAK,Clear,Angle,no,no,no,no,no,False
102664779,VANDERBILT UNIVERSITY POLICE,20200140779,Davidson,Nashville,2/27/2020 4:10:00 PM,2,0,0,36.139620,-86.800500,21ST AVS,,,,87.00,Feet,East,PIERCE AV,,,,0.00,N,Not at Intersection, ,Non-Junction,None,,,         ,Shaneithia,Lewis,Clear,Front to Rear,no,no,no,yes,no,Campus
102664781,METROPOLITAN NASHVILLE POLICE DEPT,20200140859,Davidson,Nashville,2/27/2020 3:30:00 PM,2,0,0,36.121740,-86.750580,NOLENSVILLE PKE,,,,0.00,,,I440 E EXT RAMP,,,,0.00,Y,OTHER, ,,Work Zone,,,         ,Citlaly,Juarez,,,no,no,no,no,no,False
102664784,METROPOLITAN NASHVILLE POLICE DEPT,2020-0140692,Davidson,Nashville,2/27/2020 3:47:00 PM,2,2,0,36.235800,-86.727030,BRILEY PKWYE,,,,157.00,Feet,West,BRILEY PKWY E EXT RAMP,,,,0.00,N,Not at Intersection,N,Non-Junction,None,,,         ,Tim,Le,Clear,Front to Rear,no,no,no,no,no,False
102664788,METROPOLITAN NASHVILLE POLICE DEPT,20200140566,Davidson,Nashville,2/27/2020 2:36:00 PM,2,0,0,36.127220,-86.753320,NOLENSVILLE PKE,,,,134.00,Feet,North,VIVELLE AV,,,,0.00,N,Not at Intersection, ,,None,,,         ,FELIKS,ABRAHAMYAN,,,no,no,no,no,no,False
102664791,GOODLETTSVILLE POLICE DEPT,20-07304,Davidson,Goodlettsville,2/27/2020 4:26:00 PM,1,1,0,36.310820,-86.702880,I65 S EXT RAMP,,,,0.00,Feet,East,I 65,,,,0.00,N,Not at Intersection,N,Entrance/Exit Ramp Related,None,,,         ,Devonte,Tapp,Clear,Not Collision with Motor Vehicle in Transport,no,no,no,no,no,False
102664796,METROPOLITAN NASHVILLE POLICE DEPT,20200140760,Davidson,Nashville,2/27/2020 4:54:00 PM,2,0,0,36.136940,-86.726640,I40 E ENT RAMP,,,,0.00,Feet,East,I 24,,,,0.00,N,Not at Intersection, ,,None,,,         ,Phillip,Burke,,,no,no,no,no,no,False
102664797,METROPOLITAN NASHVILLE POLICE DEPT,20200140829,Davidson,Not in City Limit,2/27/2020 4:45:00 PM,1,1,0,36.059610,-86.990470,MCCRORY LN,,,,2631.00,Feet,South,AVONDALE PARK DR,,,,0.00,N,Not at Intersection,N,Non-Junction,None,,,         ,Brian,DeMarce,Clear,Not Collision with Motor Vehicle in Transport,no,no,no,no,no,False
102664805,METROPOLITAN NASHVILLE POLICE DEPT,20200140867,Davidson,Nashville,2/27/2020 4:25:00 PM,2,0,0,36.184130,-86.748230,GALLATIN AV,,,,119.00,Feet,North,EASTLAND AV,,,,0.00,N,Not at Intersection, ,Non-Junction,None,,,         ,Tim,Le,Clear,"Sideswipe, Same Direction",no,no,no,no,no,False
102664811,VANDERBILT UNIVERSITY POLICE,20200140848,Davidson,Nashville,2/27/2020 12:00:00 AM,2,0,0,36.140930,-86.811500,NATCHEZ TRC,,,,0.00,,,,,,,0.00,,Not at Intersection,N,Non-Junction,None,,,         ,Alan,Reed,Clear,Unknown,no,no,no,yes,yes,Campus
102664814,METROPOLITAN NASHVILLE POLICE DEPT,20200140774,Davidson,Nashville,2/27/2020 3:45:00 PM,2,0,0,36.143840,-86.727370,ELM HILL PKE,,,,53.00,Feet,East,POPLAR ST,,,,0.00,N,Not at Intersection, ,Non-Junction,None,,,         ,Peter,Kinsey,Clear,Angle,no,no,no,no,no,False
102664815,METROPOLITAN NASHVILLE POLICE DEPT,20200140874,Davidson,Nashville,2/27/2020 5:14:00 PM,2,0,0,36.122080,-86.804780,I 440,,,,0.00,,,,,,,2.80,N,Not at Intersection, ,Non-Junction,Construction Zone,,,         ,Conor,Cronin,Clear,Front to Rear,no,no,no,no,no,False
102664816,METROPOLITAN NASHVILLE POLICE DEPT,20200140790,Davidson,Nashville,2/27/2020 4:28:00 PM,2,1,0,36.150480,-86.770350,4TH AVS,,,,0.00,Feet,,I40 E EXT RAMP,,,,0.00,Y,Four-Way,Y,Intersection,None,,,         ,Eric,Laury,Clear,Angle,no,no,no,no,yes,False
102664823,METROPOLITAN NASHVILLE POLICE DEPT,20200140724,Davidson,Nashville,2/27/2020 3:44:00 PM,3,0,0,36.171270,-86.768050,I 24,,,,0.00,,,,,,,48.40,N,Not at Intersection, ,Non-Junction,None,,,         ,James,Hill,Clear,Front to Rear,no,no,no,no,no,False
102664824,METROPOLITAN NASHVILLE POLICE DEPT,20200140952,Davidson,Nashville,2/27/2020 5:52:00 PM,2,0,0,36.082760,-86.761580,SIDCO DR,,,,201.00,Feet,South,CSX DR,,,,0.00,N,Not at Intersection,N,Non-Junction,None,,,         ,Citlaly,Juarez,Clear,Rear to Rear,no,no,no,no,yes,False
102664828,METROPOLITAN NASHVILLE POLICE DEPT,20200140834,Davidson,Nashville,2/27/2020 4:45:00 PM,2,0,0,36.158140,-86.771770,HERMITAGE AV,,,,65.00,Feet,South,KOREAN VETERANS BLVD,,,,0.00,N,Not at Intersection, ,,None,,,         ,Philip,Claibourne,,,no,no,no,no,no,False
102664829,METROPOLITAN NASHVILLE POLICE DEPT,20200140938,Davidson,Not in City Limit,2/27/2020 5:45:00 PM,2,4,0,36.263070,-86.711920,STATE RT 45,,,,0.00,,,GALLATIN PKEN,,,,0.00,Y,Four-Way,N,Intersection,None,,,         ,Christopher,Littles,Clear,HeadOn,no,no,no,no,no,False
102664830,METROPOLITAN NASHVILLE POLICE DEPT,20200140714,Davidson,Nashville,2/27/2020 3:51:00 PM,2,0,0,36.133300,-86.726890,I24E,,,,71.00,Feet,East,I24 W EXT RAMP,,,,0.00,N,Not at Intersection,N,Non-Junction,None,,,         ,Edward,Starke,Clear,Front to Rear,no,no,no,no,no,False
102664831,METROPOLITAN NASHVILLE POLICE DEPT,20200140977,Davidson,Goodlettsville,2/27/2020 5:51:00 PM,2,0,0,36.299670,-86.695040,SHEPHERD HILLS DR,,,,0.00,,,,,,,0.00,,,N,OtherLocation,None,,,         ,Samuel,Kersten,Clear,Angle,no,no,no,yes,yes,False
102664832,METROPOLITAN NASHVILLE POLICE DEPT,20200140902,Davidson,Nashville,2/27/2020 5:06:00 PM,2,0,0,36.192880,-86.623830,JUAREZ DR,,,,0.00,,,LEBANON PKE,,,,0.00,Y,Four-Way,N,Intersection,None,,,         ,David,Stanley,Clear,Angle,no,no,no,no,yes,False
102664850,METROPOLITAN NASHVILLE POLICE DEPT,20200140945,Davidson,Nashville,2/27/2020 5:45:00 PM,1,0,0,36.240980,-86.751760,BRILEY PKWY W EXT RAMP,,,,0.00,,,I 65,,,,0.00,Y,Y-Intersection, ,Entrance/Exit Ramp Related,None,,,         ,Zachary,Scott,Clear,Not Collision with Motor Vehicle in Transport,no,no,no,no,no,False
102664852,METROPOLITAN NASHVILLE POLICE DEPT,20200140822,Davidson,Nashville,2/27/2020 4:41:00 PM,2,0,0,36.154160,-86.770150,2ND AVS,,,,0.00,,,ELM ST,,,,0.00,Y,T-Intersection, ,Intersection,None,,,         ,Erik,Wagner,Clear,Angle,no,no,no,no,no,False
102664853,METROPOLITAN NASHVILLE POLICE DEPT,20200140303,Davidson,Nashville,2/27/2020 12:20:00 PM,2,0,0,36.154480,-86.779470,8TH AVS,,,,0.00,Feet,,PALMER PL,,,,0.00,Y,OTHER, ,Non-Junction,None,,,         ,Erik,Wagner,Clear,Front to Rear,no,no,no,no,no,False
102664854,METROPOLITAN NASHVILLE POLICE DEPT,20200140877,Davidson,Nashville,2/27/2020 5:12:00 PM,2,1,0,36.147540,-86.758610,LAFAYETTE ST,,,,10.00,Feet,East,LEWIS ST,,,,0.00,N,Not at Intersection,N,Non-Junction,None,,,         ,Eric,Laury,Clear,Angle,no,no,no,no,no,False
102664865,METROPOLITAN NASHVILLE POLICE DEPT,20200141055,Davidson,Nashville,2/27/2020 6:20:00 PM,2,0,0,36.110290,-86.800350,GRAYBAR LN,,,,0.00,,,BELMONT BLVD,,,,0.00,Y,Four-Way, ,,None,,,         ,Citlaly,Juarez,,,no,no,no,no,no,False
102664870,METROPOLITAN NASHVILLE POLICE DEPT,20200140928,Davidson,Nashville,2/27/2020 5:42:00 PM,2,3,0,36.121820,-86.704830,MURFREESBORO PKE,,,,0.00,,,KERMIT DR,,,,0.00,Y,Four-Way,N,Intersection,None,,,         ,Edward,Starke,Clear,Angle,no,no,no,no,no,False
102664872,METROPOLITAN NASHVILLE POLICE DEPT,20200141018,Davidson,Nashville,2/27/2020 6:17:00 PM,2,0,0,36.171750,-86.768200,JAMES ROBERTSON PKWY,,,,94.00,Feet,West,ELLINGTON PKWY N ENT RAMP,,,,0.00,N,Not at Intersection, ,Non-Junction,None,,,         ,Derek,Betty,Clear,Front to Rear,no,no,no,no,yes,False
102664873,METROPOLITAN NASHVILLE POLICE DEPT,20200141008,Davidson,Nashville,2/27/2020 6:20:00 PM,2,0,0,36.146580,-86.743790,FESSLERS LN,,,,51.00,Feet,South,RUNDLE AV,,,,0.00,N,Not at Intersection, ,,None,,,         ,Peter,Kinsey,,,no,no,no,no,no,False
102664878,METROPOLITAN NASHVILLE POLICE DEPT,20200141039,Davidson,Nashville,2/27/2020 6:27:00 PM,2,0,0,36.150620,-86.749430,I 40,,,,0.00,,,,,,,211.65,N,Not at Intersection,N,Non-Junction,None,,,         ,Adam,Warren,Clear,Front to Rear,no,no,no,no,no,False
102664879,METROPOLITAN NASHVILLE POLICE DEPT,20200140916,Davidson,Nashville,2/27/2020 5:38:00 PM,2,1,0,36.041160,-86.776390,OLD HICKORY BLVD,,,,54.00,Feet,West,BRENTWOOD TRC,,,,0.00,N,Not at Intersection,N,Non-Junction,None,,,         ,FELIKS,ABRAHAMYAN,Clear,Front to Rear,no,no,no,no,no,False
102664882,METROPOLITAN NASHVILLE POLICE DEPT,20200140956,Davidson,Nashville,2/27/2020 12:00:00 AM,3,0,0,36.078850,-86.651320,OAK FOREST DR,,,,92.00,Feet,West,SPLIT OAK TRL,,,,0.00,N,Not at Intersection, ,Non-Junction,None,,,         ,Madison,Meiss,Clear,Front to Rear,no,no,no,no,no,False
102664896,METROPOLITAN NASHVILLE POLICE DEPT,20200141142,Davidson,Nashville,2/27/2020 5:58:00 PM,2,0,0,36.046600,-86.661470,I 24,,,,0.00,,,,,,,59.25,N,Not at Intersection,N,Non-Junction,None,,,         ,Edward,Starke,Clear,"Sideswipe, Same Direction",no,no,no,no,yes,False
102664899,METROPOLITAN NASHVILLE POLICE DEPT,20200141161,Davidson,Not in City Limit,2/27/2020 7:29:00 PM,2,1,0,36.262790,-86.704430,E OLD HICKORY BLVD,,,,0.00,,,DELAWARE AV,,,,0.00,Y,T-Intersection,N,Intersection,None,,,         ,Christopher,Littles,Clear,Front to Rear,no,no,no,no,no,False
102664906,METROPOLITAN NASHVILLE POLICE DEPT,20200141149,Davidson,Nashville,2/27/2020 7:24:00 PM,2,0,0,36.179910,-86.800460,I 65,,,,0.00,,,,,,,85.00,N,Not at Intersection, ,Non-Junction,None,,,         ,Gabriel,Vasquez,Clear,Front to Rear,no,no,no,no,no,False
102664909,METROPOLITAN NASHVILLE POLICE DEPT,20200141081,Davidson,Nashville,2/27/2020 6:39:00 PM,2,0,0,36.092870,-86.652270,MURFREESBORO PKE,,,,405.00,Feet,South,OLD MURFREESBORO PKE,,,,0.00,N,Not at Intersection, ,,None,,,         ,Phillip,Burke,,,no,no,no,no,no,False
102664910,METROPOLITAN NASHVILLE POLICE DEPT,20200140831,Davidson,Nashville,2/27/2020 4:25:00 PM,2,0,0,36.127150,-86.707700,THOMPSON PL,,,,137.00,Feet,West,PATRICIA DR,,,,0.00,N,Not at Intersection, ,Non-Junction,None,,,         ,Dontaveous,Eubanks,Clear,Front to Rear,no,no,no,no,no,False
102664911,METROPOLITAN NASHVILLE POLICE DEPT,20200141150,Davidson,Nashville,2/27/2020 7:01:00 PM,1,0,0,36.170800,-86.809890,21ST AVN,,,,95.00,Feet,South,HEIMAN ST,,,,0.00,N,Not at Intersection, ,Non-Junction,None,,,         ,Amery,Milligan,Clear,Not Collision with Motor Vehicle in Transport,no,no,no,no,no,False
102664916,METROPOLITAN NASHVILLE POLICE DEPT,20200140863,Davidson,Nashville,2/27/2020 5:10:00 PM,2,0,0,36.112750,-86.689030,MCGAVOCK PKE,,,,53.00,Feet,South,MURFREESBORO PKE,,,,0.00,N,Not at Intersection, ,Non-Junction,None,,,         ,Joel,Bennett,Clear,Unknown,no,no,no,no,no,False
102664917,METROPOLITAN NASHVILLE POLICE DEPT,20200141004,Davidson,Nashville,2/27/2020 6:15:00 PM,2,0,0,36.153830,-86.857500,BRILEY PKWY,,,,0.00,,,BRILEY PKWYN,,,,0.00,Y,Four-Way,N,Intersection-Related,None,,,         ,Hillary,Sherman,Clear,Front to Rear,no,no,no,no,no,False
102664920,METROPOLITAN NASHVILLE POLICE DEPT,20200140679,Davidson,Nashville,2/27/2020 3:19:00 PM,2,2,0,36.192830,-86.829880,CLARKSVILLE PKE,,,,305.00,Feet,West,CLIFF DR,,,,0.00,N,Not at Intersection,N,Non-Junction,None,,,         ,Melissa,Flores,Clear,HeadOn,no,no,no,no,no,False
102664931,GOODLETTSVILLE POLICE DEPT,20-07310,Davidson,Goodlettsville,2/27/2020 6:20:00 PM,2,0,0,36.311410,-86.683310,VIETNAM VETERANS BLVDN,,,,2586.00,Feet,East,VIETNAM VETERANS BLVD SB EXT R,,,,0.00,N,Not at Intersection,N,Non-Junction,None,,,         ,William,Hunter,Clear,Front to Rear,no,no,no,no,no,False
102664932,METROPOLITAN NASHVILLE POLICE DEPT,20200141215,Davidson,Nashville,2/27/2020 6:53:00 PM,2,0,0,36.137990,-86.775900,I 65,,,,0.00,,,,,,,81.65,N,Not at Intersection,N,Non-Junction,None,,,         ,FELIKS,ABRAHAMYAN,Clear,Front to Rear,no,no,no,no,yes,False
102664934,METROPOLITAN NASHVILLE POLICE DEPT,20200141273,Davidson,Nashville,2/27/2020 7:48:00 PM,2,0,0,36.197900,-86.620160,OLD HICKORY BLVD,,,,198.00,Feet,South,LEBANON PKE EB EXT RAMP,,,,0.00,N,Not at Intersection, ,,None,,,         ,Douglas,Mann,,,no,no,no,no,no,False
102664935,BERRY HILL POLICE DEPT,20-0827,Davidson,Berry Hill,2/27/2020 10:00:00 AM,2,0,0,36.116420,-86.767760,AZALEA PL,,,,0.00,,,,,,,0.00,,Not at Intersection, ,Non-Junction,None,,,         ,John,Gleixner,Clear,"Sideswipe, Same Direction",no,no,no,yes,yes,False
102664939,METROPOLITAN NASHVILLE POLICE DEPT,20200140973,Davidson,Nashville,2/27/2020 6:00:00 PM,2,1,0,36.073490,-86.637720,MURFREESBORO PKE,,,,452.00,Feet,South,RURAL HILL RD,,,,0.00,N,Not at Intersection,N,Non-Junction,None,,,         ,Corey,Reed,Clear,Front to Rear,no,no,no,no,no,False
102664960,BERRY HILL POLICE DEPT,20-0831,Davidson,Berry Hill,2/27/2020 3:35:00 PM,2,1,0,36.125790,-86.776940,FRANKLIN PKE,,,,151.00,Feet,South,CRAIGHEAD ST,,,,0.00,N,Not at Intersection,N,Non-Junction,None,,,         ,Roy,Morris,Clear,Front to Rear,no,no,no,no,yes,False
102664961,METROPOLITAN NASHVILLE POLICE DEPT,20200140897,Davidson,Nashville,2/27/2020 5:26:00 PM,3,0,0,36.152210,-86.787360,I40 E ENT RAMP,,,,0.00,,,I 40,,,,0.00,Y,OTHER, ,Entrance/Exit Ramp Related,None,,,         ,William,Hamblen,Clear,Front to Rear,no,no,no,no,no,False
102664962,METROPOLITAN NASHVILLE POLICE DEPT,20200140698,Davidson,Nashville,2/27/2020 3:20:00 PM,2,0,0,36.135490,-86.820980,I440 E ENT RAMP,,,,0.00,Feet,East,I 440,,,,0.00,N,Not at Intersection, ,Entrance/Exit Ramp Related,None,,,         ,Torian,Cox,Clear,"Sideswipe, Same Direction",no,no,no,no,no,False
102664988,METROPOLITAN NASHVILLE POLICE DEPT,20200141280,Davidson,Nashville,2/27/2020 8:27:00 PM,2,0,0,36.152590,-86.625070,STEWARTS FERRY PKE,,,,129.00,Feet,North,BELL RD,,,,0.00,N,Not at Intersection, ,,None,,,         ,Phillip,Burke,,,no,no,no,no,no,False
102665005,METROPOLITAN NASHVILLE POLICE DEPT,20200141398,Davidson,Nashville,2/27/2020 8:27:00 PM,2,0,0,36.136700,-86.795390,WEDGEWOOD AVE,,,,92.00,Feet,West,MAGNOLIA BLVD,,,,0.00,N,Not at Intersection, ,,None,,,         ,Zachary,Plese,,,no,no,no,no,no,False
102665043,METROPOLITAN NASHVILLE POLICE DEPT,20200141287,Davidson,Nashville,2/27/2020 8:14:00 PM,2,0,0,36.013520,-86.620670,OLD HICKORY BLVD,,,,30.00,Feet,North,I24 E EXT RAMP,,,,0.00,N,Not at Intersection, ,Non-Junction,None,,,         ,Joel,Bennett,Clear,"Sideswipe, Same Direction",no,no,no,no,no,False
102665094,METROPOLITAN NASHVILLE POLICE DEPT,20200141509,Davidson,Nashville,2/27/2020 7:50:00 PM,2,0,0,36.196600,-86.623810,BONNACROFT DR,,,,230.00,Feet,West,BONNASPRING DR,,,,0.00,N,Not at Intersection,N,Non-Junction,None,,,         ,Douglas,Mann,Clear,Rear to Side,no,no,no,no,yes,False
102665096,METROPOLITAN NASHVILLE POLICE DEPT,20200141522,Davidson,Nashville,2/27/2020 10:25:00 PM,1,0,0,36.195220,-86.724790,PORTER RD,,,,0.00,Feet,West,PORTER AV,,,,0.00,N,Not at Intersection,N,Non-Junction,None,,,         ,Michael,Griggs,Clear,Not Collision with Motor Vehicle in Transport,no,no,no,no,no,False
102665103,METROPOLITAN NASHVILLE POLICE DEPT,20200141534,Davidson,Nashville,2/27/2020 10:32:00 PM,2,1,0,36.171490,-86.802790,I 40,,,,0.00,,,,,,,207.70,N,Not at Intersection,N,Non-Junction,None,,,         ,Brenton,Adcox,Clear,Front to Rear,no,no,no,no,yes,False