master_record_number,agency,agency_tracking_number,county,city,collision_date,vehicles_involved,number_injured,number_dead,latitude,longitude,roadway_name,roadway_suffix,roadway_number,roadway_local_id,distance_from_reference,miles-feet_indicator,direction_from_reference,intersection_road_name,intersection_road_name_suffix,intersection_road_number,intersection_local_id,mile_marker,intersection_indicator,intersect_type,interchange_related_indicator,relation_to_junction,work_zone_type,construction_maintenance_zone,construction_maintenance_zone_location,fatal_case_number,officer_first_name,officer_last_name,weather_condition(s),manner_of_crash,pedestrian,bicycle,scooter,parking,hitrun,mou
102665104,METROPOLITAN NASHVILLE POLICE DEPT,20200141529,Davidson,Nashville,2/27/2020 10:37:00 PM,1,0,0,36.136030,-86.698680,BRILEY PKWYN,,,,0.00,,,CORPORATE DR,,,,0.00,Y,Four-Way,N,Intersection,None,,,         ,Samuel,Fredericks,Clear,Not Collision with Motor Vehicle in Transport,no,no,no,no,no,False
102665120,METROPOLITAN NASHVILLE POLICE DEPT,20200141597,Davidson,Nashville,2/27/2020 8:45:00 PM,2,0,0,36.208730,-86.787060,MONTICELLO ST,,,,227.00,Feet,North,US HWY 431,,,,0.00,N,Not at Intersection, ,Non-Junction,None,,,         ,Joseph,Gawlowski,Clear,Other,no,no,no,no,no,False
102665128,METROPOLITAN NASHVILLE POLICE DEPT,20200141571,Davidson,Nashville,2/27/2020 11:07:00 PM,2,0,0,36.102930,-86.714260,I 24,,,,0.00,,,,,,,54.35,N,Not at Intersection,N,Non-Junction,None,,,         ,Douglas,Meringer,Clear,"Sideswipe, Same Direction",no,no,no,no,yes,False
102665132,METROPOLITAN NASHVILLE POLICE DEPT,20200141783,Davidson,Nashville,2/28/2020 12:44:00 AM,2,0,0,36.153590,-86.785550,LAUREL ST,,,,0.00,,,12TH AVS,,,,0.00,Y,Four-Way,N,Intersection,None,,,         ,Sean,Weaver,Clear,Angle,no,no,no,no,no,False
102665134,METROPOLITAN NASHVILLE POLICE DEPT,20200141784,Davidson,Nashville,2/27/2020 11:43:00 PM,2,0,0,36.199190,-86.776150,I 65,,,,0.00,,,,,,,86.80,N,Not at Intersection,N,Non-Junction,None,,,         ,Cesar,Rocha,Clear,"Sideswipe, Same Direction",no,no,no,no,yes,False
102665137,METROPOLITAN NASHVILLE POLICE DEPT,20200141888,Davidson,Nashville,2/28/2020 1:30:00 AM,1,0,0,36.227410,-86.781810,BRICK CHURCH PIKE,,,,1165.00,Feet,North,EXIT 88B,,,,0.00,N,Not at Intersection,N,Non-Junction,None,,,         ,David,Crisman,Clear,Not Collision with Motor Vehicle in Transport,no,no,no,no,no,False
102665138,METROPOLITAN NASHVILLE POLICE DEPT,20200141868,Davidson,Nashville,2/28/2020 12:47:00 AM,2,0,0,36.185550,-86.766370,WILBURN ST,,,,495.00,Feet,West,LISCHEY AV,,,,0.00,N,Not at Intersection, ,Non-Junction,None,,,         ,Maryanne,Bartello,Clear,"Sideswipe, Same Direction",no,no,no,no,yes,False
102665151,METROPOLITAN NASHVILLE POLICE DEPT,20200141775,Davidson,Nashville,2/27/2020 11:53:00 PM,2,0,0,36.156740,-86.794080,CHURCH ST,,,,97.00,Feet,West,16TH AVN,,,,0.00,N,Not at Intersection,N,Non-Junction,None,,,         ,Taylor,Hurley,Clear,Angle,no,no,no,no,yes,False
102665153,METROPOLITAN NASHVILLE POLICE DEPT,20200141623,Davidson,Nashville,2/27/2020 11:39:00 PM,2,2,0,36.179650,-86.773920,I 24,,,,0.00,,,,,,,47.70,N,Not at Intersection,N,Non-Junction,None,,,         ,Edward,Holden,Clear,Front to Rear,no,no,no,no,no,False
102665155,METROPOLITAN NASHVILLE POLICE DEPT,20200141976,Davidson,Nashville,2/28/2020 2:19:00 AM,1,0,0,36.075070,-86.681710,ANTIOCH PKE,,,,692.00,Feet,South,RADER DR,,,,0.00,N,Not at Intersection,N,Non-Junction,None,,,         ,Holly,Davis,Clear,Not Collision with Motor Vehicle in Transport,no,no,no,no,yes,False
102665157,METROPOLITAN NASHVILLE POLICE DEPT,20200141813,Davidson,Antioch,2/28/2020 12:39:00 AM,1,0,0,36.012920,-86.610820,HEIL QUAKER BLVD,,,,39.00,Feet,East,FIRESTONE PKWY,,,,0.00,N,Not at Intersection, ,Non-Junction,None,,,         ,Austin,Binner,Clear,Not Collision with Motor Vehicle in Transport,no,no,no,no,no,False
102665168,METROPOLITAN NASHVILLE POLICE DEPT,20200142037,Davidson,Nashville,2/28/2020 1:54:00 AM,2,0,0,36.151210,-86.801810,21ST AVN,,,,99.00,Feet,South,HAYES ST,,,,0.00,N,Not at Intersection,N,Non-Junction,None,,,         ,Taylor,Hurley,Clear,Angle,no,no,no,yes,yes,Campus
102665201,METROPOLITAN NASHVILLE POLICE DEPT,20200142090,Davidson,Not in City Limit,2/28/2020 3:47:00 AM,1,0,0,36.305530,-86.860470,WHITES CREEK PKE,,,,2034.00,Feet,North,BEAR HOLLOW RD PVTDR,,,,0.00,N,Not at Intersection, ,Non-Junction,None,,,         ,Joshua,Asbell,Clear,Not Collision with Motor Vehicle in Transport,no,no,no,no,no,False
102665205,METROPOLITAN NASHVILLE POLICE DEPT,20200142047,Davidson,Not in City Limit,2/28/2020 12:15:00 AM,1,0,0,36.031690,-86.965980,UNION BRIDGE RD,,,,700.00,Feet,East,PASQUO RD,,,,0.00,N,Not at Intersection,N,OtherLocation,Construction Zone,Other,Unknown,         ,Candice,Soper,Clear,Not Collision with Motor Vehicle in Transport,no,no,no,yes,no,False
102665221,METROPOLITAN NASHVILLE POLICE DEPT,20200142223,Davidson,Nashville,2/28/2020 5:15:00 AM,1,0,0,36.161940,-86.783820,ROSA L PARKS AV,,,,0.00,,,,,,,0.00,,,N,Non-Junction,None,,,         ,William,Erickson,Rain,Not Collision with Motor Vehicle in Transport,no,no,no,yes,no,False
102665227,METROPOLITAN NASHVILLE POLICE DEPT,20200142279,Davidson,Nashville,2/28/2020 6:20:00 AM,1,0,0,36.061010,-86.674900,ANTIOCH PKE,,,,403.00,Feet,West,MILL CREEK BLUE HOLE GRNWY,,,,0.00,N,Not at Intersection, ,Non-Junction,None,,,         ,Douglas,Meringer,Rain,Not Collision with Motor Vehicle in Transport,no,no,no,no,no,False
102665240,METROPOLITAN NASHVILLE POLICE DEPT,20200142233,Davidson,Nashville,2/28/2020 5:40:00 AM,2,0,0,36.206610,-86.777900,US HWY 431,,,,0.00,,,BRICK CHURCH PIKE,,,,0.00,Y,Four-Way,N,Intersection,None,,,         ,David,Crisman,Rain,Front to Rear,no,no,no,no,no,False
102665256,METROPOLITAN NASHVILLE POLICE DEPT,20200142270,Davidson,Nashville,2/28/2020 6:16:00 AM,2,1,0,36.067790,-86.639150,RICE RD,,,,387.00,Feet,South,RICE HILL CT,,,,0.00,N,Not at Intersection,N,Non-Junction,None,,,         ,Kaleigh,Pearce,Rain,Other,no,no,no,no,no,False
102665261,METROPOLITAN NASHVILLE POLICE DEPT,20200142292,Davidson,Nashville,2/28/2020 6:27:00 AM,2,1,0,36.193280,-86.623470,LEBANON PKE,,,,181.00,Feet,North,JUAREZ DR,,,,0.00,N,Not at Intersection,N,"Driveway, Alley Access, etc",None,,,         ,Michael,Dance,Rain,Angle,no,no,no,no,no,False
102665278,Metro Park Police,2020-0140533,Davidson,Nashville,2/27/2020 2:29:00 PM,2,0,0,36.151550,-86.811980,CENTENNIAL PARK PVTDR,,,,296.00,Feet,West,25TH AVN,,,,0.00,N,Not at Intersection, ,Non-Junction,None,,,         ,Elgrine,"Kirby, Jr.",Clear,Rear to Side,no,no,no,no,no,False
102665282,METROPOLITAN NASHVILLE POLICE DEPT,20200142323,Davidson,Nashville,2/28/2020 6:13:00 AM,2,0,0,36.083090,-86.688820,ANTIOCH PKE,,,,147.00,Feet,South,EZELL PKE,,,,0.00,N,Not at Intersection,N,Non-Junction,None,,,         ,Patrick,Martin,Rain,Front to Rear,no,no,no,no,no,False
102665309,METROPOLITAN NASHVILLE POLICE DEPT,20200140371,Davidson,Nashville,2/27/2020 12:53:00 PM,2,0,0,36.163950,-86.778360,PRINTERS ALY,,,,0.00,,,CHURCH ST,,,,0.00,Y,Four-Way, ,,None,,,         ,Jordan,Shaffer,,,no,no,no,no,no,False
102665328,METROPOLITAN NASHVILLE POLICE DEPT,20200142480,Davidson,Nashville,2/28/2020 8:09:00 AM,2,0,0,36.152750,-86.822820,I 440,,,,0.00,,,,,,,0.65,N,Not at Intersection, ,Non-Junction,Construction Zone,,,         ,Curtis,Rich,Cloudy,Not Collision with Motor Vehicle in Transport,yes,no,no,no,no,False
102665339,METROPOLITAN NASHVILLE POLICE DEPT,20200142459,Davidson,Nashville,2/28/2020 7:55:00 AM,2,0,0,36.172010,-86.794530,10TH AVN,,,,171.00,Feet,South,JEFFERSON ST,,,,0.00,N,Not at Intersection,N,Non-Junction,None,,,         ,Garren,Hoskins,Rain,Angle,no,no,no,no,yes,False
102665344,METROPOLITAN NASHVILLE POLICE DEPT,20200142426,Davidson,Nashville,2/28/2020 8:36:00 AM,2,0,0,36.109180,-86.744300,NOLENSVILLE PKE,,,,229.00,Feet,South,COLLIER AV,,,,0.00,N,Not at Intersection, ,Non-Junction,None,,,         ,Robert,Higgins,Rain,Angle,no,no,no,no,no,False
102665345,METROPOLITAN NASHVILLE POLICE DEPT,20200142525,Davidson,Nashville,2/28/2020 8:20:00 AM,2,0,0,36.106620,-86.767990,I 65,,,,0.00,,,,,,,79.50,N,Not at Intersection, ,,None,,,         ,Jackson,Smythe,,,no,no,no,no,no,False
102665353,METROPOLITAN NASHVILLE POLICE DEPT,20200142376,Davidson,Antioch,2/28/2020 12:00:00 AM,2,0,0,36.047840,-86.612050,MURFREESBORO PKE,,,,1284.00,Feet,North,MOUNTAIN SPRINGS RD,,,,0.00,N,Not at Intersection, ,Non-Junction,None,,,         ,John,Braun,Rain,Front to Rear,no,no,no,no,no,False
102665359,METROPOLITAN NASHVILLE POLICE DEPT,20200142526,Davidson,Nashville,2/28/2020 8:15:00 AM,2,0,0,36.047300,-86.862740,OLD HICKORY BLVD,,,,0.00,Feet,,HILLSBORO PKE,,,,0.00,Y,Four-Way,N,Intersection-Related,None,,,         ,Alexis,Pond,Rain,Front to Rear,no,no,no,no,yes,False
102665363,METROPOLITAN NASHVILLE POLICE DEPT,2020 0142450,Davidson,Nashville,2/28/2020 7:50:00 AM,2,0,0,36.121150,-86.807620,US HWY 431,,,,165.00,Feet,South,SHARON HILL CIR,,,,0.00,N,Not at Intersection, ,Non-Junction,None,,,         ,Paul,Junkmann,Cloudy,Front to Rear,no,no,no,no,no,False
102665371,METROPOLITAN NASHVILLE POLICE DEPT,20200142570,Davidson,Not in City Limit,2/28/2020 8:00:00 AM,2,0,0,36.044070,-86.956350,HIGHWAY 100,,,,146.00,Feet,South,OLD HARDING PKE,,,,0.00,N,Not at Intersection,N,Non-Junction,None,,,         ,Curtis,Rich,Cloudy,Angle,no,no,no,yes,no,False
102665373,METROPOLITAN NASHVILLE POLICE DEPT,20200142409,Davidson,Nashville,2/28/2020 7:37:00 AM,2,0,0,36.201230,-86.617760,LEBANON PKE,,,,0.00,,,TYLER DR,,,,0.00,Y,T-Intersection, ,Intersection,None,,,         ,Michael,Dance,Rain,Front to Rear,no,no,no,no,no,False
102665381,METROPOLITAN NASHVILLE POLICE DEPT,20200142460,Davidson,Nashville,2/28/2020 7:58:00 AM,2,1,0,36.085550,-86.647960,MURFREESBORO PKE,,,,540.00,Feet,South,UNA ANTIOCH PKE,,,,0.00,N,Not at Intersection,N,Non-Junction,None,,,         ,Lee,Davis,Rain,Angle,no,no,no,no,no,False
102665383,METROPOLITAN NASHVILLE POLICE DEPT,20200142311,Davidson,Nashville,2/28/2020 6:49:00 AM,2,0,0,36.048470,-86.724730,HUNTINGTON RIDGE PVTDR,,,,74.00,Feet,South,AMALIE DR,,,,0.00,N,Not at Intersection,N,Non-Junction,None,,,         ,Nathan,Kemp,Clear,"Sideswipe, Opposite Direction",no,no,no,no,no,False
102665384,METROPOLITAN NASHVILLE POLICE DEPT,20200142411,Davidson,Nashville,2/28/2020 7:39:00 AM,2,0,0,36.147470,-86.792390,MUSIC SQE,,,,209.00,Feet,South,SOUTH ST,,,,0.00,N,Not at Intersection, ,Non-Junction,None,,,         ,Nathan,Kemp,Clear,"Sideswipe, Same Direction",no,no,no,no,no,False
102665385,METROPOLITAN NASHVILLE POLICE DEPT,20200142529,Davidson,Nashville,2/28/2020 8:25:00 AM,2,0,0,36.134250,-86.775380,WEDGEWOOD AV,,,,192.00,Feet,West,I65 N ENT RAMP,,,,0.00,N,Not at Intersection,N,Non-Junction,None,,,         ,Nathan,Kemp,Clear,"Sideswipe, Same Direction",no,no,no,no,yes,False
102665386,METROPOLITAN NASHVILLE POLICE DEPT,20200142556,Davidson,Nashville,2/28/2020 8:52:00 AM,3,0,0,36.115810,-86.782850,I 440,,,,0.00,,,,,,,4.40,N,Not at Intersection,N,Non-Junction,None,,,         ,Nathan,Kemp,Clear,Front to Rear,no,no,no,no,no,False
102665387,METROPOLITAN NASHVILLE POLICE DEPT,20200142536,Davidson,Nashville,2/28/2020 8:39:00 AM,2,1,0,36.165600,-86.688250,BRILEY PKWYN,,,,117.00,Feet,East,BRILEY PKWYS,,,,0.00,N,Not at Intersection,N,Non-Junction,None,,,         ,Patrick,Martin,Rain,Front to Rear,no,no,no,no,no,False
102665388,METROPOLITAN NASHVILLE POLICE DEPT,20200142636,Davidson,Nashville,2/28/2020 9:37:00 AM,2,0,0,36.110690,-86.770670,I440 ENT RAMP,,,,0.00,,,I 65,,,,0.00,Y,Y-Intersection, ,,None,,,         ,Jackson,Smythe,,,no,no,no,no,no,False
102665391,METROPOLITAN NASHVILLE POLICE DEPT,20200142575,Davidson,Nashville,2/28/2020 8:50:00 AM,2,0,0,36.044800,-86.661970,BELL RD,,,,130.00,Feet,West,CANE RIDGE RD,,,,0.00,N,Not at Intersection, ,Non-Junction,None,,,         ,Matthew,Swindell,Cloudy,Front to Rear,no,no,no,no,no,False
102665393,METROPOLITAN NASHVILLE POLICE DEPT,20200142467,Davidson,Nashville,2/28/2020 7:56:00 AM,2,0,0,36.067410,-86.631250,MURFREESBORO PKE,,,,0.00,,,FOREST VIEW DR,,,,0.00,Y,Four-Way,Y,Intersection-Related,None,,,         ,Nopel,Stella,Rain,Angle,no,no,no,no,no,False
102665396,METROPOLITAN NASHVILLE POLICE DEPT,20200142557,Davidson,Nashville,2/28/2020 8:52:00 AM,2,0,0,36.239640,-86.780750,BRILEY PKWY W EXT RAMP,,,,15.00,Feet,East,BRICK CHURCH PKE,,,,0.00,N,Not at Intersection, ,Non-Junction,None,,,         ,Ian,Wilson,Rain,"Sideswipe, Same Direction",no,no,no,no,no,False
102665397,METROPOLITAN NASHVILLE POLICE DEPT,20200142541,Davidson,Nashville,2/28/2020 8:30:00 AM,2,0,0,36.162420,-86.759310,CRUTCHER ST,,,,1.00,Feet,West,S 5TH ST,,,,0.00,N,Not at Intersection,N,Non-Junction,None,,,         ,Joshua,Goepper,Rain,Angle,no,no,no,no,no,False
102665401,METROPOLITAN NASHVILLE POLICE DEPT,20200142496,Davidson,Nashville,2/28/2020 8:17:00 AM,3,1,0,36.173260,-86.648470,LEBANON PKE,,,,384.00,Feet,East,DISSPAYNE DR,,,,0.00,N,Not at Intersection,N,Non-Junction,None,,,         ,Michael,Dance,Cloudy,Front to Rear,no,no,no,no,no,False
102665402,METROPOLITAN NASHVILLE POLICE DEPT,20200142301,Davidson,Nashville,2/28/2020 6:30:00 AM,2,0,0,36.174800,-86.774270,N 1ST ST,,,,145.00,Feet,North,OLDHAM ST,,,,0.00,N,Not at Intersection, ,,None,,,         ,Kimberly,Forsyth,,,no,no,no,no,no,False
102665416,METROPOLITAN NASHVILLE POLICE DEPT,20200142542,Davidson,Nashville,2/28/2020 8:36:00 AM,2,0,0,36.140890,-86.718340,I 40,,,,0.00,,,,,,,213.75,N,Not at Intersection, ,Non-Junction,None,,,         ,Michael,Dance,Cloudy,Front to Rear,no,no,no,no,no,False
102665418,METROPOLITAN NASHVILLE POLICE DEPT,20200142626,Davidson,Not in City Limit,2/28/2020 9:09:00 AM,1,0,0,36.022910,-86.644040,CANE RIDGE RD,,,,0.00,,,BLAIRFIELD DR,,,,0.00,Y,T-Intersection, ,,None,,,         ,Steven,Williams,,,no,no,no,no,no,False
102665420,METROPOLITAN NASHVILLE POLICE DEPT,20200142654,Davidson,Nashville,2/27/2020 12:00:00 AM,2,0,0,36.166410,-86.744610,ELECTRIC AV,,,,257.00,Feet,West,S 15TH ST,,,,0.00,N,Not at Intersection,N,Non-Junction,None,,,         ,Parker,Vegas,Unknown,Unknown,no,no,no,no,yes,False
102665421,METROPOLITAN NASHVILLE POLICE DEPT,20200142560,Davidson,Nashville,2/28/2020 8:53:00 AM,3,0,0,36.213990,-86.748440,ELLINGTON PKWYS,,,,406.00,Feet,South,ELLINGTON PKWYN,,,,0.00,N,Not at Intersection,N,Non-Junction,None,,,         ,Torrance,Bennett,Cloudy,Front to Rear,no,no,no,no,no,False
102665422,METROPOLITAN NASHVILLE POLICE DEPT,20200142581,Davidson,Nashville,2/28/2020 9:00:00 AM,2,0,0,36.039000,-86.782520,I 65,,,,0.00,,,,,,,74.60,N,Not at Intersection,N,Non-Junction,None,,,         ,Gregory,Scott,Rain,"Sideswipe, Same Direction",no,no,no,no,yes,False
102665427,METROPOLITAN NASHVILLE POLICE DEPT,20200142649,Davidson,Nashville,2/28/2020 9:41:00 AM,2,1,0,36.157090,-86.760390,I40 E ENT RAMP,,,,0.00,Feet,East,I 24,,,,0.00,N,Not at Intersection,Y,Non-Junction,None,,,         ,Mathew,Clement,Cloudy,Front to Rear,no,no,no,no,no,False
102665429,METROPOLITAN NASHVILLE POLICE DEPT,20200142548,Davidson,Nashville,2/28/2020 8:45:00 AM,3,0,0,36.117690,-86.773540,I 65,,,,0.00,,,,,,,80.30,N,Not at Intersection, ,Non-Junction,None,,,         ,John,Roberson,Cloudy,Front to Rear,no,no,no,no,no,False
102665454,METROPOLITAN NASHVILLE POLICE DEPT,20200142693,Davidson,Nashville,2/28/2020 9:55:00 AM,2,0,0,36.142800,-86.744360,FESSLERS LN,,,,0.00,,,MURFREESBORO PKE,,,,0.00,Y,Four-Way, ,Intersection,None,,,         ,Patrick,Martin,Cloudy,"Sideswipe, Same Direction",no,no,no,no,no,False
102665455,METROPOLITAN NASHVILLE POLICE DEPT,20200142757,Davidson,Nashville,2/28/2020 10:57:00 AM,2,0,0,36.178140,-86.763910,ELLINGTON PKWYS,,,,0.00,,,SPRING ST ENT RAMP,,,,0.00,Y,OTHER, ,Non-Junction,None,,,         ,Megan,Lamon,Clear,Front to Rear,no,no,no,no,yes,False
102665456,METROPOLITAN NASHVILLE POLICE DEPT,20200142405,Davidson,Nashville,2/28/2020 7:38:00 AM,2,0,0,36.152270,-86.840910,45TH AVN,,,,12.00,Feet,North,CHARLOTTE AV,,,,0.00,N,Not at Intersection,N,Non-Junction,None,,,         ,Brandon,O'Guin,Cloudy,Angle,no,no,no,no,no,False
102665479,METROPOLITAN NASHVILLE POLICE DEPT,20200142582,Davidson,Not in City Limit,2/28/2020 9:04:00 AM,2,0,0,36.056870,-86.972640,POPLAR CREEK RD,,,,0.00,,,RIVER PARK DR,,,,0.00,Y,T-Intersection,N,Intersection,None,,,         ,Phillip,Murphy,Rain,Angle,no,no,no,no,no,False
102665481,METROPOLITAN NASHVILLE POLICE DEPT,20200142664,Davidson,Nashville,2/28/2020 7:45:00 AM,2,0,0,36.191150,-86.798030,VANTAGE WAY,,,,149.00,Feet,West,RAMP,,,,0.00,N,Not at Intersection,N,Non-Junction,None,,,         ,Keith,Parlato,Clear,Angle,no,no,no,no,no,False
102665482,METROPOLITAN NASHVILLE POLICE DEPT,20200142813,Davidson,Nashville,2/28/2020 11:32:00 AM,2,0,0,36.166860,-86.756470,S 7TH ST,,,,0.00,,,CAYCE PLACE PVTDR,,,,0.00,Y,T-Intersection, ,Intersection-Related,None,,,         ,Ky,Luu,Cloudy,Angle,no,no,no,no,no,False
102665484,METROPOLITAN NASHVILLE POLICE DEPT,20200142598,Davidson,Nashville,2/28/2020 9:20:00 AM,2,0,0,36.160760,-86.793690,CHARLOTTE AV,,,,0.00,,,14TH AVN,,,,0.00,Y,Four-Way,N,Intersection,None,,,         ,Kelly,Turcios,Cloudy,Angle,no,no,no,no,no,False
102665490,METROPOLITAN NASHVILLE POLICE DEPT,20200142579,Davidson,Nashville,2/27/2020 12:00:00 AM,2,0,0,36.185530,-86.764670,LISCHEY AV,,,,44.00,Feet,North,WILBURN ST,,,,0.00,N,Not at Intersection,N,Non-Junction,None,,,         ,Mandi,Maska,Clear,Front to Rear,no,no,no,no,yes,False
102665495,METROPOLITAN NASHVILLE POLICE DEPT,20200142535,Davidson,Nashville,2/28/2020 8:40:00 AM,2,0,0,36.130900,-86.897700,I40 E EXT RAMP,,,,0.00,Feet,East,I 40,,,,0.00,N,Not at Intersection, ,Entrance/Exit Ramp Related,None,,,         ,Regina,Lewis,Rain,Front to Rear,no,no,no,no,no,False
102665498,METROPOLITAN NASHVILLE POLICE DEPT,20200142665,Davidson,Nashville,2/28/2020 10:05:00 AM,2,0,0,36.144620,-86.749840,MURFREESBORO PKE,,,,0.00,,,ELM HILL PKE,,,,0.00,Y,T-Intersection, ,Intersection,None,,,         ,Patrick,Lancaster,Cloudy,"Sideswipe, Same Direction",no,no,no,no,no,False
102665508,METROPOLITAN NASHVILLE POLICE DEPT,2020-0142668,Davidson,Nashville,2/28/2020 8:37:00 AM,2,0,0,36.150650,-86.767850,LAFAYETTE ST,,,,32.00,Feet,East,2ND AVS,,,,0.00,N,Not at Intersection, ,Non-Junction,None,,,         ,Harold,Wells,Rain,Angle,no,no,no,no,no,False
102665516,METROPOLITAN NASHVILLE POLICE DEPT,20200142586,Davidson,Nashville,2/28/2020 12:00:00 AM,2,1,0,36.119660,-86.808710,STOKES LN,,,,0.00,,,US HWY 431,,,,0.00,Y,T-Intersection,N,Non-Junction,None,,,         ,Joel,Cottrill,Cloudy,Front to Rear,no,no,no,no,no,False
102665526,METROPOLITAN NASHVILLE POLICE DEPT,20200142859,Davidson,Nashville,2/28/2020 12:02:00 PM,2,0,0,36.154740,-86.760160,I 40,,,,0.00,,,,,,,211.00,N,Not at Intersection, ,Non-Junction,None,,,         ,Michael,Dance,Clear,Front to Rear,no,no,no,no,no,False
102665528,METROPOLITAN NASHVILLE POLICE DEPT,20200142453,Davidson,Nashville,2/28/2020 7:56:00 AM,2,0,0,36.234200,-86.720300,BRILEY PKWY E ENT RAMP,,,,0.00,,,BRILEY PKWYE,,,,0.00,Y,Y-Intersection,N,Entrance/Exit Ramp Related,None,,,         ,Doyle,Price,Rain,Front to Rear,no,no,no,no,no,False
102665561,METROPOLITAN NASHVILLE POLICE DEPT,20200142718,Davidson,Nashville,2/28/2020 10:31:00 AM,3,0,0,36.145500,-86.743990,FESSLERS LN,,,,307.00,Feet,North,ELM HILL PKE,,,,0.00,N,Not at Intersection,N,Non-Junction,None,,,         ,Larry,Benz,Clear,Front to Rear,no,no,no,no,no,False
102665562,METROPOLITAN NASHVILLE POLICE DEPT,20200142753,Davidson,Nashville,2/28/2020 11:35:00 AM,2,1,0,36.130830,-86.836190,WEST END AV,,,,181.00,Feet,West,MOCKINGBIRD RD,,,,0.00,N,Not at Intersection,N,Non-Junction,None,,,         ,Curtis,Rich,Cloudy,Front to Rear,no,no,no,no,no,False
102665583,METROPOLITAN NASHVILLE POLICE DEPT,20200142831,Davidson,Nashville,2/28/2020 8:47:00 AM,2,0,0,36.188050,-86.797890,DOMINICAN DR,,,,181.00,Feet,East,ROSA L PARKS BLVD,,,,0.00,N,Not at Intersection,N,Non-Junction,None,,,         ,Tyler,Adcock,Clear,Angle,no,no,no,no,no,False
102665584,METROPOLITAN NASHVILLE POLICE DEPT,20200142909,Davidson,Nashville,2/28/2020 12:30:00 PM,1,1,0,36.155800,-86.780140,CLARK PL,,,,0.00,,,8TH AVS,,,,0.00,Y,T-Intersection,N,Intersection,None,,,         ,Joshua,Reece,Clear,Unknown,yes,no,no,no,yes,False
102665594,METROPOLITAN NASHVILLE POLICE DEPT,20200142896,Davidson,Nashville,2/28/2020 12:19:00 PM,2,0,0,36.144510,-86.776910,I 65,,,,0.00,,,,,,,82.10,N,Not at Intersection, ,Non-Junction,None,,,         ,Michelle,Norris,Cloudy,Rear to Side,no,no,no,no,no,False
102665595,GOODLETTSVILLE POLICE DEPT,20-07395,Davidson,Goodlettsville,2/28/2020 12:48:00 PM,2,0,0,36.333200,-86.709510,I 65,,,,0.00,,,,,,,97.60,N,Not at Intersection, ,Non-Junction,None,,,         ,George,Forbes,Clear,Front to Rear,no,no,no,no,no,False
102665598,METROPOLITAN NASHVILLE POLICE DEPT,20200142688,Davidson,Nashville,2/28/2020 10:21:00 AM,2,1,1,36.187090,-86.795490,I65 S EXT RAMP,,,,0.00,,,I 65,,,,0.00,Y,OTHER,N,Entrance/Exit Ramp Related,None,,,20-0230  ,Donald,Davidson,Clear,"Sideswipe, Same Direction",no,no,no,no,no,False
102665599,METROPOLITAN NASHVILLE POLICE DEPT,20200142580,Davidson,Not in City Limit,2/28/2020 12:00:00 AM,2,0,0,36.315970,-86.833940,I 24,,,,0.00,,,,,,,37.10,N,Not at Intersection,N,Non-Junction,None,,,         ,Jedidayah,Merriweather,Cloudy,"Sideswipe, Same Direction",no,no,no,no,yes,False
102665600,METROPOLITAN NASHVILLE POLICE DEPT,20200142508,Davidson,Not in City Limit,2/28/2020 7:38:00 AM,2,0,0,36.316030,-86.834010,I 24,,,,0.00,,,,,,,37.10,N,Not at Intersection,N,Non-Junction,None,,,         ,Jedidayah,Merriweather,Cloudy,Front to Rear,no,no,no,no,no,False
102665614,METROPOLITAN NASHVILLE POLICE DEPT,20200143007,Davidson,Nashville,2/28/2020 1:27:00 PM,2,0,0,36.045100,-86.671490,BELL RD,,,,324.00,Feet,West,HICKORY PARK DR,,,,0.00,N,Not at Intersection,N,Non-Junction,None,,,         ,Patrick,Martin,Clear,Front to Rear,no,no,no,no,no,False
102665651,METROPOLITAN NASHVILLE POLICE DEPT,20200143068,Davidson,Nashville,2/28/2020 2:01:00 PM,2,0,0,36.149230,-86.783320,I 40,,,,0.00,,,,,,,209.65,N,Not at Intersection, ,Non-Junction,None,,,         ,Nathan,Kemp,Clear,Front to Rear,no,no,no,no,no,False
102665653,METROPOLITAN NASHVILLE POLICE DEPT,20200142980,Davidson,Nashville,2/28/2020 12:21:00 PM,2,1,0,36.128150,-86.842750,US HWY 70S,,,,392.00,Feet,East,BOSLEY SPRINGS RD,,,,0.00,N,Not at Intersection,N,Non-Junction,None,,,         ,Brandon,O'Guin,Clear,Front to Rear,no,no,no,no,no,False
102665657,METROPOLITAN NASHVILLE POLICE DEPT,20200142729,Davidson,Nashville,2/28/2020 10:45:00 AM,4,1,0,36.156410,-86.780540,8TH AVS,,,,175.00,Feet,South,DEMONBREUN ST,,,,0.00,N,Not at Intersection,N,Non-Junction,None,,,         ,David,Hazzard,Cloudy,Front to Rear,no,no,no,no,no,False
102665658,METROPOLITAN NASHVILLE POLICE DEPT,20200142997,Davidson,Not in City Limit,2/28/2020 9:45:00 AM,1,0,0,36.277750,-86.951380,HIGDON RD,,,,2057.00,Feet,West,VALLEY VIEW RD,,,,0.00,N,Not at Intersection,N,Non-Junction,None,,,         ,Jedidayah,Merriweather,Cloudy,Not Collision with Motor Vehicle in Transport,no,no,no,no,no,False