master_record_number,agency,agency_tracking_number,county,city,collision_date,vehicles_involved,number_injured,number_dead,latitude,longitude,roadway_name,roadway_suffix,roadway_number,roadway_local_id,distance_from_reference,miles-feet_indicator,direction_from_reference,intersection_road_name,intersection_road_name_suffix,intersection_road_number,intersection_local_id,mile_marker,intersection_indicator,intersect_type,interchange_related_indicator,relation_to_junction,work_zone_type,construction_maintenance_zone,construction_maintenance_zone_location,fatal_case_number,officer_first_name,officer_last_name,weather_condition(s),manner_of_crash,pedestrian,bicycle,scooter,parking,hitrun,mou
102666926,METROPOLITAN NASHVILLE POLICE DEPT,20200145959,Davidson,Nashville,2/29/2020 6:42:00 PM,2,1,0,36.080140,-86.744830,BINKLEY DR,,,,0.00,,,DANBY DR,,,,0.00,Y,Four-Way,N,Intersection,None,,,         ,Samuel,Sundra,Clear,Angle,no,no,no,no,no,False
102666935,METROPOLITAN NASHVILLE POLICE DEPT,20200145811,Davidson,Nashville,2/29/2020 5:45:00 PM,2,1,0,36.121300,-86.727010,I 24,,,,0.00,,,,,,,52.80,N,Not at Intersection,N,Non-Junction,None,,,         ,Timothy,Ward,Clear,Front to Rear,no,no,no,no,no,False
102666936,METROPOLITAN NASHVILLE POLICE DEPT,20200145494,Davidson,Madison,2/29/2020 2:45:00 PM,2,0,0,36.264810,-86.712780,OLD TIME VILLAGE PVTDR,,,,0.00,Feet,East,GALLATIN PKEN,,,,0.00,N,Not at Intersection,N,Non-Junction,None,,,         ,Arthur,Hipp,Clear,Unknown,no,no,no,yes,yes,False
102666945,METROPOLITAN NASHVILLE POLICE DEPT,20200145954,Davidson,Nashville,2/29/2020 7:15:00 PM,2,0,0,36.245820,-86.776580,CHESAPEAKE CIR,,,,27.00,Feet,South,CHESAPEAKE DR,,,,0.00,N,Not at Intersection, ,,None,,,         ,Jarret,Sonnenberg,,,no,no,no,no,no,False
102666955,METROPOLITAN NASHVILLE POLICE DEPT,20200145860,Davidson,Nashville,2/29/2020 6:28:00 PM,2,2,0,36.182780,-86.799100,I 65,,,,0.00,,,,,,,85.20,N,Not at Intersection,N,Non-Junction,None,,,         ,Jacob,Krispin,Clear,Front to Rear,no,no,no,no,no,False
102666968,METROPOLITAN NASHVILLE POLICE DEPT,20200146003,Davidson,Nashville,2/28/2020 12:00:00 AM,1,0,0,36.081430,-86.759570,HARDING PL,,,,377.00,Feet,West,TROUSDALE DR,,,,0.00,N,Not at Intersection,N,Non-Junction,None,,,         ,Michael,Spencer,Rain,Not Collision with Motor Vehicle in Transport,no,no,no,no,no,False
102666969,METROPOLITAN NASHVILLE POLICE DEPT,20200146020,Davidson,Nashville,2/29/2020 7:30:00 PM,2,1,0,36.079600,-86.726320,NOLENSVILLE PKE,,,,0.00,,,HARDING PL,,,,0.00,Y,Four-Way,Y,Intersection-Related,None,,,         ,Timothy,Ward,Clear,Front to Rear,no,no,no,no,no,False
102666971,METROPOLITAN NASHVILLE POLICE DEPT,20200145900,Davidson,Nashville,2/29/2020 6:47:00 PM,1,1,0,36.215920,-86.775310,I 65,,,,0.00,,,,,,,88.00,N,Not at Intersection,N,Non-Junction,None,,,         ,Trevor,Jones,Clear,Not Collision with Motor Vehicle in Transport,no,no,no,no,no,False
102666972,METROPOLITAN NASHVILLE POLICE DEPT,20200145930,Davidson,Nashville,2/29/2020 7:07:00 PM,3,1,0,36.199360,-86.688580,BRILEY PKWY S EXT RAMP,,,,0.00,,,BRILEY PKWYS,,,,0.00,Y,OTHER,N,Non-Junction,None,,,         ,Peter,Kinsey,Clear,Front to Rear,no,no,no,no,no,False
102666974,METROPOLITAN NASHVILLE POLICE DEPT,20200145949,Davidson,Nashville,2/29/2020 6:47:00 PM,1,0,0,36.215520,-86.775350,I 65,,,,0.00,,,,,,,88.00,N,Not at Intersection,N,Non-Junction,None,,,         ,Jeremy,Spoonemore,Clear,Not Collision with Motor Vehicle in Transport,no,no,no,no,no,False
102666983,METROPOLITAN NASHVILLE POLICE DEPT,20200146021,Davidson,Not in City Limit,2/29/2020 7:46:00 PM,1,0,0,36.021290,-86.628000,I 24,,,,0.00,,,,,,,61.95,N,Not at Intersection, ,Non-Junction,None,,,         ,Robert,Erickson,Clear,Not Collision with Motor Vehicle in Transport,no,no,no,no,no,False
102666984,METROPOLITAN NASHVILLE POLICE DEPT,20200145936,Davidson,Nashville,2/29/2020 12:00:00 AM,2,0,0,36.069210,-86.674260,ARTELIA DR,,,,172.00,Feet,South,AEOLIA DR,,,,0.00,N,Not at Intersection,N,Non-Junction,None,,,         ,Molly,Page,Clear,Angle,no,no,no,no,yes,False
102667007,METROPOLITAN NASHVILLE POLICE DEPT,20200145739,Davidson,Nashville,2/29/2020 5:10:00 PM,2,0,0,36.089070,-86.649980,US HWY 41,,,,0.00,,,RANSOM PL,,,,0.00,Y,Four-Way,N,Intersection-Related,None,,,         ,Michael,Fox,Clear,Front to Rear,no,no,no,no,no,False
102667017,METROPOLITAN NASHVILLE POLICE DEPT,20200145867,Davidson,Not in City Limit,2/29/2020 6:30:00 PM,2,1,0,36.260070,-86.712980,GALLATIN PKES,,,,445.00,Feet,South,MAPLE ST,,,,0.00,N,Not at Intersection, ,Non-Junction,None,,,         ,Marcus,Mitchell,Clear,Front to Rear,no,no,no,no,no,False
102667018,GOODLETTSVILLE POLICE DEPT,20-07592,Davidson,Goodlettsville,2/29/2020 6:50:00 PM,2,0,0,36.318300,-86.700530,CONFERENCE DR,,,,0.00,,,NORTHCREEK BLVD,,,,0.00,Y,Four-Way,N,Intersection,None,,,         ,Kenneth,Parks,Clear,Angle,no,no,no,no,yes,False
102667022,METROPOLITAN NASHVILLE POLICE DEPT,20200145941,Davidson,Madison,2/29/2020 6:30:00 PM,2,1,0,36.296300,-86.698700,MYATT DR,,,,134.00,Feet,North,RIVERGATE STATION PVTDR,,,,0.00,N,Not at Intersection,N,Non-Junction,None,,,         ,Dylan,Bradley,Clear,Angle,no,no,no,no,no,False
102667031,METROPOLITAN NASHVILLE POLICE DEPT,20200145161,Davidson,Nashville,2/29/2020 10:23:00 AM,1,1,0,36.093640,-86.736380,NOLENSVILLE PKE,,,,84.00,Feet,North,NATCHEZ CT,,,,0.00,N,Not at Intersection,N,Non-Junction,None,,,         ,Nopel,Stella,Clear,Not Collision with Motor Vehicle in Transport,no,no,no,no,no,False
102667040,METROPOLITAN NASHVILLE POLICE DEPT,20200145986,Davidson,Nashville,2/29/2020 7:40:00 PM,2,0,0,36.110340,-86.811440,HILLSBORO PKE,,,,318.00,Feet,South,GRAYBAR LN,,,,0.00,N,Not at Intersection, ,Non-Junction,None,,,         ,Ryan,Sherry,Clear,"Sideswipe, Same Direction",no,no,no,no,no,False
102667042,METROPOLITAN NASHVILLE POLICE DEPT,20200146167,Davidson,Not in City Limit,2/29/2020 7:55:00 PM,2,0,0,36.260220,-86.712920,GALLATIN PKES,,,,54.00,Feet,South,HICKORY ST,,,,0.00,N,Not at Intersection,Y,Non-Junction,None,,,         ,Marcus,Mitchell,Clear,Angle,no,no,no,no,yes,False
102667045,METROPOLITAN NASHVILLE POLICE DEPT,20200146184,Davidson,Nashville,2/29/2020 9:48:00 PM,1,0,0,36.101990,-86.712890,I 24,,,,0.00,,,,,,,54.45,N,Not at Intersection,N,Non-Junction,None,,,         ,Molly,Page,Clear,Not Collision with Motor Vehicle in Transport,no,no,no,no,no,False
102667046,METROPOLITAN NASHVILLE POLICE DEPT,20200146176,Davidson,Nashville,2/29/2020 9:40:00 PM,2,0,0,36.166280,-86.779040,3RD AVN,,,,22.00,Feet,South,DEADERICK ST,,,,0.00,N,Not at Intersection, ,,None,,,         ,Brent,Morris,,,no,no,no,no,no,False
102667074,METROPOLITAN NASHVILLE POLICE DEPT,20200146005,Davidson,Not in City Limit,2/29/2020 7:54:00 PM,2,1,0,36.279430,-86.873450,US HWY 41 ALT,,,,0.00,,,OLD HICKORY BLVD,,,,0.00,Y,Four-Way,N,Intersection,None,,,         ,Gabriel,Centeno,Clear,Angle,no,no,no,no,no,False
102667075,METROPOLITAN NASHVILLE POLICE DEPT,20200145988,Davidson,Nashville,2/29/2020 8:30:00 PM,1,3,0,36.117550,-86.659740,COUCHVILLE PKE,,,,0.00,Feet,North,PULLEY RD,,,,0.00,N,Not at Intersection,N,Non-Junction,None,,,         ,Phillip,Burke,Cloudy,Not Collision with Motor Vehicle in Transport,no,no,no,no,no,False
102667077,METROPOLITAN NASHVILLE POLICE DEPT,20200146162,Davidson,Nashville,2/29/2020 9:23:00 PM,2,0,0,36.206650,-86.778390,US HWY 431,,,,0.00,,,HAMPTON ST,,,,0.00,Y,T-Intersection,Y,Intersection,None,,,         ,Chase,Harriman,Clear,Front to Rear,no,no,no,no,no,False
102667078,METROPOLITAN NASHVILLE POLICE DEPT,20200146141,Davidson,Nashville,2/29/2020 9:20:00 PM,1,0,0,36.058700,-86.692840,SUZANNE DR,,,,259.00,Feet,East,KEELEY DR,,,,0.00,N,Not at Intersection,N,Non-Junction,None,,,         ,Eric,Laury,Clear,Not Collision with Motor Vehicle in Transport,no,no,no,no,no,False
102667102,METROPOLITAN NASHVILLE POLICE DEPT,20200146254,Davidson,Nashville,2/29/2020 10:30:00 PM,2,0,0,36.069270,-86.692180,I24 E EXT RAMP,,,,0.00,,,HAYWOOD LN,,,,0.00,Y,OTHER,N,Intersection-Related,None,,,         ,Alex,DiBernardo,Clear,Front to Rear,no,no,no,no,yes,False
102667103,METROPOLITAN NASHVILLE POLICE DEPT,20200146265,Davidson,Nashville,2/29/2020 8:59:00 PM,2,0,0,36.173300,-86.601610,CENTRAL PKE,,,,192.00,Feet,East,OLD HICKORY BLVD,,,,0.00,N,Not at Intersection,N,Non-Junction,None,,,         ,Randall,Ward,Clear,Front to Rear,no,no,no,no,yes,False
102667130,METROPOLITAN NASHVILLE POLICE DEPT,20200146211,Davidson,Nashville,2/29/2020 10:05:00 PM,2,1,0,36.134310,-86.770320,MARTIN ST,,,,317.00,Feet,North,WEDGEWOOD AV,,,,0.00,N,Not at Intersection,N,Non-Junction,None,,,         ,Melissa,Lomax,Clear,Front to Rear,no,no,no,no,yes,False
102667148,METROPOLITAN NASHVILLE POLICE DEPT,20200145735,Davidson,Nashville,2/29/2020 5:05:00 PM,2,0,0,36.161350,-86.799930,17TH AVN,,,,0.00,Feet,East,JO JOHNSTON AV,,,,0.00,N,Not at Intersection, ,Non-Junction,None,,,         ,Wesley,Carver,Clear,Angle,no,no,no,no,no,False
102667151,METROPOLITAN NASHVILLE POLICE DEPT,20200146253,Davidson,Nashville,2/29/2020 9:00:00 PM,2,0,0,36.053050,-86.676100,TUSCULUM RD,,,,426.00,Feet,West,SAXONY LAKE DR,,,,0.00,N,Not at Intersection,N,Non-Junction,None,,,         ,Autumn,Manning,Clear,Front to Rear,no,no,no,no,yes,False
102667162,METROPOLITAN NASHVILLE POLICE DEPT,20200146279,Davidson,Nashville,2/29/2020 9:47:00 PM,2,0,0,36.153220,-86.772140,4TH AVS,,,,29.00,Feet,South,ELM ST,,,,0.00,N,Not at Intersection, ,Non-Junction,None,,,         ,Sean,Weaver,Clear,Front to Rear,no,no,no,no,yes,False
102667163,METROPOLITAN NASHVILLE POLICE DEPT,20200146317,Davidson,Nashville,2/29/2020 7:15:00 PM,2,1,0,36.044840,-86.662820,BELL RD,,,,383.00,Feet,West,CANE RIDGE RD,,,,0.00,N,Not at Intersection,N,Non-Junction,None,,,         ,Jeremy,Spears,Clear,"Sideswipe, Same Direction",no,no,no,no,yes,False
102667180,METROPOLITAN NASHVILLE POLICE DEPT,20200146308,Davidson,Nashville,2/29/2020 11:25:00 PM,1,2,0,36.173040,-86.764820,MAIN ST,,,,169.00,Feet,East,SPRING ST,,,,0.00,N,Not at Intersection,N,Non-Junction,None,,,         ,Cesar,Rocha,Clear,Not Collision with Motor Vehicle in Transport,yes,no,no,no,no,False
102667181,METROPOLITAN NASHVILLE POLICE DEPT,20200146365,Davidson,Nashville,2/29/2020 11:35:00 PM,2,0,0,36.157380,-86.792700,15TH AVN,,,,0.00,Feet,East,CHURCH ST,,,,0.00,N,Not at Intersection, ,Non-Junction,None,,,         ,Arend,Groeneweg,Clear,"Sideswipe, Same Direction",no,no,no,no,yes,False
102667229,METROPOLITAN NASHVILLE POLICE DEPT,20200146434,Davidson,Nashville,3/1/2020 12:00:00 AM,1,0,0,36.167730,-86.820180,JEFFERSON ST,,,,170.00,Feet,East,ED TEMPLE BLVD,,,,0.00,N,Not at Intersection,N,Non-Junction,None,,,         ,Ian,Ward,Clear,Not Collision with Motor Vehicle in Transport,no,no,no,no,yes,False
102667233,METROPOLITAN NASHVILLE POLICE DEPT,20200146325,Davidson,Nashville,2/29/2020 9:10:00 PM,2,0,0,36.216840,-86.692490,-- UNKNOWN RAMP/ROAD --,,,,0.00,,,MCGAVOCK PIKE,,,,0.00,Y,OTHER,Y,Entrance/Exit Ramp Related,None,,,         ,Joshua,Dodge,Clear,Front to Rear,no,no,no,no,yes,False
102667239,METROPOLITAN NASHVILLE POLICE DEPT,20200146295,Davidson,Nashville,2/29/2020 11:10:00 PM,2,0,0,36.166230,-86.765790,SHELBY AV,,,,0.00,,,I24 E EXT RAMP,,,,0.00,Y,Four-Way,N,Intersection-Related,None,,,         ,Craig,Amabile,Clear,Angle,no,no,no,no,no,False
102667241,METROPOLITAN NASHVILLE POLICE DEPT,20200146331,Davidson,Not in City Limit,2/29/2020 11:30:00 PM,1,1,0,36.076670,-87.021100,I40 E EXT RAMP,,,,0.00,,,I 40,,,,0.00,Y,OTHER,N,Entrance/Exit Ramp Related,None,,,         ,Candice,Soper,Clear,Not Collision with Motor Vehicle in Transport,no,no,no,no,no,False
102667267,METROPOLITAN NASHVILLE POLICE DEPT,20200146495,Davidson,Nashville,3/1/2020 12:40:00 AM,2,0,0,36.089870,-86.638890,NASHBORO BLVD,,,,0.00,,,DOUBLETREE LN,,,,0.00,Y,Four-Way,Y,Intersection,None,,,         ,Graham,Binkley,Clear,Angle,no,no,no,no,yes,False
102667272,METROPOLITAN NASHVILLE POLICE DEPT,20200146421,Davidson,Nashville,3/1/2020 12:44:00 AM,2,0,0,36.162230,-86.774360,1ST AVS,,,,0.00,,,1ST AVN,,,,0.00,Y,T-Intersection, ,Intersection,None,,,         ,Richard,Luellen,Clear,"Sideswipe, Opposite Direction",no,no,no,no,no,False
102667276,METROPOLITAN NASHVILLE POLICE DEPT,20200146593,Davidson,Nashville,3/1/2020 3:00:00 AM,1,0,0,36.114190,-86.631180,BELL RD,,,,825.00,Feet,North,COUCHVILLE PKE,,,,0.00,N,Not at Intersection,N,Non-Junction,None,,,         ,Samuel,Fredericks,Clear,Not Collision with Motor Vehicle in Transport,no,no,no,no,no,False
102667278,METROPOLITAN NASHVILLE POLICE DEPT,20200146523,Davidson,Nashville,3/1/2020 2:10:00 AM,1,1,0,36.154140,-86.757780,I 40,,,,0.00,,,,,,,211.10,N,Not at Intersection,N,Non-Junction,None,,,         ,Jeremy,Crisp,Clear,Not Collision with Motor Vehicle in Transport,no,no,no,no,no,False
102667279,METROPOLITAN NASHVILLE POLICE DEPT,20200146663,Davidson,Nashville,3/1/2020 12:00:00 AM,2,1,0,36.080930,-86.697050,I 24,,,,0.00,,,,,,,56.10,N,Not at Intersection,N,Non-Junction,None,,,         ,Jeremy,Spears,Clear,Front to Rear,no,no,no,no,no,False
102667291,METROPOLITAN NASHVILLE POLICE DEPT,20200146726,Davidson,Not in City Limit,3/1/2020 4:45:00 AM,2,0,0,36.115490,-86.929860,WHEATFIELD WAY,,,,0.00,Feet,,WARMSTONE CT,,,,0.00,Y,T-Intersection,N,Intersection-Related,None,,,         ,Candice,Soper,Clear,"Sideswipe, Same Direction",no,no,no,no,no,False
102667305,METROPOLITAN NASHVILLE POLICE DEPT,20200146640,Davidson,Nashville,3/1/2020 12:00:00 AM,1,0,0,36.140480,-86.720870,I 40,,,,0.00,,,,,,,213.60,N,Not at Intersection,N,Non-Junction,None,,,         ,Jason,Kedzierski,Clear,Unknown,no,no,no,no,no,False
102667306,METROPOLITAN NASHVILLE POLICE DEPT,20200146740,Davidson,Nashville,3/1/2020 4:47:00 AM,2,0,0,36.135230,-86.724320,MURFREESBORO PKE,,,,0.00,,,I24 W EXT RAMP,,,,0.00,Y,OTHER, ,Non-Junction,None,,,         ,Nadine,Klemenz,Clear,"Sideswipe, Same Direction",no,no,no,no,yes,False
102667310,METROPOLITAN NASHVILLE POLICE DEPT,20200146567,Davidson,Nashville,3/1/2020 2:40:00 AM,3,1,0,36.152530,-86.754150,I 40,,,,0.00,,,,,,,211.35,N,Not at Intersection,N,Non-Junction,None,,,         ,Jeremy,Crisp,Clear,Front to Rear,no,no,no,no,no,False
102667313,METROPOLITAN NASHVILLE POLICE DEPT,20200146699,Davidson,Nashville,3/1/2020 4:19:00 AM,1,1,0,36.044870,-86.663500,BELL RD,,,,584.00,Feet,West,CANE RIDGE RD,,,,0.00,N,Not at Intersection,N,Non-Junction,None,,,         ,Austin,Binner,Clear,Not Collision with Motor Vehicle in Transport,yes,no,no,no,yes,False
102667316,METROPOLITAN NASHVILLE POLICE DEPT,20200146722,Davidson,Nashville,3/1/2020 4:44:00 AM,2,0,0,36.171840,-86.764770,S 5TH ST,,,,0.00,Feet,West,WOODLAND ST,,,,0.00,N,Not at Intersection,N,Non-Junction,None,,,         ,Eric,Cunningham,Clear,Not Collision with Motor Vehicle in Transport,no,no,no,no,no,False
102667329,METROPOLITAN NASHVILLE POLICE DEPT,20200146787,Davidson,Nashville,3/1/2020 5:47:00 AM,1,0,0,36.205400,-86.741390,THOMAS AV,,,,249.00,Feet,North,ANDERSON PL,,,,0.00,N,Not at Intersection, ,Non-Junction,None,,,         ,Cesar,Rocha,Clear,Not Collision with Motor Vehicle in Transport,no,no,no,no,no,False
102667362,METROPOLITAN NASHVILLE POLICE DEPT,20200146703,Davidson,Nashville,3/1/2020 4:25:00 AM,4,0,0,36.157030,-86.708990,US HWY 70,,,,0.00,,,OMOHUNDRO DR,,,,0.00,Y,T-Intersection,N,Non-Junction,None,,,         ,Graham,Binkley,Clear,Not Collision with Motor Vehicle in Transport,no,no,no,no,no,False
102667366,METROPOLITAN NASHVILLE POLICE DEPT,20200146835,Davidson,Nashville,3/1/2020 6:55:00 AM,2,0,0,36.152150,-86.843490,CHARLOTTE AV,,,,0.00,,,47TH AVN,,,,0.00,Y,T-Intersection, ,Intersection,None,,,         ,Brian,Myatt,Clear,Angle,no,no,no,no,no,False
102667371,METROPOLITAN NASHVILLE POLICE DEPT,20200146772,Davidson,Not in City Limit,3/1/2020 5:32:00 AM,1,2,0,36.267240,-86.737010,I 65,,,,0.00,,,,,,,92.45,N,Not at Intersection,Y,Entrance/Exit Ramp Related,None,,,         ,Derrick,Toney,Clear,Not Collision with Motor Vehicle in Transport,no,no,no,no,yes,False
102667381,METROPOLITAN NASHVILLE POLICE DEPT,20200146925,Davidson,Nashville,3/1/2020 4:49:00 AM,1,0,0,36.094200,-86.778740,GLENDALE LN,,,,75.00,Feet,West,S CURTISWOOD LN,,,,0.00,N,Not at Intersection,N,Non-Junction,None,,,         ,Jackson,Smythe,Clear,Not Collision with Motor Vehicle in Transport,no,no,no,no,yes,False
102667425,METROPOLITAN NASHVILLE POLICE DEPT,20200145414,Davidson,Goodlettsville,2/29/2020 1:31:00 PM,2,0,0,36.306000,-86.693730,CONNECTING ROAD,,,,0.00,,,CONFERENCE DR,,,,0.00,Y,T-Intersection, ,Intersection,None,,,         ,Ruben,Mariano,Clear,Angle,no,no,no,no,no,False
102667454,METROPOLITAN NASHVILLE POLICE DEPT,20200146955,Davidson,Nashville,3/1/2020 8:18:00 AM,2,1,0,36.134920,-86.779040,8TH AVS,,,,233.00,Feet,North,EAST ARGYLE AV,,,,0.00,N,Not at Intersection,N,Non-Junction,None,,,         ,Devin,Mabry,Clear,Front to Rear,no,no,no,no,no,False
102667482,METROPOLITAN NASHVILLE POLICE DEPT,20200147088,Davidson,Nashville,3/1/2020 9:13:00 AM,2,0,0,36.163440,-86.787640,CHARLOTTE AV,,,,0.00,Feet,,ROSA L PARKS BLVD,,,,0.00,Y,Y-Intersection, ,,None,,,         ,Rachel,Susee,,,no,no,no,no,no,False
102667501,METROPOLITAN NASHVILLE POLICE DEPT,20200147223,Davidson,Nashville,3/1/2020 11:48:00 AM,2,0,0,36.243640,-86.756630,DICKERSON PKE,,,,92.00,Feet,South,SKYLINE MEMORIAL CT,,,,0.00,N,Not at Intersection, ,Non-Junction,None,,,         ,Dillon,Hunt,Clear,"Sideswipe, Same Direction",no,no,no,no,no,False
102667521,METROPOLITAN NASHVILLE POLICE DEPT,20200147192,Davidson,Nashville,3/1/2020 11:16:00 AM,1,2,0,36.111830,-86.710510,BRILEY PKWYS,,,,272.00,Feet,West,BRILEY PKWYN,,,,0.00,N,Not at Intersection,N,Non-Junction,None,,,         ,Charles,Wakefield,Clear,Not Collision with Motor Vehicle in Transport,no,no,no,no,no,False
102667563,METROPOLITAN NASHVILLE POLICE DEPT,20200147139,Davidson,Nashville,3/1/2020 10:36:00 AM,4,4,0,36.175760,-86.771780,I 24,,,,0.00,,,,,,,48.00,N,Not at Intersection,N,Non-Junction,None,,,         ,Kimberly,Forsyth,Clear,Front to Rear,no,no,no,no,no,False
102667598,METROPOLITAN NASHVILLE POLICE DEPT,20200147162,Davidson,Nashville,3/1/2020 10:50:00 AM,6,1,0,36.074490,-86.630500,ANDERSON RD,,,,266.00,Feet,West,FOREST TRACE DR,,,,0.00,N,Not at Intersection,N,Non-Junction,None,,,         ,Patrick,Lancaster,Clear,Not Collision with Motor Vehicle in Transport,no,no,no,no,no,False
102667601,METROPOLITAN NASHVILLE POLICE DEPT,20200147330,Davidson,Not in City Limit,3/1/2020 1:08:00 PM,1,1,0,36.048700,-86.939670,HIGHWAY 100,,,,156.00,Feet,East,TRACE CREEK DR,,,,0.00,N,Not at Intersection,N,Non-Junction,None,,,         ,Douglas,Atwood,Clear,Not Collision with Motor Vehicle in Transport,no,no,no,no,no,False
102667620,METROPOLITAN NASHVILLE POLICE DEPT,20200147189,Davidson,Nashville,3/1/2020 10:55:00 AM,2,0,0,36.157100,-86.759760,I24 W ENT RAMP,,,,0.00,Feet,East,I 24,,,,0.00,N,Not at Intersection,N,Non-Junction,None,,,         ,Faye,Denson,Clear,Front to Rear,no,no,no,no,no,False
102667624,METROPOLITAN NASHVILLE POLICE DEPT,20200147216,Davidson,Nashville,3/1/2020 11:43:00 AM,2,0,0,36.128460,-86.727440,I 24,,,,0.00,,,,,,,51.30,N,Not at Intersection,N,Non-Junction,None,,,         ,Brian,Sherman,Clear,Front to Rear,no,no,no,no,no,False
102667626,METROPOLITAN NASHVILLE POLICE DEPT,20200147321,Davidson,Nashville,3/1/2020 12:00:00 AM,2,1,0,36.141530,-86.734150,I 40,,,,0.00,,,,,,,212.90,N,Not at Intersection,N,Unknown,None,,,         ,Eric,Knight,Clear,Front to Rear,no,no,no,no,yes,False
102667634,METROPOLITAN NASHVILLE POLICE DEPT,20200147142,Davidson,Nashville,3/1/2020 10:37:00 AM,4,3,0,36.179710,-86.773950,I 24,,,,0.00,,,,,,,47.70,N,Not at Intersection,N,Non-Junction,None,,,         ,Joseph,Progar,Cloudy,Front to Rear,no,no,no,no,yes,False
102667642,METROPOLITAN NASHVILLE POLICE DEPT,20200147306,Davidson,Nashville,3/1/2020 12:43:00 PM,2,0,0,36.145870,-86.626140,BELL RD,,,,136.00,Feet,North,LINCOYA BAY DR,,,,0.00,N,Not at Intersection,N,Non-Junction,None,,,         ,MIchael,Mihajlov,Clear,Front to Rear,no,no,no,no,no,False
102667645,METROPOLITAN NASHVILLE POLICE DEPT,20200147267,Davidson,Nashville,3/1/2020 12:22:00 PM,2,0,0,36.176800,-86.776190,COWAN ST,,,,27.00,Feet,South,SPRING ST,,,,0.00,N,Not at Intersection, ,Non-Junction,None,,,         ,Mark,Anderson,Clear,Front to Rear,no,no,no,no,no,False
102667688,METROPOLITAN NASHVILLE POLICE DEPT,20200147265,Davidson,Nashville,3/1/2020 12:19:00 PM,2,0,0,36.064790,-86.774270,FRANKLIN PKE,,,,301.00,Feet,North,FOREST ACRES DR,,,,0.00,N,Not at Intersection,N,"Driveway, Alley Access, etc",None,,,         ,Cynthia,Quirouette,Clear,Angle,no,no,no,no,no,False
102667727,BERRY HILL POLICE DEPT,20-0861,Davidson,Berry Hill,2/29/2020 9:33:00 PM,2,0,0,36.112330,-86.767020,THOMPSON LN,,,,0.00,,,BRANSFORD AV,,,,0.00,Y,Four-Way,N,Intersection,None,,,         ,Dawn,Thornsberry,Clear,HeadOn,no,no,no,no,no,False
102667728,METROPOLITAN NASHVILLE POLICE DEPT,20200147362,Davidson,Not in City Limit,3/1/2020 1:32:00 PM,3,7,0,36.258430,-86.713540,GALLATIN PKES,,,,0.00,,,HARRIS ST,,,,0.00,Y,Four-Way,N,Intersection-Related,None,,,         ,William,Coy,Clear,Front to Rear,no,no,no,no,no,False
102667729,METROPOLITAN NASHVILLE POLICE DEPT,20200147411,Davidson,Nashville,3/1/2020 2:27:00 PM,2,0,0,36.149130,-86.769440,4TH AVS,,,,93.00,Feet,North,OAK ST,,,,0.00,N,Not at Intersection, ,Non-Junction,None,,,         ,Sekou,Samassi,Clear,"Sideswipe, Same Direction",no,no,no,no,no,False
102667730,METROPOLITAN NASHVILLE POLICE DEPT,20200147477,Davidson,Nashville,3/1/2020 1:52:00 PM,2,0,0,36.140420,-86.633880,WHITE PINE DR,,,,137.00,Feet,South,RED CEDAR CT,,,,0.00,N,Not at Intersection, ,Non-Junction,None,,,         ,Deandera,Payne,Clear,Angle,no,no,no,no,no,False
102667732,METROPOLITAN NASHVILLE POLICE DEPT,20200147472,Davidson,Nashville,3/1/2020 2:05:00 PM,2,0,0,36.163870,-86.786620,CHARLOTTE AV,,,,0.00,,,ROSA L PARKS BLVD,,,,0.00,Y,OTHER, ,,None,,,         ,Alexander,Hartle,,,no,no,no,no,no,False
102667742,METROPOLITAN NASHVILLE POLICE DEPT,20200147464,Davidson,Nashville,3/1/2020 3:00:00 PM,2,0,0,36.075000,-86.919260,US HWY 70S,,,,522.00,Feet,East,STATE HWY 251,,,,0.00,N,Not at Intersection,N,Non-Junction,None,,,         ,William,Vanbergen,Clear,Unknown,no,no,no,yes,yes,False
102667743,METROPOLITAN NASHVILLE POLICE DEPT,20200147444,Davidson,Nashville,3/1/2020 2:50:00 PM,2,0,0,36.084160,-86.705890,LINBAR DR,,,,0.00,Feet,,HARDING PL,,,,0.00,Y,Four-Way,Y,Intersection,None,,,         ,Jonathan,Watch,Clear,Angle,no,no,no,no,yes,False
102667744,METROPOLITAN NASHVILLE POLICE DEPT,20200147473,Davidson,Nashville,3/1/2020 3:10:00 PM,2,0,0,36.182560,-86.747510,STRATTON AV,,,,195.00,Feet,West,N 12TH ST,,,,0.00,N,Not at Intersection,N,Non-Junction,None,,,         ,Kelsey,Hemminger,Clear,"Sideswipe, Same Direction",no,no,no,no,yes,False
102667750,METROPOLITAN NASHVILLE POLICE DEPT,20200147465,Davidson,Nashville,3/1/2020 2:45:00 PM,3,1,0,36.250160,-86.718880,GALLATIN PKES,,,,260.00,Feet,South,MOVING CENTER CT,,,,0.00,N,Not at Intersection,N,Non-Junction,None,,,         ,Eric,Wegener,Clear,Front to Rear,no,no,no,no,yes,False