master_record_number,agency,agency_tracking_number,county,city,collision_date,vehicles_involved,number_injured,number_dead,latitude,longitude,roadway_name,roadway_suffix,roadway_number,roadway_local_id,distance_from_reference,miles-feet_indicator,direction_from_reference,intersection_road_name,intersection_road_name_suffix,intersection_road_number,intersection_local_id,mile_marker,intersection_indicator,intersect_type,interchange_related_indicator,relation_to_junction,work_zone_type,construction_maintenance_zone,construction_maintenance_zone_location,fatal_case_number,officer_first_name,officer_last_name,weather_condition(s),manner_of_crash,pedestrian,bicycle,scooter,parking,hitrun,mou
102671259,METROPOLITAN NASHVILLE POLICE DEPT,20200158652,Davidson,Nashville,3/5/2020 1:20:00 PM,2,0,0,36.073960,-86.924520,HIGHWAY 70S,,,,0.00,,,BELLE FOREST CIR,,,,0.00,Y,T-Intersection, ,Intersection,None,,,         ,Curtis,Rich,Clear,Front to Rear,no,no,no,no,no,False
102671260,METROPOLITAN NASHVILLE POLICE DEPT,20200158466,Davidson,Nashville,3/5/2020 12:13:00 PM,2,1,0,36.080480,-86.717510,HARDING PL,,,,125.00,Feet,East,JONQUIL DR,,,,0.00,N,Not at Intersection,N,Non-Junction,None,,,         ,Patrick,Martin,Clear,Front to Rear,no,no,no,no,yes,False
102671261,METROPOLITAN NASHVILLE POLICE DEPT,20200158586,Davidson,Nashville,3/5/2020 1:05:00 PM,2,0,0,36.146710,-86.808910,WEST END AV,,,,94.00,Feet,West,25TH AVN,,,,0.00,N,Not at Intersection, ,Non-Junction,None,,,         ,Nathan,Kemp,Clear,Angle,no,no,no,no,no,Campus
102671262,METROPOLITAN NASHVILLE POLICE DEPT,20200158582,Davidson,Nashville,3/5/2020 1:06:00 PM,2,0,0,36.141620,-86.815100,31ST AVS,,,,230.00,Feet,West,32ND AVS,,,,0.00,N,Not at Intersection, ,Non-Junction,None,,,         ,Nathan,Kemp,Clear,Front to Rear,no,no,no,yes,no,Campus
102671301,METROPOLITAN NASHVILLE POLICE DEPT,20200158704,Davidson,Nashville,3/5/2020 1:42:00 PM,2,0,0,36.180230,-86.814800,BUCHANAN ST,,,,57.00,Feet,West,23RD AVN,,,,0.00,N,Not at Intersection,N,Non-Junction,None,,,         ,Bianca,Crawford,Clear,Front to Rear,no,no,no,no,yes,False
102671309,METROPOLITAN NASHVILLE POLICE DEPT,20200158640,Davidson,Nashville,3/5/2020 1:24:00 PM,2,0,0,36.156280,-86.631780,I40 W ENT RAMP,,,,0.00,,,I 40,,,,0.00,Y,OTHER, ,Entrance/Exit Ramp Related,None,,,         ,Michael,Dance,Clear,Front to Rear,no,no,no,no,no,False
102671349,METROPOLITAN NASHVILLE POLICE DEPT,20200158824,Davidson,Nashville,3/5/2020 2:15:00 PM,3,0,0,36.124270,-86.846980,WOODMONT BLVD,,,,151.00,Feet,North,ROYAL OAKS CONDOS PVTDR,,,,0.00,N,Not at Intersection, ,Non-Junction,None,,,         ,Curtis,Rich,Clear,Front to Rear,no,no,no,no,yes,False
102671352,METROPOLITAN NASHVILLE POLICE DEPT,2020 0158822,Davidson,Nashville,3/5/2020 2:20:00 PM,2,0,0,36.125280,-86.847220,HARDING PKE,,,,163.00,Feet,East,WOODMONT BLVD,,,,0.00,N,Not at Intersection,N,Non-Junction,None,,,         ,Paul,Junkmann,Clear,Front to Rear,no,no,no,no,yes,False
102671354,METROPOLITAN NASHVILLE POLICE DEPT,20200158703,Davidson,Nashville,3/5/2020 1:40:00 PM,2,0,0,36.135310,-86.823550,WEST END AV,,,,0.00,Feet,,I440 WEST END AV ENT RAMP,,,,0.00,Y,Y-Intersection, ,Intersection,None,,,         ,Darren,Key,Clear,Angle,no,no,no,no,no,False
102671362,METROPOLITAN NASHVILLE POLICE DEPT,20200158666,Davidson,Nashville,3/5/2020 12:00:00 AM,2,0,0,36.106210,-86.673060,MURFREESBORO PKE,,,,0.00,,,DONELSON PKE,,,,0.00,Y,Four-Way,N,Intersection,None,,,         ,Michael,Dance,Clear,Front to Rear,no,no,no,no,yes,False
102671401,METROPOLITAN NASHVILLE POLICE DEPT,20200159005,Davidson,Nashville,3/5/2020 3:30:00 PM,2,0,0,36.112460,-86.922790,I40 W EXT RAMP,,,,0.00,,,I 40,,,,0.00,Y,T-Intersection, ,Intersection,None,,,         ,Curtis,Rich,Clear,Angle,no,no,no,no,no,False
102671408,METROPOLITAN NASHVILLE POLICE DEPT,20200158862,Davidson,Nashville,3/5/2020 2:44:00 PM,1,0,0,36.047760,-86.666200,CEDAR POINTE PKWY,,,,357.00,Feet,West,CANE RIDGE RD,,,,0.00,N,Not at Intersection,N,Non-Junction,None,,,         ,Patrick,Martin,Clear,Not Collision with Motor Vehicle in Transport,no,no,no,yes,yes,False
102671416,METROPOLITAN NASHVILLE POLICE DEPT,20200159036,Davidson,Nashville,3/5/2020 3:52:00 PM,2,0,0,36.152860,-86.802990,21ST AVN,,,,162.00,Feet,North,CHURCH ST,,,,0.00,N,Not at Intersection, ,"Driveway, Alley Access, etc",None,,,         ,Nathan,Kemp,Clear,Front to Rear,no,no,no,no,no,False
102671425,METROPOLITAN NASHVILLE POLICE DEPT,20200159000,Davidson,Nashville,3/5/2020 3:33:00 PM,2,1,0,36.199250,-86.828660,CURTIS ST,,,,42.00,Feet,East,ALPINE AV,,,,0.00,N,Not at Intersection,N,Non-Junction,None,,,         ,Cody,Jaworski,Clear,Angle,no,no,no,no,yes,False
102671432,METROPOLITAN NASHVILLE POLICE DEPT,20200156816,Davidson,Nashville,3/4/2020 10:35:00 PM,1,1,0,36.065260,-86.685370,I 24,,,,0.00,,,,,,,57.40,N,Not at Intersection,N,Non-Junction,None,,,         ,Laura,Williams,Clear,Not Collision with Motor Vehicle in Transport,no,no,no,no,no,False
102671433,METROPOLITAN NASHVILLE POLICE DEPT,20200158866,Davidson,Nashville,3/5/2020 2:43:00 PM,3,1,0,36.234230,-86.758470,DICKERSON PKE,,,,319.00,Feet,South,HOMESTEAD RD,,,,0.00,N,Not at Intersection,N,Non-Junction,None,,,         ,Faye,Denson,Clear,Front to Rear,no,no,no,no,no,False
102671434,METROPOLITAN NASHVILLE POLICE DEPT,2020-0158991,Davidson,Nashville,3/5/2020 3:20:00 PM,2,0,0,36.243130,-86.758240,DOVERSIDE DR,,,,544.00,Feet,North,SKYLINE COMMONS PVTDR,,,,0.00,N,Not at Intersection, ,Non-Junction,None,,,         ,Travis,Baxter,Clear,"Sideswipe, Same Direction",no,no,no,no,no,False
102671440,METROPOLITAN NASHVILLE POLICE DEPT,20200158885,Davidson,Nashville,3/5/2020 2:50:00 PM,2,1,0,36.159950,-86.760490,I 24,,,,0.00,,,,,,,49.45,N,Not at Intersection,N,Non-Junction,None,,,         ,Kimberly,Forsyth,Clear,Front to Rear,no,no,no,no,no,False
102671449,METROPOLITAN NASHVILLE POLICE DEPT,20200158906,Davidson,Nashville,3/5/2020 2:55:00 PM,2,1,0,36.155630,-86.827900,I 40,,,,0.00,,,,,,,205.60,N,Not at Intersection,N,Non-Junction,None,,,         ,Alexis,Pond,Clear,Front to Rear,no,no,no,no,no,False
102671458,METROPOLITAN NASHVILLE POLICE DEPT,20200158892,Davidson,Nashville,3/5/2020 2:45:00 PM,3,0,0,36.155110,-86.788680,I40 W EXT RAMP,,,,0.00,Feet,East,I 40,,,,0.00,N,Not at Intersection,N,Non-Junction,None,,,         ,Rachel,Susee,Clear,Front to Rear,no,no,no,no,yes,False
102671459,METROPOLITAN NASHVILLE POLICE DEPT,20200159101,Davidson,Nashville,3/5/2020 4:15:00 PM,2,0,0,36.149670,-86.769810,4TH AVS,,,,0.00,,,MCCANN ST,,,,0.00,Y,T-Intersection, ,Intersection-Related,None,,,         ,Jackson,Smythe,Clear,"Sideswipe, Same Direction",no,no,no,no,no,False
102671467,METROPOLITAN NASHVILLE POLICE DEPT,20200159081,Davidson,Nashville,3/5/2020 4:06:00 PM,2,0,0,36.101140,-86.800440,GRANNY WHITE PKE,,,,0.00,,,SHACKLEFORD RD,,,,0.00,Y,Y-Intersection, ,Intersection,None,,,         ,Charles,Embry,Clear,"Sideswipe, Same Direction",no,no,no,no,no,False
102671473,METROPOLITAN NASHVILLE POLICE DEPT,20200159172,Davidson,Nashville,3/5/2020 4:34:00 PM,2,0,0,36.156260,-86.771530,2ND AVS,,,,225.00,Feet,South,PEABODY ST,,,,0.00,N,Not at Intersection, ,Non-Junction,None,,,         ,Mark,Anderson,Clear,"Sideswipe, Same Direction",no,no,no,no,yes,False
102671479,METROPOLITAN NASHVILLE POLICE DEPT,20200159167,Davidson,Nashville,3/5/2020 4:45:00 PM,1,1,0,36.233510,-86.750710,WALTON LN,,,,534.00,Feet,North,MAPLEWOOD TRC,,,,0.00,N,Not at Intersection,N,Non-Junction,None,,,         ,Michael,Agee,Clear,Not Collision with Motor Vehicle in Transport,no,no,no,yes,no,False
102671488,METROPOLITAN NASHVILLE POLICE DEPT,20200159048,Davidson,Nashville,3/5/2020 3:14:00 PM,2,0,0,36.171820,-86.767970,JAMES ROBERTSON PKWY,,,,22.00,Feet,West,ELLINGTON PKWY N ENT RAMP,,,,0.00,N,Not at Intersection, ,Non-Junction,None,,,         ,Joseph,Progar,Clear,"Sideswipe, Same Direction",no,no,no,no,no,False
102671489,METROPOLITAN NASHVILLE POLICE DEPT,20200159224,Davidson,Nashville,3/5/2020 5:06:00 PM,2,0,0,36.206660,-86.778310,W TRINITY LN,,,,0.00,,,HAMPTON ST,,,,0.00,Y,T-Intersection, ,Intersection-Related,None,,,         ,Tyler,Adcock,Clear,Front to Rear,no,no,no,no,yes,False
102671491,METROPOLITAN NASHVILLE POLICE DEPT,20200159255,Davidson,Nashville,3/5/2020 5:22:00 PM,2,0,0,36.087100,-86.693060,HARDING PL,,,,277.00,Feet,West,ANTIOCH PKE,,,,0.00,N,Not at Intersection,N,Non-Junction,None,,,         ,Ryan,Howard,Clear,Angle,no,no,no,no,no,False
102671493,METROPOLITAN NASHVILLE POLICE DEPT,20200158792,Davidson,Nashville,3/5/2020 11:30:00 AM,2,0,0,36.183820,-86.748370,EASTLAND AV,,,,0.00,,,GALLATIN AV,,,,0.00,Y,OTHER, ,OtherLocation,None,,,         ,Megan,Lamon,Clear,Unknown,no,no,no,yes,yes,False
102671494,METROPOLITAN NASHVILLE POLICE DEPT,20200159062,Davidson,Nashville,3/5/2020 4:00:00 PM,3,0,0,36.151370,-86.799330,WEST END AV,,,,0.00,,,20TH AVN,,,,0.00,Y,Four-Way, ,Intersection,None,,,         ,John,Roberson,Clear,"Sideswipe, Opposite Direction",no,no,no,no,no,Campus
102671495,METROPOLITAN NASHVILLE POLICE DEPT,20200159187,Davidson,Nashville,3/5/2020 4:51:00 PM,2,0,0,36.142590,-86.681510,I 40,,,,0.00,,,,,,,215.80,N,Not at Intersection, ,Non-Junction,None,,,         ,Michael,Dance,Clear,"Sideswipe, Same Direction",no,no,no,no,no,False
102671498,METROPOLITAN NASHVILLE POLICE DEPT,20200159194,Davidson,Nashville,3/5/2020 4:58:00 PM,2,0,0,36.169370,-86.605320,I 40,,,,0.00,,,,,,,220.60,N,Not at Intersection,N,Non-Junction,None,,,         ,Michael,Brooks,Cloudy,Front to Rear,no,no,no,no,no,False
102671499,METROPOLITAN NASHVILLE POLICE DEPT,20200159146,Davidson,Nashville,3/5/2020 4:33:00 PM,3,1,0,36.155220,-86.764780,HERMITAGE AV,,,,0.00,,,ROLLING MILL HILL GRNWY,,,,0.00,Y,T-Intersection,N,Intersection-Related,None,,,         ,Johnathan,Carlisle,Clear,Front to Rear,no,no,no,no,yes,False
102671500,METROPOLITAN NASHVILLE POLICE DEPT,20200159126,Davidson,Nashville,3/5/2020 2:15:00 PM,2,0,0,36.173960,-86.806120,17TH AVN,,,,34.00,Feet,North,UNDERWOOD ST,,,,0.00,N,Not at Intersection, ,Non-Junction,Work Zone,,,         ,Isaac,Wood,Clear,"Sideswipe, Opposite Direction",no,no,no,no,yes,False
102671524,METROPOLITAN NASHVILLE POLICE DEPT,20200159231,Davidson,Nashville,3/5/2020 5:03:00 PM,3,0,0,36.227640,-86.696790,BRILEY PKWYN,,,,1985.00,Feet,North,MUSIC CITY CIR,,,,0.00,N,Not at Intersection, ,Non-Junction,None,,,         ,Michael,Dance,Clear,Front to Rear,no,no,no,no,no,False
102671527,METROPOLITAN NASHVILLE POLICE DEPT,2020-0159189,Davidson,Nashville,3/5/2020 4:52:00 PM,2,0,0,36.076730,-86.726410,EDMONDSON PKE,,,,283.00,Feet,West,WALLACE RD,,,,0.00,N,Not at Intersection,N,Non-Junction,None,,,         ,Sean,Williams,Clear,"Sideswipe, Same Direction",no,no,no,no,yes,False
102671532,METROPOLITAN NASHVILLE POLICE DEPT,20200158475,Davidson,Not in City Limit,3/5/2020 12:20:00 PM,1,1,0,36.205650,-86.948930,ASHLAND CITY HWY,,,,539.00,Feet,West,PECAN VALLEY RD,,,,0.00,N,Not at Intersection,N,Non-Junction,None,,,         ,Royce,McLester,Clear,Not Collision with Motor Vehicle in Transport,no,no,no,no,no,False
102671537,METROPOLITAN NASHVILLE POLICE DEPT,20200159409,Davidson,Nashville,3/5/2020 5:14:00 PM,2,0,0,36.064480,-86.628130,MURFREESBORO PKE,,,,153.00,Feet,South,HAMILTON CHURCH RD,,,,0.00,N,Not at Intersection,N,Non-Junction,None,,,         ,Edward,Starke,Clear,Front to Rear,no,no,no,no,yes,False
102671551,METROPOLITAN NASHVILLE POLICE DEPT,20200159309,Davidson,Nashville,3/5/2020 5:30:00 PM,3,0,0,36.155250,-86.790650,15TH AVE N,,,,8.00,Feet,North,US HWY 70S,,,,0.00,N,Not at Intersection,N,Non-Junction,None,,,         ,Goran,Manojlovic,Clear,"Sideswipe, Same Direction",no,no,no,no,yes,False
102671553,METROPOLITAN NASHVILLE POLICE DEPT,20200159297,Davidson,Nashville,3/5/2020 5:43:00 PM,2,0,0,36.114880,-86.724530,I 24,,,,0.00,,,,,,,53.30,N,Not at Intersection,N,Non-Junction,None,,,         ,Andrew,Brazee,Clear,Front to Rear,no,no,no,no,no,False
102671555,METROPOLITAN NASHVILLE POLICE DEPT,20200159390,Davidson,Nashville,3/5/2020 6:16:00 PM,1,1,0,36.135820,-86.639400,LAKEFORD DR,,,,0.00,Feet,East,QUAIL VIEW DR,,,,0.00,N,Not at Intersection,N,Non-Junction,None,,,         ,Deandera,Payne,Clear,Not Collision with Motor Vehicle in Transport,yes,no,no,no,no,False
102671557,METROPOLITAN NASHVILLE POLICE DEPT,20200159406,Davidson,Nashville,3/5/2020 6:20:00 PM,2,0,0,36.134250,-86.775490,WEDGEWOOD AV,,,,260.00,Feet,East,I65 N ENT RAMP,,,,0.00,N,Not at Intersection,N,Non-Junction,None,,,         ,FELIKS,ABRAHAMYAN,Clear,Front to Rear,no,no,no,no,no,False
102671558,METROPOLITAN NASHVILLE POLICE DEPT,20200159415,Davidson,Nashville,3/5/2020 4:45:00 PM,2,0,0,36.157070,-86.787800,12TH AVE N,,,,204.00,Feet,North,US HWY 70,,,,0.00,N,Not at Intersection, ,Non-Junction,None,,,         ,Brent,Morris,Clear,Angle,no,no,no,no,no,False
102671565,METROPOLITAN NASHVILLE POLICE DEPT,20200159504,Davidson,Nashville,3/5/2020 4:00:00 PM,2,0,0,36.181400,-86.799840,I 65,,,,0.00,,,,,,,85.10,N,Not at Intersection,N,Non-Junction,None,,,         ,Jeremy,Smith,Clear,Front to Rear,no,no,no,no,yes,False
102671566,METROPOLITAN NASHVILLE POLICE DEPT,20200159423,Davidson,Nashville,3/5/2020 5:21:00 PM,2,0,0,36.141540,-86.714450,I 40,,,,0.00,,,,,,,214.00,N,Not at Intersection,N,Non-Junction,None,,,         ,Steven,Powers,Clear,Front to Rear,no,no,no,no,no,False
102671574,METROPOLITAN NASHVILLE POLICE DEPT,20200159364,Davidson,Nashville,3/5/2020 4:50:00 PM,2,0,0,36.158380,-86.790670,CHURCH ST,,,,19.00,Feet,West,GEORGE L DAVIS BLVD,,,,0.00,N,Not at Intersection, ,Non-Junction,None,,,         ,Alexander,Hartle,Clear,"Sideswipe, Same Direction",no,no,no,no,no,False
102671581,METROPOLITAN NASHVILLE POLICE DEPT,20200159431,Davidson,Nashville,3/5/2020 5:00:00 PM,2,0,0,36.168410,-86.813610,I40 E EXT RAMP,,,,0.00,Feet,East,I 40,,,,0.00,N,Not at Intersection,N,Entrance/Exit Ramp Related,None,,,         ,Timothy,Skopek,Clear,Front to Rear,no,no,no,no,yes,False
102671586,METROPOLITAN NASHVILLE POLICE DEPT,20200159366,Davidson,Nashville,3/5/2020 5:59:00 PM,2,0,0,36.077400,-86.740300,STATE HWY 255,,,,62.00,Feet,West,BINKLEY DR,,,,0.00,N,Not at Intersection, ,Non-Junction,None,,,         ,John,McDonnell,Clear,Front to Rear,no,no,no,no,yes,False
102671587,METROPOLITAN NASHVILLE POLICE DEPT,20200159518,Davidson,Nashville,3/5/2020 5:42:00 PM,2,0,0,36.251780,-86.717250,E WEBSTER ST,,,,139.00,Feet,East,GALLATIN PKES,,,,0.00,N,Not at Intersection, ,Non-Junction,None,,,         ,Christopher,Littles,Clear,"Sideswipe, Same Direction",no,no,no,no,no,False
102671588,METROPOLITAN NASHVILLE POLICE DEPT,20200159566,Davidson,Nashville,3/5/2020 7:07:00 PM,2,3,0,36.248290,-86.724700,DUE WEST AVW,,,,0.00,,,FREDA VILLA,,,,0.00,Y,T-Intersection,N,Intersection,None,,,         ,Christopher,Littles,Clear,HeadOn,no,no,no,no,no,False
102671589,METROPOLITAN NASHVILLE POLICE DEPT,20200159349,Davidson,Nashville,3/5/2020 6:00:00 PM,1,0,0,36.148600,-86.805300,WEST END,AVE,,2312,20.00,Feet,West,,,,,230.00,N,Not at Intersection, ,,None,,,         ,William,Hamblen,,,no,no,no,no,no,Campus
102671591,METROPOLITAN NASHVILLE POLICE DEPT,20200156401,Davidson,Nashville,3/4/2020 6:05:00 PM,2,0,0,36.110340,-86.738630,THOMPSON LN,,,,93.00,Feet,West,ST EDWARDS DR,,,,0.00,N,Not at Intersection, ,Non-Junction,None,,,         ,Joel,Bennett,Clear,"Sideswipe, Same Direction",no,no,no,no,no,False
102671592,METROPOLITAN NASHVILLE POLICE DEPT,20200159456,Davidson,Nashville,3/5/2020 6:30:00 PM,2,0,0,36.046910,-86.656770,BELL RD,,,,341.00,Feet,West,HICKORY HOLLOW PKWY,,,,0.00,N,Not at Intersection,N,Non-Junction,None,,,         ,Cooper,HIll,Clear,Front to Rear,no,no,no,no,no,False
102671595,METROPOLITAN NASHVILLE POLICE DEPT,20200159512,Davidson,Nashville,3/5/2020 6:09:00 PM,2,0,0,36.169060,-86.682400,LEBANON PKE,,,,0.00,Feet,East,FAIRWAY DR,,,,0.00,N,Not at Intersection, ,,None,,,         ,Joseph,Simon,,,no,no,no,no,no,False
102671609,METROPOLITAN NASHVILLE POLICE DEPT,20200159641,Davidson,Nashville,3/5/2020 7:31:00 PM,3,0,0,36.151810,-86.767710,I 40,,,,0.00,,,,,,,210.50,N,Not at Intersection, ,Non-Junction,None,,,         ,Jason,Milyaro Lucas,Clear,Front to Rear,no,no,no,no,no,False
102671611,METROPOLITAN NASHVILLE POLICE DEPT,20200159276,Davidson,Nashville,3/5/2020 5:30:00 PM,1,1,0,36.204220,-86.621990,OLD HICKORY BLVD,,,,557.00,Feet,South,HILLS LN,,,,0.00,N,Not at Intersection,N,Non-Junction,None,,,         ,Zaire,Murray,Clear,Not Collision with Motor Vehicle in Transport,no,no,no,no,no,False
102671624,METROPOLITAN NASHVILLE POLICE DEPT,20200159558,Davidson,Nashville,3/5/2020 6:45:00 PM,2,0,0,36.142790,-86.706950,I 40,,,,0.00,,,,,,,214.40,N,Not at Intersection,N,Non-Junction,None,,,         ,Heather,Fox,Clear,Front to Rear,no,no,no,no,no,False
102671633,METROPOLITAN NASHVILLE POLICE DEPT,20200159799,Davidson,Nashville,3/5/2020 8:15:00 PM,2,0,0,36.238810,-86.723860,GALLATIN PKES,,,,0.00,,,GALLATIN PKE,,,,0.00,Y,T-Intersection,N,Intersection,None,,,         ,Christopher,Littles,Clear,Angle,no,no,no,no,no,False
102671640,METROPOLITAN NASHVILLE POLICE DEPT,20200159372,Davidson,Nashville,3/5/2020 5:17:00 PM,2,0,0,36.095340,-86.867820,W TYNE DR,,,,0.00,,,PAGE RD,,,,0.00,Y,Four-Way,N,Intersection,None,,,         ,Matthew,Turppa,Clear,HeadOn,no,no,no,no,no,False
102671663,VANDERBILT UNIVERSITY POLICE,20200159768,Davidson,Nashville,3/5/2020 7:40:00 PM,1,0,0,36.144650,-86.800530,21ST AVS,,,,0.00,,,,,,,0.00,,, ,OtherLocation,None,,,         ,Christopher,Dion,Clear,Not Collision with Motor Vehicle in Transport,no,no,no,yes,no,Campus
102671701,METROPOLITAN NASHVILLE POLICE DEPT,20200159537,Davidson,Nashville,3/5/2020 6:00:00 PM,3,0,0,36.169420,-86.679420,LEBANON PKE,,,,140.00,Feet,East,MCGAVOCK PKE,,,,0.00,N,Not at Intersection,N,Non-Junction,None,,,         ,Douglas,Mann,Clear,Front to Rear,no,no,no,no,yes,False
102671720,METROPOLITAN NASHVILLE POLICE DEPT,20200159884,Davidson,Nashville,3/5/2020 8:40:00 PM,2,0,0,36.169550,-86.600980,OLD HICKORY BLVD,,,,0.00,,,I40 E ENT RAMP,,,,0.00,Y,Four-Way,N,Entrance/Exit Ramp Related,None,,,         ,Samuel,Fredericks,Clear,Angle,no,no,no,no,no,False
102671743,METROPOLITAN NASHVILLE POLICE DEPT,20200159850,Davidson,Nashville,3/5/2020 8:30:00 PM,2,2,0,36.158890,-86.782110,8TH AVS,,,,0.00,,,BROADWAY,,,,0.00,Y,Four-Way,N,Intersection-Related,None,,,         ,James,Hill,Clear,Front to Rear,no,no,no,no,no,False
102671765,METROPOLITAN NASHVILLE POLICE DEPT,20200159411,Davidson,Nashville,3/5/2020 6:21:00 PM,2,1,0,36.162410,-86.849290,CENTENNIAL BLVD,,,,56.00,Feet,West,51ST AVN,,,,0.00,N,Not at Intersection, ,Non-Junction,None,,,         ,Je-Marc,Sears,Clear,Angle,no,no,no,no,no,False
102671836,METROPOLITAN NASHVILLE POLICE DEPT,20200159874,Davidson,Nashville,3/5/2020 8:30:00 PM,2,0,0,36.156660,-86.787300,BROADWAY,,,,62.00,Feet,East,12TH AVS,,,,0.00,N,Not at Intersection, ,Non-Junction,None,,,         ,Justen,Ogle,Clear,Angle,no,no,no,yes,no,False
102671853,METROPOLITAN NASHVILLE POLICE DEPT,20200159851,Davidson,Nashville,3/5/2020 8:10:00 PM,2,0,0,36.157570,-86.801490,CHARLOTTE AV,,,,19.00,Feet,West,19TH AVN,,,,0.00,N,Not at Intersection,N,Non-Junction,None,,,         ,Timothy,Skopek,Clear,"Sideswipe, Same Direction",no,no,no,no,yes,False
102671855,METROPOLITAN NASHVILLE POLICE DEPT,20200160155,Davidson,Nashville,3/5/2020 9:57:00 PM,2,0,0,36.176800,-86.771110,RAMP,,,,0.00,Feet,East,I 24,,,,0.00,N,Not at Intersection, ,,None,,,         ,Sarah,Cartwright,,,no,no,no,no,no,False
102671863,METROPOLITAN NASHVILLE POLICE DEPT,20200160002,Davidson,Nashville,3/5/2020 9:18:00 PM,1,0,0,36.185480,-86.752890,LAURENT ST,,,,0.00,,,,,,,0.00,,,N,"Driveway, Alley Access, etc",None,,,         ,Nicholas,Silinsky,Clear,Not Collision with Motor Vehicle in Transport,no,no,no,yes,no,False
102671879,METROPOLITAN NASHVILLE POLICE DEPT,20200160009,Davidson,Nashville,3/5/2020 9:25:00 PM,2,0,0,36.154480,-86.779500,8TH AVS,,,,0.00,Feet,East,PALMER PL,,,,0.00,N,Not at Intersection, ,,None,,,         ,Miles,Posey,,,no,no,no,no,no,False
102671880,METROPOLITAN NASHVILLE POLICE DEPT,20200160198,Davidson,Nashville,3/5/2020 10:20:00 PM,2,0,0,36.141130,-86.627970,BELL RD,,,,0.00,,,ELM HILL PKE,,,,0.00,Y,T-Intersection,Y,Intersection,None,,,         ,Jarrett,Ipox,Clear,Angle,no,no,no,no,yes,False
102671893,METROPOLITAN NASHVILLE POLICE DEPT,20200160375,Davidson,Nashville,3/5/2020 12:00:00 AM,1,0,0,36.130780,-86.694940,BRILEY PKWY N ENT RAMP,,,,0.00,Feet,East,BRILEY PKWYN,,,,0.00,N,Not at Intersection,N,Entrance/Exit Ramp Related,None,,,         ,Jarrett,Ipox,Clear,Not Collision with Motor Vehicle in Transport,no,no,no,no,yes,False
102671895,METROPOLITAN NASHVILLE POLICE DEPT,20200160388,Davidson,Nashville,3/5/2020 11:31:00 PM,2,1,0,36.203740,-86.689600,BRILEY PKWYS,,,,390.00,Feet,South,BRILEY PKWYN,,,,0.00,N,Not at Intersection,N,Non-Junction,None,,,         ,Joseph,Simon,Clear,Front to Rear,no,no,no,no,no,False
102671896,METROPOLITAN NASHVILLE POLICE DEPT,20200160472,Davidson,Nashville,3/5/2020 11:31:00 PM,1,2,0,36.220880,-86.693600,BRILEY PKWYS,,,,155.00,Feet,North,BRILEY PKWYN,,,,0.00,N,Not at Intersection,N,Non-Junction,None,,,         ,Derek,Sibley,Clear,Not Collision with Motor Vehicle in Transport,no,no,no,no,no,False
102671897,METROPOLITAN NASHVILLE POLICE DEPT,20200160405,Davidson,Nashville,3/5/2020 12:00:00 AM,1,0,0,36.185560,-86.691500,BRILEY PKWYS,,,,400.00,Feet,South,BRILEY PKWY S ENT RAMP,,,,0.00,N,Not at Intersection,N,Non-Junction,None,,,         ,Douglas,Mann,Clear,Unknown,no,no,no,no,yes,False
102671898,METROPOLITAN NASHVILLE POLICE DEPT,20200160343,Davidson,Nashville,3/5/2020 11:16:00 PM,1,1,0,36.078760,-86.728790,HARDING PL,,,,793.00,Feet,West,NOLENSVILLE PKE,,,,0.00,N,Not at Intersection,N,Non-Junction,None,,,         ,FELIKS,ABRAHAMYAN,Clear,Not Collision with Motor Vehicle in Transport,yes,no,no,no,no,False
102671911,METROPOLITAN NASHVILLE POLICE DEPT,20200160841,Davidson,Goodlettsville,3/6/2020 2:58:00 AM,1,0,0,36.295610,-86.703110,MCHENRY CENTER PVTDR,,,,402.00,Feet,East,GLEAVES ST,,,,0.00,N,Not at Intersection,N,Non-Junction,None,,,         ,Christopher,Littles,Cloudy,Not Collision with Motor Vehicle in Transport,no,no,no,yes,yes,False
102671929,METROPOLITAN NASHVILLE POLICE DEPT,20200160117,Davidson,Nashville,3/5/2020 9:53:00 PM,1,1,0,36.230320,-86.868230,EATONS CREEK RD,,,,666.00,Feet,North,SULPHUR CREEK RD,,,,0.00,N,Not at Intersection,N,Non-Junction,None,,,         ,Brian,Woodard,Cloudy,Not Collision with Motor Vehicle in Transport,no,no,no,yes,no,False
102671975,METROPOLITAN NASHVILLE POLICE DEPT,20200161031,Davidson,Nashville,3/6/2020 4:30:00 AM,2,0,0,36.153250,-86.794010,17TH AVS,,,,0.00,,,BROADWAY,,,,0.00,Y,Four-Way,Y,Intersection,None,,,         ,Andrew,Kooshian,Clear,Angle,no,no,no,no,no,False
102671981,METROPOLITAN NASHVILLE POLICE DEPT,20200158915,Davidson,Nashville,3/5/2020 2:58:00 PM,2,0,0,36.140610,-86.731940,I 40,,,,0.00,,,,,,,213.00,N,Not at Intersection, ,,None,,,         ,Michael,Douglas,,,no,no,no,no,no,False