master_record_number,agency,agency_tracking_number,county,city,collision_date,vehicles_involved,number_injured,number_dead,latitude,longitude,roadway_name,roadway_suffix,roadway_number,roadway_local_id,distance_from_reference,miles-feet_indicator,direction_from_reference,intersection_road_name,intersection_road_name_suffix,intersection_road_number,intersection_local_id,mile_marker,intersection_indicator,intersect_type,interchange_related_indicator,relation_to_junction,work_zone_type,construction_maintenance_zone,construction_maintenance_zone_location,fatal_case_number,officer_first_name,officer_last_name,weather_condition(s),manner_of_crash,pedestrian,bicycle,scooter,parking,hitrun,mou
102671984,METROPOLITAN NASHVILLE POLICE DEPT,20200159239,Davidson,Nashville,3/5/2020 5:15:00 PM,2,1,0,36.132460,-86.788690,12TH AVS,,,,0.00,,,BELMONT UNIVERSITY PVTDR,,,,0.00,Y,T-Intersection,N,"Driveway, Alley Access, etc",None,,,         ,Nathan,Kemp,Clear,Angle,no,no,no,no,no,False
102672004,METROPOLITAN NASHVILLE POLICE DEPT,2020157762,Davidson,Nashville,3/5/2020 8:18:00 AM,2,0,0,36.168670,-86.776200,JAMES ROBERTSON PKWY,,,,406.00,Feet,East,GAY ST,,,,0.00,N,Not at Intersection, ,Non-Junction,None,,,         ,Cory,West,Clear,"Sideswipe, Same Direction",no,no,no,no,no,False
102672008,METROPOLITAN NASHVILLE POLICE DEPT,20200161170,Davidson,Nashville,3/6/2020 5:19:00 AM,2,0,0,36.046240,-86.660870,I 24,,,,0.00,,,,,,,59.30,N,Not at Intersection,N,Non-Junction,None,,,         ,Patrick,Martin,Clear,Front to Rear,no,no,no,no,yes,False
102672014,METROPOLITAN NASHVILLE POLICE DEPT,20200158444,Davidson,Nashville,3/5/2020 12:05:00 PM,2,0,0,36.152600,-86.754300,I 40,,,,0.00,,,,,,,211.30,N,Not at Intersection,N,Non-Junction,None,,,         ,Russell,Ward,Clear,Front to Rear,no,no,no,no,no,False
102672017,METROPOLITAN NASHVILLE POLICE DEPT,20200159016,Davidson,Nashville,3/5/2020 3:45:00 PM,2,0,0,36.159960,-86.845130,KENTUCKY AV,,,,0.00,Feet,North,48TH AVN,,,,0.00,N,Not at Intersection, ,Non-Junction,None,,,         ,Brandon,O'Guin,Clear,Front to Rear,no,no,no,no,no,False
102672018,METROPOLITAN NASHVILLE POLICE DEPT,20200157945,Davidson,Nashville,3/5/2020 9:06:00 AM,2,0,0,36.113820,-86.809210,WOODMONT BLVD,,,,0.00,,,GOLF CLUB LN,,,,0.00,Y,T-Intersection,N,Intersection,None,,,         ,Keith,Covert,Clear,Angle,no,no,no,no,no,False
102672025,METROPOLITAN NASHVILLE POLICE DEPT,20200147335,Davidson,Nashville,3/1/2020 12:52:00 PM,4,0,0,36.152970,-86.765060,I 40,,,,0.00,,,,,,,210.70,N,Not at Intersection,N,Non-Junction,None,,,         ,Raymond,Flaherty,Clear,Front to Rear,no,no,no,no,yes,False
102672026,METROPOLITAN NASHVILLE POLICE DEPT,20200159094,Davidson,Nashville,3/5/2020 1:30:00 PM,2,0,0,36.159070,-86.664590,DONELSON PKE,,,,0.00,,,MCCAMPBELL AV,,,,0.00,Y,Four-Way, ,,None,,,         ,Raymond,Flaherty,,,no,no,no,no,no,False
102672055,METROPOLITAN NASHVILLE POLICE DEPT,20200161208,Davidson,Nashville,3/6/2020 6:07:00 AM,3,0,0,36.195540,-86.776150,I 65,,,,0.00,,,,,,,86.55,N,Not at Intersection, ,Entrance/Exit Ramp Related,None,,,         ,James,Wray,Clear,Other,no,no,no,no,no,False
102672060,METROPOLITAN NASHVILLE POLICE DEPT,20200161401,Davidson,Nashville,3/5/2020 12:00:00 AM,1,0,0,36.218150,-86.803480,WHITES CREEK PKE,,,,0.00,,,MOORMANS ARM RD,,,,0.00,Y,Four-Way,N,Intersection,None,,,         ,Brian,Quigley,Clear,Not Collision with Motor Vehicle in Transport,no,no,no,no,yes,False
102672068,METROPOLITAN NASHVILLE POLICE DEPT,20200161403,Davidson,Nashville,3/6/2020 7:21:00 AM,3,0,0,36.168290,-86.814660,I 40,,,,0.00,,,,,,,206.85,N,Not at Intersection, ,Non-Junction,None,,,         ,Cody,Jaworski,,Front to Rear,no,no,no,no,no,False
102672088,METROPOLITAN NASHVILLE POLICE DEPT,20200161495,Davidson,Nashville,3/6/2020 8:00:00 AM,2,0,0,36.145230,-86.740450,I 40,,,,0.00,,,,,,,212.25,N,Not at Intersection, ,Non-Junction,None,,,         ,Michael,Brooks,Clear,"Sideswipe, Same Direction",no,no,no,no,no,False
102672098,METROPOLITAN NASHVILLE POLICE DEPT,20200161298,Davidson,Nashville,3/6/2020 6:45:00 AM,2,0,0,36.086550,-86.691540,ANTIOCH PKE,,,,375.00,Feet,South,HARDING PL,,,,0.00,N,Not at Intersection,N,Non-Junction,None,,,         ,Michael,Moss,Clear,Angle,no,no,no,no,no,False
102672099,METROPOLITAN NASHVILLE POLICE DEPT,20200158544,Davidson,Nashville,3/5/2020 12:25:00 PM,2,0,0,36.153760,-86.756900,I 40,,,,0.00,,,,,,,211.15,N,Not at Intersection,N,Non-Junction,None,,,         ,Jordan,Shaffer,Clear,"Sideswipe, Same Direction",no,no,no,no,yes,False
102672101,METROPOLITAN NASHVILLE POLICE DEPT,20200161446,Davidson,Nashville,3/6/2020 7:41:00 AM,2,1,0,36.194860,-86.779790,BAPTIST WORLD CENTER DR,,,,0.00,,,VASHTI ST,,,,0.00,Y,T-Intersection,Y,Intersection,None,,,         ,Keith,Parlato,Cloudy,Angle,no,no,no,no,no,False
102672102,METROPOLITAN NASHVILLE POLICE DEPT,2020-0161508,Davidson,Madison,3/6/2020 8:00:00 AM,2,0,0,36.269390,-86.756610,OLD HICKORY BLVD,,,,261.00,Feet,West,DICKERSON PKE,,,,0.00,N,Not at Intersection, ,Non-Junction,None,,,         ,Travis,Baxter,Cloudy,Angle,no,no,no,no,no,False
102672110,VANDERBILT UNIVERSITY POLICE,200158731,Davidson,Nashville,3/5/2020 1:35:00 PM,2,0,0,36.139590,-86.804850,24TH AVE S,,,,0.00,,,,,,,0.00,,, ,,None,,,         ,Robert,Pasinger,,,no,no,no,yes,no,Campus
102672119,METROPOLITAN NASHVILLE POLICE DEPT,20200159144,Davidson,Nashville,3/5/2020 4:35:00 PM,2,1,0,36.154120,-86.777880,LAFAYETTE ST,,,,0.00,,,7TH AVS,,,,0.00,Y,Four-Way, ,Intersection,None,,,         ,Michael,Douglas,Clear,Angle,no,no,no,no,no,False
102672126,METROPOLITAN NASHVILLE POLICE DEPT,20200161574,Davidson,Nashville,3/6/2020 8:21:00 AM,2,1,0,36.109610,-86.728930,THOMPSON LN,,,,267.00,Feet,West,BRILEY PKWYN,,,,0.00,N,Not at Intersection,N,Non-Junction,None,,,         ,Patrick,Martin,Clear,Front to Rear,no,no,no,no,no,False
102672131,METROPOLITAN NASHVILLE POLICE DEPT,20200161757,Davidson,Nashville,3/6/2020 9:22:00 AM,1,1,0,36.132980,-86.905520,CHARLOTTE PKE PVTDR,,,,909.00,Feet,North,BROOKMEADE GRNWY,,,,0.00,N,Not at Intersection,N,OtherLocation,None,,,         ,Curtis,Rich,Cloudy,Not Collision with Motor Vehicle in Transport,yes,no,no,yes,no,False
102672134,METROPOLITAN NASHVILLE POLICE DEPT,20200161750,Davidson,Nashville,3/6/2020 9:30:00 AM,2,0,0,36.140240,-86.728290,I 24,,,,0.00,,,,,,,51.50,N,Not at Intersection, ,Non-Junction,None,,,         ,Michael,Dance,Cloudy,"Sideswipe, Same Direction",no,no,no,no,no,False
102672137,METROPOLITAN NASHVILLE POLICE DEPT,20200161616,Davidson,Nashville,3/6/2020 8:39:00 AM,2,0,0,36.115800,-86.782750,I 440,,,,0.00,,,,,,,4.40,N,Not at Intersection,N,Non-Junction,None,,,         ,Nathan,Kemp,Clear,Front to Rear,no,no,no,no,yes,False
102672138,METROPOLITAN NASHVILLE POLICE DEPT,20200161503,Davidson,Nashville,3/6/2020 8:00:00 AM,3,2,0,36.167330,-86.762930,SHELBY AV,,,,232.00,Feet,West,S 5TH ST,,,,0.00,N,Not at Intersection,N,Non-Junction,None,,,         ,Douglas,Smith,Clear,Front to Rear,no,no,no,no,no,False
102672141,BELLE MEADE POLICE DEPT,20-0053,Davidson,Belle Meade,3/6/2020 7:57:00 AM,2,0,0,36.119450,-86.855160,HARDING PKE,,,,50.00,Feet,West,BELLE MEADE BLVD,,,,0.00,N,Not at Intersection, ,,None,,,         ,Wes,Bowker,,,no,no,no,no,no,False
102672146,METROPOLITAN NASHVILLE POLICE DEPT,20200161712,Davidson,Nashville,3/6/2020 9:16:00 AM,2,0,0,36.170110,-86.597440,I 40,,,,0.00,,,,,,,221.00,N,Not at Intersection, ,Non-Junction,None,,,         ,Michael,Brooks,Cloudy,"Sideswipe, Same Direction",no,no,no,no,no,False
102672152,METROPOLITAN NASHVILLE POLICE DEPT,20200161699,Davidson,Nashville,3/6/2020 9:09:00 AM,2,0,0,36.183460,-86.748950,W EASTLAND AV,,,,119.00,Feet,West,GALLATIN AV,,,,0.00,N,Not at Intersection, ,Non-Junction,None,,,         ,Torrance,Bennett,Cloudy,Angle,no,no,no,no,no,False
102672154,METROPOLITAN NASHVILLE POLICE DEPT,20200161706,Davidson,Nashville,3/6/2020 8:35:00 AM,2,0,0,36.180080,-86.811260,BUCHANAN ST,,,,64.00,Feet,West,DR D B TODD JR BLVD,,,,0.00,N,Not at Intersection, ,Non-Junction,None,,,         ,Isaac,Wood,Cloudy,Angle,no,no,no,no,no,False
102672155,METROPOLITAN NASHVILLE POLICE DEPT,20200161851,Davidson,Nashville,3/6/2020 10:08:00 AM,2,0,0,36.111010,-86.753600,THOMPSON LN,,,,29.00,Feet,West,FOSTER CREIGHTON DR,,,,0.00,N,Not at Intersection, ,Non-Junction,None,,,         ,McKenzie,Harper,Clear,Front to Rear,no,no,no,no,no,False
102672156,METROPOLITAN NASHVILLE POLICE DEPT,20200161830,Davidson,Nashville,3/6/2020 9:54:00 AM,2,0,0,36.145230,-86.666750,DONELSON PKE,,,,0.00,,,SHACKLETT DR,,,,0.00,Y,T-Intersection,N,Intersection,None,,,         ,Michael,Brooks,Cloudy,Front to Rear,no,no,no,no,yes,False
102672163,METROPOLITAN NASHVILLE POLICE DEPT,20200161391,Davidson,Nashville,3/6/2020 7:16:00 AM,2,0,0,36.171180,-86.768890,INTERSTATE DR,,,,0.00,,,MAIN ST,,,,0.00,Y,T-Intersection, ,,None,,,         ,Joshua,Reece,,,no,no,no,no,no,False
102672164,METROPOLITAN NASHVILLE POLICE DEPT,20200159214,Davidson,Madison,3/5/2020 5:04:00 PM,2,1,0,36.269260,-86.755740,OLD HICKORY BLVDW,,,,0.00,,,DICKERSON PKE,,,,0.00,Y,Four-Way,N,Intersection-Related,None,,,         ,Frederick,Nelson,Clear,HeadOn,no,no,no,no,no,False
102672169,METROPOLITAN NASHVILLE POLICE DEPT,20200161802,Davidson,Nashville,3/6/2020 9:47:00 AM,2,0,0,36.066560,-86.718220,NORTHCREST DR,,,,100.00,Feet,West,NOLENSVILLE PKE,,,,0.00,N,Not at Intersection,N,Non-Junction,None,,,         ,Earl,Davis,Cloudy,HeadOn,no,no,no,no,no,False
102672171,METROPOLITAN NASHVILLE POLICE DEPT,20200161504,Davidson,Nashville,3/6/2020 8:03:00 AM,2,0,0,36.170520,-86.807060,DR D B TODD JR BLVD,,,,4.00,Feet,North,SCOVEL ST,,,,0.00,N,Not at Intersection, ,Non-Junction,None,,,         ,Bianca,Crawford,Clear,"Sideswipe, Same Direction",no,no,no,no,no,False
102672177,METROPOLITAN NASHVILLE POLICE DEPT,20200161902,Davidson,Nashville,3/6/2020 10:27:00 AM,2,0,0,36.205310,-86.778010,BRICK CHURCH PKE,,,,0.00,,,I65 S ENT RAMP,,,,0.00,Y,OTHER, ,Non-Junction,None,,,         ,James,Wray,Clear,"Sideswipe, Same Direction",no,no,no,no,no,False
102672198,METROPOLITAN NASHVILLE POLICE DEPT,20200161315,Davidson,Nashville,3/6/2020 11:33:00 AM,2,0,0,36.151610,-86.860350,I40 E EXT RAMP,,,,0.00,,,I 40,,,,0.00,Y,Y-Intersection,N,Entrance/Exit Ramp Related,None,,,         ,Curtis,Rich,Cloudy,Angle,no,no,no,no,no,False
102672214,METROPOLITAN NASHVILLE POLICE DEPT,20200161564,Davidson,Nashville,3/6/2020 8:22:00 AM,2,1,0,36.112890,-86.689010,MURFREESBORO PKE,,,,0.00,,,MCGAVOCK PKE,,,,0.00,Y,T-Intersection,N,Intersection-Related,None,,,         ,Alex,Moore,Clear,Front to Rear,no,no,no,no,no,False
102672219,METROPOLITAN NASHVILLE POLICE DEPT,20200162094,Davidson,Nashville,3/6/2020 11:49:00 AM,2,0,0,36.187950,-86.607770,OLD LEBANON DIRT RD,,,,0.00,,,ANDREW JACKSON PKWY,,,,0.00,Y,Four-Way, ,Intersection-Related,None,,,         ,Michael,Brooks,Cloudy,Front to Rear,no,no,no,no,no,False
102672254,METROPOLITAN NASHVILLE POLICE DEPT,20200161876,Davidson,Nashville,3/6/2020 10:06:00 AM,2,0,0,36.176400,-86.767430,SPRING ST ENT RAMP,,,,0.00,,,SPRING ST,,,,0.00,Y,Y-Intersection, ,Intersection-Related,None,,,         ,Doyle,Price,Clear,Front to Rear,no,no,no,no,no,False
102672258,METROPOLITAN NASHVILLE POLICE DEPT,20200162181,Davidson,Nashville,3/6/2020 12:38:00 PM,2,0,0,36.187430,-86.773360,CLEVELAND ST,,,,0.00,,,DICKERSON PKE,,,,0.00,Y,Four-Way, ,,None,,,         ,Brandon,Evans,,,no,no,no,no,no,False
102672315,METROPOLITAN NASHVILLE POLICE DEPT,20200162183,Davidson,Nashville,3/6/2020 12:28:00 PM,3,0,0,36.119230,-86.842320,WOODMONT BLVD,,,,358.00,Feet,North,REVERE PK,,,,0.00,N,Not at Intersection, ,Non-Junction,None,,,         ,Alexis,Pond,Clear,Front to Rear,no,no,no,no,no,False
102672348,METROPOLITAN NASHVILLE POLICE DEPT,20200162075,Davidson,Not in City Limit,3/6/2020 11:41:00 AM,2,0,0,36.263440,-86.690170,MYATT DR,,,,0.00,,,,,,,0.00,,,N,OtherLocation,None,,,         ,Nathan,Mayo,Clear,Angle,no,no,no,yes,no,False
102672349,METROPOLITAN NASHVILLE POLICE DEPT,20200162224,Davidson,Nashville,3/6/2020 12:43:00 PM,2,0,0,36.071990,-86.774110,OVERTON LN,,,,62.00,Feet,North,FRANKLIN PKE,,,,0.00,N,Not at Intersection, ,Non-Junction,None,,,         ,Nathan,Kemp,Clear,Front to Rear,no,no,no,no,no,False
102672350,METROPOLITAN NASHVILLE POLICE DEPT,20200162289,Davidson,Nashville,3/6/2020 1:04:00 PM,2,0,0,36.167720,-86.796110,I 40,,,,0.00,,,,,,,208.20,N,Not at Intersection,N,Non-Junction,None,,,         ,Nathan,Kemp,Clear,"Sideswipe, Same Direction",no,no,no,no,yes,False
102672351,METROPOLITAN NASHVILLE POLICE DEPT,2020 0162211,Davidson,Nashville,3/6/2020 12:35:00 PM,2,1,0,36.115220,-86.810680,HILLSBORO PKE,,,,208.00,Feet,South,HAMPTON PL,,,,0.00,N,Not at Intersection,N,Non-Junction,None,,,         ,Paul,Junkmann,Cloudy,Angle,no,no,no,no,no,False
102672354,METROPOLITAN NASHVILLE POLICE DEPT,20200162156,Davidson,Nashville,3/6/2020 12:12:00 PM,2,0,0,36.089950,-86.687990,HARDING PL,,,,147.00,Feet,West,OLD EZELL RD,,,,0.00,N,Not at Intersection,N,Non-Junction,None,,,         ,Patrick,Martin,Clear,Front to Rear,no,no,no,no,no,False
102672356,METROPOLITAN NASHVILLE POLICE DEPT,20200162380,Davidson,Nashville,3/6/2020 1:43:00 PM,1,0,0,36.144540,-86.694910,I40 W ENT RAMP,,,,0.00,Feet,East,I 40,,,,0.00,N,Not at Intersection,N,Non-Junction,None,,,         ,Joshua,Hausman,Clear,Not Collision with Motor Vehicle in Transport,no,no,no,no,no,False
102672364,METROPOLITAN NASHVILLE POLICE DEPT,20200162364,Davidson,Nashville,3/6/2020 1:32:00 PM,2,0,0,36.041140,-86.776210,OLD HICKORY BLVD,,,,0.00,,,BRENTWOOD COMMONS WAY,,,,0.00,Y,Four-Way, ,Intersection,None,,,         ,Earl,Davis,Clear,"Sideswipe, Same Direction",no,no,no,no,no,False
102672380,METROPOLITAN NASHVILLE POLICE DEPT,20200161954,Davidson,Nashville,3/6/2020 10:52:00 AM,2,0,0,36.150840,-86.855130,CHARLOTTE PKE,,,,217.00,Feet,West,CHARLOTTE AV,,,,0.00,N,Not at Intersection,N,"Driveway, Alley Access, etc",Construction Zone,,,         ,Phillip,Murphy,Clear,"Sideswipe, Same Direction",no,no,no,no,no,False
102672383,METROPOLITAN NASHVILLE POLICE DEPT,20200162165,Davidson,Nashville,3/6/2020 12:17:00 PM,3,2,0,36.143400,-86.737260,I 40,,,,0.00,,,,,,,212.65,N,Not at Intersection,N,Non-Junction,None,,,         ,Michael,Dance,Clear,Front to Rear,no,no,no,no,no,False
102672384,METROPOLITAN NASHVILLE POLICE DEPT,20200162381,Davidson,Nashville,3/6/2020 1:28:00 PM,1,0,0,36.064950,-86.684740,I 24,,,,0.00,,,,,,,57.40,N,Not at Intersection, ,Non-Junction,None,,,         ,Michael,Moss,Clear,Not Collision with Motor Vehicle in Transport,no,no,no,no,no,False
102672397,METROPOLITAN NASHVILLE POLICE DEPT,20200162349,Davidson,Nashville,3/6/2020 1:23:00 PM,2,0,0,36.209500,-86.839300,CLARKSVILLE PKE,,,,437.00,Feet,North,W HAMILTON RD,,,,0.00,N,Not at Intersection,N,Non-Junction,None,,,         ,James,Wray,Clear,Front to Rear,no,no,no,yes,yes,False
102672403,METROPOLITAN NASHVILLE POLICE DEPT,20200162309,Davidson,Nashville,3/6/2020 12:48:00 PM,2,0,0,36.219700,-86.750530,HART LN,,,,552.00,Feet,West,ELLINGTON PKWY S EXT RAMP,,,,0.00,N,Not at Intersection,N,Non-Junction,None,,,         ,Joshua,Baker,Clear,Other,no,no,no,yes,yes,False
102672422,METROPOLITAN NASHVILLE POLICE DEPT,2020-0162227,Davidson,Nashville,3/6/2020 12:40:00 PM,2,0,0,36.079620,-86.726320,NOLENSVILLE PKE,,,,3.00,Feet,North,HARDING PL,,,,0.00,N,Not at Intersection, ,Non-Junction,None,,,         ,Sean,Williams,Clear,Front to Rear,no,no,no,no,no,False
102672425,METROPOLITAN NASHVILLE POLICE DEPT,20200162121,Davidson,Nashville,3/6/2020 11:50:00 AM,2,0,0,36.153000,-86.842250,46TH AVN,,,,110.00,Feet,South,I40 E ENT RAMP,,,,0.00,N,Not at Intersection, ,Non-Junction,None,,,         ,Gerry,Hutcheson,Clear,Angle,no,no,no,no,yes,False
102672465,METROPOLITAN NASHVILLE POLICE DEPT,20200162531,Davidson,Nashville,3/6/2020 2:37:00 PM,2,0,0,36.109230,-86.812620,CRESTMOOR RD,,,,219.00,Feet,West,HILLSBORO PKE,,,,0.00,N,Not at Intersection, ,Non-Junction,None,,,         ,Curtis,Rich,Cloudy,Angle,no,no,no,no,no,False
102672466,METROPOLITAN NASHVILLE POLICE DEPT,20200162457,Davidson,Nashville,3/6/2020 2:07:00 PM,2,0,0,36.030280,-86.638470,I 24,,,,0.00,,,,,,,61.00,N,Not at Intersection,N,Non-Junction,None,,,         ,Patrick,Martin,Clear,Front to Rear,no,no,no,no,no,False
102672468,METROPOLITAN NASHVILLE POLICE DEPT,20200162433,Davidson,Nashville,3/6/2020 1:55:00 PM,1,0,0,36.207310,-86.871090,BRILEY PKWY S ENT RAMP,,,,0.00,Feet,East,BRILEY PKWYN,,,,0.00,N,Not at Intersection, ,Non-Junction,None,,,         ,Brian,Quigley,Clear,Not Collision with Motor Vehicle in Transport,no,no,no,no,no,False
102672469,METROPOLITAN NASHVILLE POLICE DEPT,20200162494,Davidson,Nashville,3/6/2020 1:00:00 PM,2,0,0,36.183980,-86.798020,ROSA L PARKS BLVD,,,,44.00,Feet,North,I65 N ENT RAMP,,,,0.00,N,Not at Intersection, ,Non-Junction,None,,,         ,Bianca,Crawford,Clear,"Sideswipe, Opposite Direction",no,no,no,no,yes,False
102672471,METROPOLITAN NASHVILLE POLICE DEPT,20200162371,Davidson,Nashville,3/6/2020 1:39:00 PM,2,2,0,36.169090,-86.809600,21ST AVN,,,,0.00,,,JEFFERSON ST,,,,0.00,Y,Four-Way,N,Intersection,None,,,         ,Brian,Mclarty,Clear,Angle,no,no,no,no,no,False
102672481,METROPOLITAN NASHVILLE POLICE DEPT,20200162308,Davidson,Nashville,3/6/2020 1:00:00 PM,1,1,0,36.074250,-86.618620,BRANTLEY DR,,,,15.00,Feet,East,MOSSDALE,DR,,,0.00,N,Not at Intersection,N,Non-Junction,None,,,         ,MIchael,Mihajlov,Clear,Not Collision with Motor Vehicle in Transport,no,no,no,no,no,False
102672512,METROPOLITAN NASHVILLE POLICE DEPT,20200162612,Davidson,Nashville,3/6/2020 2:41:00 PM,3,1,0,36.074170,-86.638350,MURFREESBORO PKE,,,,143.00,Feet,South,RURAL HILL RD,,,,0.00,N,Not at Intersection, ,Non-Junction,None,,,         ,Michael,Dance,Clear,Front to Rear,no,no,no,no,no,False
102672514,METROPOLITAN NASHVILLE POLICE DEPT,20200162658,Davidson,Nashville,3/6/2020 3:10:00 PM,2,0,0,36.093780,-86.839600,ESTES RD,,,,313.00,Feet,South,TRIMBLE RD,,,,0.00,N,Not at Intersection, ,,None,,,         ,Curtis,Rich,,,no,no,no,no,no,False
102672541,METROPOLITAN NASHVILLE POLICE DEPT,20200162571,Davidson,Nashville,3/6/2020 3:10:00 PM,2,0,0,36.149670,-86.859930,OCEOLA AV,,,,0.00,,,CHARLOTTE PKE,,,,0.00,Y,OTHER, ,Unknown,None,,,         ,George,Spencer,Clear,Angle,no,no,no,no,no,False
102672542,METROPOLITAN NASHVILLE POLICE DEPT,20200162435,Davidson,Not in City Limit,3/6/2020 2:00:00 PM,2,0,0,36.263090,-86.690580,E OLD HICKORY BLVD,,,,24.00,Feet,West,MYATT DR,,,,0.00,N,Not at Intersection, ,Non-Junction,None,,,         ,Keenan,McCann,Cloudy,HeadOn,no,no,no,no,no,False
102672552,METROPOLITAN NASHVILLE POLICE DEPT,20200162615,Davidson,Nashville,3/6/2020 3:06:00 PM,2,0,0,36.170250,-86.821360,ED TEMPLE BLVD,,,,225.00,Feet,North,SCHRADER LN,,,,0.00,N,Not at Intersection, ,,None,,,         ,Micah,Wright,,,no,no,no,no,no,False
102672568,METROPOLITAN NASHVILLE POLICE DEPT,20200162377,Davidson,Nashville,3/6/2020 1:35:00 PM,3,1,0,36.231770,-86.724870,GALLATIN PKE,,,,211.00,Feet,South,INGLEWOOD DR,,,,0.00,N,Not at Intersection,N,Non-Junction,None,,,         ,Andrew,Ivey,Clear,Front to Rear,no,no,no,no,no,False
102672577,METROPOLITAN NASHVILLE POLICE DEPT,20200162617,Davidson,Nashville,3/6/2020 3:15:00 PM,2,0,0,36.194860,-86.779790,BAPTIST WORLD CENTER DR,,,,0.00,,,VASHTI ST,,,,0.00,Y,T-Intersection, ,Intersection,None,,,         ,Keith,Parlato,Clear,Angle,no,no,no,no,no,False
102672580,METROPOLITAN NASHVILLE POLICE DEPT,20200162626,Davidson,Nashville,3/6/2020 3:10:00 PM,2,0,0,36.193770,-86.817050,MAINSTREAM DR,,,,521.00,Feet,South,FREELANDS STATION RD,,,,0.00,N,Not at Intersection, ,Non-Junction,None,,,         ,Bianca,Crawford,Clear,Front to Rear,no,no,no,no,no,False
102672581,METROPOLITAN NASHVILLE POLICE DEPT,20200162518,Davidson,Nashville,3/6/2020 2:35:00 PM,2,1,0,36.166450,-86.764840,I 24,,,,0.00,,,,,,,49.00,N,Not at Intersection, ,Non-Junction,None,,,         ,Rachel,Susee,Clear,Front to Rear,no,no,no,no,no,False
102672596,METROPOLITAN NASHVILLE POLICE DEPT,20200162485,Davidson,Nashville,3/6/2020 2:20:00 PM,2,0,0,36.108200,-86.677840,MURFREESBORO PKE,,,,327.00,Feet,West,DELL PKWY,,,,0.00,N,Not at Intersection, ,Non-Junction,None,,,         ,Timothy,Mead,Clear,Front to Rear,no,no,no,no,no,False
102672602,METROPOLITAN NASHVILLE POLICE DEPT,20200162723,Davidson,Nashville,3/6/2020 3:59:00 PM,2,0,0,36.136080,-86.884700,CHARLOTTE PKE,,,,248.00,Feet,East,BROOK HOLLOW RD,,,,0.00,N,Not at Intersection,N,Non-Junction,None,,,         ,Benjamin,Cantrell,Clear,Front to Rear,no,no,no,yes,no,False
102672607,METROPOLITAN NASHVILLE POLICE DEPT,20200162624,Davidson,Nashville,3/6/2020 3:17:00 PM,2,0,0,36.171460,-86.767980,I 24,,,,0.00,,,,,,,48.40,N,Not at Intersection, ,Non-Junction,None,,,         ,Michael,Agee,Clear,Front to Rear,no,no,no,no,no,False
102672608,METROPOLITAN NASHVILLE POLICE DEPT,20200158360,Davidson,Nashville,3/5/2020 11:30:00 AM,3,0,0,36.209500,-86.776100,I 65,,,,0.00,,,,,,,87.55,N,Not at Intersection,N,Non-Junction,None,,,         ,Pamela,Caulder,Clear,"Sideswipe, Same Direction",no,no,no,no,no,False
102672609,METROPOLITAN NASHVILLE POLICE DEPT,20200161651,Davidson,Not in City Limit,3/6/2020 8:50:00 AM,1,1,0,36.352170,-86.890700,BAXTER RD,,,,1112.00,Feet,East,BIDWELL RD,,,,0.00,N,Not at Intersection,N,Non-Junction,None,,,         ,Pamela,Caulder,Clear,Not Collision with Motor Vehicle in Transport,no,no,no,no,no,False
102672626,METROPOLITAN NASHVILLE POLICE DEPT,20200162651,Davidson,Nashville,3/6/2020 3:29:00 PM,3,1,0,36.151010,-86.750290,I 40,,,,0.00,,,,,,,211.60,N,Not at Intersection, ,Non-Junction,None,,,         ,Joshua,Hausman,Clear,Front to Rear,no,no,no,no,no,False
102672628,METROPOLITAN NASHVILLE POLICE DEPT,20200162688,Davidson,Nashville,3/6/2020 3:47:00 PM,2,0,0,36.144260,-86.813530,WEST END AV,,,,58.00,Feet,East,29TH AVS,,,,0.00,N,Not at Intersection,N,Non-Junction,None,,,         ,Nathan,Kemp,Clear,"Sideswipe, Same Direction",no,no,no,no,no,Campus
102672629,METROPOLITAN NASHVILLE POLICE DEPT,20200162761,Davidson,Nashville,3/6/2020 4:18:00 PM,2,0,0,36.147040,-86.808230,WEST END AV,,,,25.00,Feet,East,25TH AVS,,,,0.00,N,Not at Intersection, ,Non-Junction,None,,,         ,Nathan,Kemp,Clear,Angle,no,no,no,no,no,Campus
102672633,METROPOLITAN NASHVILLE POLICE DEPT,20200162668,Davidson,Not in City Limit,3/6/2020 3:39:00 PM,2,0,0,36.262280,-86.738020,I 65,,,,0.00,,,,,,,92.10,N,Not at Intersection, ,Non-Junction,None,,,         ,Ian,Wilson,Clear,"Sideswipe, Same Direction",no,no,no,no,no,False
102672641,METROPOLITAN NASHVILLE POLICE DEPT,20200156761,Davidson,Antioch,3/4/2020 9:45:00 PM,3,4,1,36.037180,-86.600460,MURFREESBORO PKE,,,,1007.00,Feet,South,OLD HICKORY BLVD,,,,0.00,N,Not at Intersection,N,Non-Junction,None,,,20-0150  ,Christopher,Augustin,Clear,Angle,no,no,no,no,no,False
102672642,METROPOLITAN NASHVILLE POLICE DEPT,20200162762,Davidson,Nashville,3/6/2020 4:18:00 PM,2,0,0,36.039980,-86.742910,OLD HICKORY BLVD,,,,166.00,Feet,East,EDMONDSON PKE,,,,0.00,N,Not at Intersection, ,Non-Junction,None,,,         ,Christopher,Alceus,Clear,"Sideswipe, Same Direction",no,no,no,no,no,False
102672662,METROPOLITAN NASHVILLE POLICE DEPT,20200162809,Davidson,Nashville,3/6/2020 4:32:00 PM,2,0,0,36.038210,-86.800900,OLD HICKORY BLVD,,,,0.00,,,WESTPARK DR,,,,0.00,Y,T-Intersection, ,Intersection,None,,,         ,Earl,Davis,Clear,Angle,no,no,no,no,no,False