master_record_number,agency,agency_tracking_number,county,city,collision_date,vehicles_involved,number_injured,number_dead,latitude,longitude,roadway_name,roadway_suffix,roadway_number,roadway_local_id,distance_from_reference,miles-feet_indicator,direction_from_reference,intersection_road_name,intersection_road_name_suffix,intersection_road_number,intersection_local_id,mile_marker,intersection_indicator,intersect_type,interchange_related_indicator,relation_to_junction,work_zone_type,construction_maintenance_zone,construction_maintenance_zone_location,fatal_case_number,officer_first_name,officer_last_name,weather_condition(s),manner_of_crash,pedestrian,bicycle,scooter,parking,hitrun,mou
102673564,METROPOLITAN NASHVILLE POLICE DEPT,20200165396,Davidson,Nashville,3/7/2020 11:50:00 AM,2,0,0,36.192840,-86.829900,CLARKSVILLE PKE,,,,150.00,Feet,West,CLIFF DR,,,,0.00,N,Not at Intersection, ,Non-Junction,None,,,         ,Donald,Davidson,Clear,Other,no,no,no,no,no,False
102673608,METROPOLITAN NASHVILLE POLICE DEPT,20200165493,Davidson,Nashville,3/7/2020 1:05:00 PM,2,0,0,36.175720,-86.719210,BRITTANY DR,,,,0.00,,,BARCLAY DR,,,,0.00,Y,Four-Way, ,,None,,,         ,Russell,Freeman,,,no,no,no,no,no,False
102673609,METROPOLITAN NASHVILLE POLICE DEPT,20200165565,Davidson,Nashville,3/7/2020 2:01:00 PM,2,0,0,36.140980,-86.729460,I 40,,,,0.00,,,,,,,213.15,N,Not at Intersection,N,Non-Junction,None,,,         ,Michael,Dance,Clear,Front to Rear,no,no,no,no,yes,False
102673611,METROPOLITAN NASHVILLE POLICE DEPT,20200165436,Davidson,Nashville,3/7/2020 12:49:00 PM,2,0,0,36.176080,-86.766520,SPRING ST,,,,34.00,Feet,West,ELLINGTON PKWYS,,,,0.00,N,Not at Intersection, ,Non-Junction,None,,,         ,Joseph,Progar,Clear,Front to Rear,no,no,no,no,no,False
102673613,METROPOLITAN NASHVILLE POLICE DEPT,20200165514,Davidson,Nashville,3/7/2020 1:30:00 PM,2,0,0,36.136060,-86.788710,12TH AVS,,,,39.00,Feet,South,WEDGEWOOD AV,,,,0.00,N,Not at Intersection, ,Non-Junction,None,,,         ,Brent,Bauer,Clear,Front to Rear,no,no,no,no,no,False
102673614,METROPOLITAN NASHVILLE POLICE DEPT,20200165371,Davidson,Nashville,3/7/2020 11:50:00 AM,1,1,0,36.064610,-86.691640,HORIZON PARK APTS PVTDR,,,,248.00,Feet,North,PACKARD DR,,,,0.00,N,Not at Intersection,N,Non-Junction,None,,,         ,Theodore,Flick,Clear,Not Collision with Motor Vehicle in Transport,yes,no,no,yes,no,False
102673616,METROPOLITAN NASHVILLE POLICE DEPT,20200165461,Davidson,Nashville,3/7/2020 12:25:00 PM,2,0,0,36.201960,-86.739410,GALLATIN PKE,,,,16.00,Feet,South,DOZIER PL,,,,0.00,N,Not at Intersection, ,OtherLocation,None,,,         ,Eric,Knight,Clear,Angle,no,no,no,no,no,False
102673645,METROPOLITAN NASHVILLE POLICE DEPT,20200165584,Davidson,Nashville,3/7/2020 12:00:00 AM,2,0,0,36.167330,-86.762930,SHELBY AV,,,,232.00,Feet,West,S 5TH ST,,,,0.00,N,Not at Intersection,N,Non-Junction,None,,,         ,Douglas,Smith,Clear,Unknown,no,no,no,no,yes,False
102673652,METROPOLITAN NASHVILLE POLICE DEPT,20200165591,Davidson,Nashville,3/7/2020 2:00:00 PM,2,0,0,36.183340,-86.775350,I 24,,,,0.00,,,,,,,47.35,N,Not at Intersection, ,Non-Junction,None,,,         ,Donald,Davidson,Clear,Front to Rear,no,no,no,no,no,False
102673665,METROPOLITAN NASHVILLE POLICE DEPT,20200165428,Davidson,Nashville,3/7/2020 12:43:00 PM,2,0,0,36.110940,-86.745220,THOMPSON LN,,,,0.00,,,NOLENSVILLE PKE,,,,0.00,Y,Four-Way, ,,None,,,         ,Brian,Sherman,,,no,no,no,no,no,False
102673669,METROPOLITAN NASHVILLE POLICE DEPT,20200165614,Davidson,Nashville,3/7/2020 2:32:00 PM,2,0,0,36.063550,-86.771440,I 65,,,,0.00,,,,,,,75.50,N,Not at Intersection, ,Non-Junction,None,,,         ,Nathan,Kemp,Clear,"Sideswipe, Same Direction",no,no,no,no,no,False
102673670,METROPOLITAN NASHVILLE POLICE DEPT,20200165477,Davidson,Nashville,3/7/2020 12:57:00 PM,2,1,0,36.046320,-86.661000,I 24,,,,0.00,,,,,,,59.30,N,Not at Intersection,N,Entrance/Exit Ramp Related,None,,,         ,Patrick,Martin,Clear,Front to Rear,no,no,no,no,no,False
102673689,METROPOLITAN NASHVILLE POLICE DEPT,20200165579,Davidson,Nashville,3/7/2020 2:16:00 PM,2,0,0,36.187940,-86.629710,LEBANON PKE,,,,719.00,Feet,East,CENTRAL PKE,,,,0.00,N,Not at Intersection,N,Non-Junction,None,,,         ,Joshua,Hausman,Clear,Front to Rear,no,no,no,no,yes,False
102673696,METROPOLITAN NASHVILLE POLICE DEPT,20200165639,Davidson,Nashville,3/7/2020 2:42:00 PM,2,0,0,36.128990,-86.795260,BELMONT BLVD,,,,0.00,,,ASHWOOD AVE,,,,0.00,Y,T-Intersection,N,Non-Junction,None,,,         ,Walter,Cothran,Clear,Angle,no,no,no,no,yes,False
102673702,BELLE MEADE POLICE DEPT,20-0057,Davidson,Belle Meade,3/7/2020 11:57:00 AM,2,0,0,36.122210,-86.851450,HARDING PKE,,,,15.00,Feet,South,HILLWOOD BLVD,,,,0.00,N,Not at Intersection, ,Non-Junction,None,,,         ,Wes,Bowker,Clear,Front to Rear,no,no,no,no,no,False
102673728,METROPOLITAN NASHVILLE POLICE DEPT,20200165601,Davidson,Nashville,3/7/2020 2:08:00 PM,3,0,0,36.168350,-86.656860,STEWARTS FERRY PKE,,,,0.00,,,LEBANON PKE,,,,0.00,Y,Four-Way, ,Non-Junction,None,,,         ,Michael,Brooks,Clear,Front to Rear,no,no,no,no,no,False
102673751,METROPOLITAN NASHVILLE POLICE DEPT,20200165699,Davidson,Nashville,3/7/2020 3:10:00 PM,2,0,0,36.053620,-86.673110,I 24,,,,0.00,,,,,,,58.40,N,Not at Intersection, ,Non-Junction,None,,,         ,Theodore,Flick,Clear,Front to Rear,no,no,no,no,no,False
102673759,METROPOLITAN NASHVILLE POLICE DEPT,20200165363,Davidson,Nashville,3/7/2020 12:08:00 PM,3,3,0,36.203800,-86.840650,CLARKSVILLE PKE,,,,225.00,Feet,North,ABERNATHY RD,,,,0.00,N,Not at Intersection,N,Non-Junction,Construction Zone,Work On Shoulder Or Median,Activity Area,         ,Pamela,Caulder,Clear,Front to Rear,no,no,no,no,no,False
102673773,METROPOLITAN NASHVILLE POLICE DEPT,20200165706,Davidson,Nashville,3/7/2020 3:20:00 PM,2,0,0,36.107240,-86.719540,I24 W EXT RAMP,,,,0.00,,,I 24,,,,0.00,Y,Y-Intersection,Y,Entrance/Exit Ramp Related,None,,,         ,Charles,Wakefield,Clear,"Sideswipe, Same Direction",no,no,no,no,yes,False
102673781,METROPOLITAN NASHVILLE POLICE DEPT,20200164767,Davidson,Nashville,3/7/2020 7:22:00 AM,2,0,0,36.136500,-86.883970,CHARLOTTE PKE,,,,162.00,Feet,West,SUMMERLY DR,,,,0.00,N,Not at Intersection,N,Non-Junction,None,,,         ,Brandon,O'Guin,Clear,Front to Rear,no,no,no,no,no,False
102673783,METROPOLITAN NASHVILLE POLICE DEPT,20200165683,Davidson,Nashville,3/7/2020 2:59:00 PM,2,0,0,36.085400,-86.728660,NOLENSVILLE PKE,,,,344.00,Feet,South,ELYSIAN FIELDS RD,,,,0.00,N,Not at Intersection, ,Non-Junction,None,,,         ,Nathan,Kemp,Clear,"Sideswipe, Same Direction",no,no,no,no,no,False
102673784,METROPOLITAN NASHVILLE POLICE DEPT,20200165649,Davidson,Not in City Limit,3/7/2020 2:50:00 PM,1,1,0,36.266860,-86.746420,ARTA DR,,,,178.00,Feet,South,NESBITT DR,,,,0.00,N,Not at Intersection,N,Non-Junction,None,,,         ,Ricki,Armstrong,Clear,Not Collision with Motor Vehicle in Transport,no,no,no,no,no,False
102673787,METROPOLITAN NASHVILLE POLICE DEPT,20200165848,Davidson,Nashville,3/7/2020 4:17:00 PM,2,0,0,36.074310,-86.921530,HIGHWAY 70S,,,,141.00,Feet,East,OLD HARDING PKE,,,,0.00,N,Not at Intersection, ,Non-Junction,None,,,         ,Curtis,Rich,Clear,Front to Rear,no,no,no,no,yes,False
102673812,METROPOLITAN NASHVILLE POLICE DEPT,20200165824,Davidson,Antioch,3/7/2020 4:19:00 PM,1,0,0,36.038310,-86.586320,LAURENWOOD DR,,,,0.00,,,LAVERGNE COUCHVILLE PKE,,,,0.00,Y,T-Intersection,N,Non-Junction,None,,,         ,Steven,Williams,Clear,Not Collision with Motor Vehicle in Transport,no,no,no,no,no,False
102673813,METROPOLITAN NASHVILLE POLICE DEPT,20200165732,Davidson,Nashville,3/7/2020 3:27:00 PM,2,0,0,36.150150,-86.857950,WHITE BRIDGE PKE,,,,0.00,,,CHARLOTTE PKE,,,,0.00,Y,Four-Way, ,Intersection-Related,None,,,         ,Phillip,Murphy,Clear,Front to Rear,no,no,no,no,no,False
102673834,METROPOLITAN NASHVILLE POLICE DEPT,20200165725,Davidson,Nashville,3/7/2020 2:51:00 PM,3,0,0,36.096380,-86.654320,OLD MURFREESBORO PKE,,,,160.00,Feet,South,SMITH SPRINGS RD,,,,0.00,N,Not at Intersection,N,Non-Junction,None,,,         ,Michael,Dance,Clear,Front to Rear,no,no,no,no,yes,False
102673835,METROPOLITAN NASHVILLE POLICE DEPT,20200165896,Davidson,Not in City Limit,3/7/2020 4:43:00 PM,2,0,0,36.265210,-86.711190,GALLATIN PKEN,,,,234.00,Feet,South,DULING AV,,,,0.00,N,Not at Intersection,N,Non-Junction,None,,,         ,Ian,Wilson,Clear,Angle,no,no,no,no,no,False
102673836,METROPOLITAN NASHVILLE POLICE DEPT,2020-0162756,Davidson,Nashville,3/6/2020 4:16:00 PM,2,1,0,36.074190,-86.737710,BLACKMAN RD,,,,15.00,Feet,East,SHADESCREST DR,,,,0.00,N,Not at Intersection,N,Non-Junction,None,,,         ,Sean,Williams,Clear,"Sideswipe, Opposite Direction",no,no,no,no,no,False
102673837,METROPOLITAN NASHVILLE POLICE DEPT,2020-0164504,Davidson,Nashville,3/7/2020 3:54:00 AM,2,0,0,36.098340,-86.751890,SEABOARD DR,,,,0.00,Feet,East,VERITAS ST,,,,0.00,N,Not at Intersection, ,Non-Junction,None,,,         ,Sean,Williams,Clear,HeadOn,no,no,no,no,no,False
102673838,METROPOLITAN NASHVILLE POLICE DEPT,20200165881,Davidson,Nashville,3/7/2020 4:35:00 PM,2,0,0,36.137310,-86.766760,MOORE AV,,,,393.00,Feet,South,RAINS AV,,,,0.00,N,Not at Intersection, ,"Driveway, Alley Access, etc",None,,,         ,Charles,Embry,Clear,Angle,no,no,no,no,no,False
102673842,METROPOLITAN NASHVILLE POLICE DEPT,20200165700,Davidson,Nashville,3/7/2020 3:10:00 PM,3,0,0,36.191540,-86.786110,I 65,,,,0.00,,,,,,,86.00,N,Not at Intersection,N,Non-Junction,None,,,         ,Brian,Quigley,Clear,Front to Rear,no,no,no,no,no,False
102673844,METROPOLITAN NASHVILLE POLICE DEPT,20200165829,Davidson,Nashville,3/7/2020 4:15:00 PM,2,0,0,36.169890,-86.674420,LEBANON PKE,,,,0.00,,,GRAYLYNN DR,,,,0.00,Y,T-Intersection, ,,None,,,         ,Larry,Benz,,,no,no,no,no,no,False
102673849,METROPOLITAN NASHVILLE POLICE DEPT,20200165740,Davidson,Nashville,3/7/2020 2:00:00 PM,2,0,0,36.087920,-86.731330,NOLENSVILLE PKE,,,,502.00,Feet,North,ELYSIAN FIELDS CT,,,,0.00,N,Not at Intersection,N,Non-Junction,None,,,         ,Donald,Davidson,Clear,Angle,no,no,no,no,no,False
102673857,METROPOLITAN NASHVILLE POLICE DEPT,20200165828,Davidson,Nashville,3/7/2020 4:12:00 PM,2,0,0,36.044350,-86.661550,CANE RIDGE RD,,,,0.00,,,TARGET DR,,,,0.00,Y,T-Intersection,N,Intersection-Related,None,,,         ,Alex,Moore,Clear,Angle,no,no,no,no,no,False
102673869,METROPOLITAN NASHVILLE POLICE DEPT,20200165861,Davidson,Nashville,3/7/2020 4:28:00 PM,3,2,0,36.142740,-86.707280,I 40,,,,0.00,,,,,,,214.35,N,Not at Intersection,N,Non-Junction,None,,,         ,Ian,Hammond,Clear,Front to Rear,no,no,no,no,no,False
102673885,METROPOLITAN NASHVILLE POLICE DEPT,20200166023,Davidson,Nashville,3/7/2020 5:35:00 PM,2,0,0,36.152100,-86.844730,CHARLOTTE AV,,,,0.00,,,48TH AVN,,,,0.00,Y,T-Intersection, ,Intersection,None,,,         ,Hillary,Sherman,Clear,Angle,no,no,no,no,no,False
102673891,METROPOLITAN NASHVILLE POLICE DEPT,20200166063,Davidson,Nashville,3/7/2020 5:35:00 PM,2,1,0,36.171840,-86.764770,S 5TH ST,,,,0.00,,,WOODLAND ST,,,,0.00,Y,Four-Way,Y,Intersection,None,,,         ,Christopher,Beery,Clear,Angle,no,no,no,no,no,False
102673894,METROPOLITAN NASHVILLE POLICE DEPT,20200166055,Davidson,Not in City Limit,3/7/2020 6:08:00 PM,2,0,0,36.306690,-86.685990,GALLATIN PKEN,,,,559.00,Feet,East,NORTHSIDE DR,,,,0.00,N,Not at Intersection,N,Non-Junction,None,,,         ,Christopher,Littles,Clear,Front to Rear,no,no,no,no,no,False
102673895,METROPOLITAN NASHVILLE POLICE DEPT,20200166161,Davidson,Not in City Limit,3/7/2020 6:22:00 PM,2,0,0,36.261810,-86.712340,GALLATIN PKES,,,,149.00,Feet,South,E OLD HICKORY BLVD,,,,0.00,N,Not at Intersection,N,Non-Junction,None,,,         ,Christopher,Littles,Clear,Angle,no,no,no,no,yes,False
102673896,METROPOLITAN NASHVILLE POLICE DEPT,20200165961,Davidson,Nashville,3/7/2020 5:08:00 PM,2,0,0,36.116710,-86.923250,CHARLOTTE PKE,,,,0.00,,,OLD HICKORY BLVD,,,,0.00,Y,Four-Way,N,Intersection-Related,None,,,         ,Micah,Wright,Clear,Angle,no,no,no,no,no,False
102673898,METROPOLITAN NASHVILLE POLICE DEPT,20200165967,Davidson,Nashville,3/7/2020 5:31:00 PM,2,0,0,36.169790,-86.676320,LEBANON PKE,,,,105.00,Feet,West,PARK DR,,,,0.00,N,Not at Intersection,N,Non-Junction,None,,,         ,Joseph,Simon,Clear,Front to Rear,no,no,no,no,no,False
102673899,METROPOLITAN NASHVILLE POLICE DEPT,20200166079,Davidson,Nashville,3/7/2020 12:00:00 AM,2,0,0,36.169750,-86.809710,21ST AVN,,,,244.00,Feet,North,JEFFERSON ST,,,,0.00,N,Not at Intersection, ,Non-Junction,None,,,         ,Alec,Pellissier,Clear,Unknown,no,no,no,no,yes,False
102673900,METROPOLITAN NASHVILLE POLICE DEPT,20200166162,Davidson,Nashville,3/7/2020 6:39:00 PM,2,0,0,36.068390,-86.688590,I 24,,,,0.00,,,,,,,57.10,N,Not at Intersection, ,Non-Junction,None,,,         ,Laura,Williams,Clear,"Sideswipe, Same Direction",no,no,no,no,no,False
102673905,METROPOLITAN NASHVILLE POLICE DEPT,20200165794,Davidson,Nashville,3/7/2020 4:01:00 PM,2,0,0,36.044800,-86.662160,BELL RD,,,,186.00,Feet,West,CANE RIDGE RD,,,,0.00,N,Not at Intersection,N,Non-Junction,None,,,         ,Patrick,Martin,Clear,Front to Rear,no,no,no,no,no,False
102673906,METROPOLITAN NASHVILLE POLICE DEPT,20200166121,Davidson,Nashville,3/7/2020 6:13:00 PM,4,0,0,36.118940,-86.726180,I 24,,,,0.00,,,,,,,53.00,N,Not at Intersection, ,,None,,,         ,Edward,Starke,,,no,no,no,no,no,False
102673911,METROPOLITAN NASHVILLE POLICE DEPT,20200164086,Davidson,Nashville,3/7/2020 1:17:00 AM,4,0,0,36.155820,-86.795920,17TH AVN,,,,0.00,,,CHURCH ST,,,,0.00,Y,Four-Way,N,Non-Junction,None,,,         ,FELIKS,ABRAHAMYAN,Clear,"Sideswipe, Same Direction",no,no,no,no,yes,False
102673919,METROPOLITAN NASHVILLE POLICE DEPT,20200166198,Davidson,Not in City Limit,3/7/2020 6:45:00 PM,2,1,0,36.079880,-86.954030,HIGHWAY 70S,,,,189.00,Feet,West,COLEY DAVIS RD,,,,0.00,N,Not at Intersection,N,Non-Junction,None,,,         ,Brian,DeMarce,Clear,Angle,no,no,no,no,no,False
102673921,METROPOLITAN NASHVILLE POLICE DEPT,20200166276,Davidson,Nashville,3/7/2020 7:10:00 PM,2,0,0,36.117750,-86.725720,OLD GLENROSE AV,,,,26.00,Feet,East,GLENROSE AV,,,,0.00,N,Not at Intersection,N,Non-Junction,None,,,         ,Timothy,Ward,Clear,"Sideswipe, Same Direction",no,no,no,no,yes,False
102673937,METROPOLITAN NASHVILLE POLICE DEPT,20200166275,Davidson,Not in City Limit,3/7/2020 7:29:00 PM,3,0,0,36.264290,-86.733200,OLD HICKORY BLVDW,,,,198.00,Feet,East,HEAD DR,,,,0.00,N,Not at Intersection,N,Non-Junction,None,,,         ,Jarret,Sonnenberg,Clear,Front to Rear,no,no,no,no,yes,False
102673938,METROPOLITAN NASHVILLE POLICE DEPT,20200166352,Davidson,Nashville,3/7/2020 7:54:00 PM,2,1,0,36.086460,-86.698680,I24 W EXT RAMP,,,,0.00,Feet,,I 24,,,,0.00,Y,Four-Way, ,Non-Junction,None,,,         ,Edward,Starke,Clear,Angle,no,no,no,no,no,False
102673946,METROPOLITAN NASHVILLE POLICE DEPT,20200166087,Davidson,Nashville,3/7/2020 6:17:00 PM,3,0,0,36.162400,-86.838900,43RD AVN,,,,455.00,Feet,North,ALBION ST,,,,0.00,N,Not at Intersection,N,Non-Junction,None,,,         ,Devonte,Coleman,Clear,Angle,no,no,no,no,yes,False
102673947,METROPOLITAN NASHVILLE POLICE DEPT,20200166200,Davidson,Nashville,3/7/2020 4:22:00 PM,2,0,0,36.084760,-86.703950,HARDING PL,,,,162.00,Feet,West,TRAVELERS INN DR,,,,0.00,N,Not at Intersection,N,Non-Junction,None,,,         ,Andrew,Brazee,Clear,"Sideswipe, Same Direction",no,no,no,no,yes,False
102673948,METROPOLITAN NASHVILLE POLICE DEPT,20200166296,Davidson,Nashville,3/7/2020 7:25:00 PM,2,0,0,36.205890,-86.768610,E TRINITY LN,,,,0.00,,,W TRINITY LN,,,,0.00,Y,Four-Way,N,Intersection,None,,,         ,Jeremy,Smith,Clear,Front to Rear,no,no,no,no,no,False
102673956,METROPOLITAN NASHVILLE POLICE DEPT,20200166290,Davidson,Nashville,3/7/2020 7:20:00 PM,2,0,0,36.126700,-86.711090,EAST THOMPSON LN,,,,0.00,,,MURFREESBORO PKE,,,,0.00,Y,Four-Way,N,Non-Junction,None,,,         ,Austin,Binner,Clear,Angle,no,no,no,no,yes,False
102673970,METROPOLITAN NASHVILLE POLICE DEPT,20200166075,Davidson,Nashville,3/7/2020 6:14:00 PM,2,1,0,36.172370,-86.598130,CENTRAL PKE,,,,0.00,Feet,,CENTRAL CT,,,,0.00,Y,T-Intersection,Y,Intersection-Related,None,,,         ,Terence,Mitchell,Clear,Angle,no,no,no,no,no,False
102673973,METROPOLITAN NASHVILLE POLICE DEPT,20200166242,Davidson,Nashville,3/7/2020 7:00:00 PM,2,0,0,36.060730,-86.916150,HIGHWAY 100,,,,0.00,,,OLD HICKORY BLVD,,,,0.00,Y,T-Intersection, ,,None,,,         ,Hillary,Sherman,,,no,no,no,no,no,False
102673974,METROPOLITAN NASHVILLE POLICE DEPT,20200166162,Davidson,Nashville,3/7/2020 6:45:00 PM,2,0,0,36.065320,-86.685420,I 24,,,,0.00,,,,,,,57.35,N,Not at Intersection,N,Non-Junction,None,,,         ,John,Jones,Clear,Front to Rear,no,no,no,no,no,False
102673975,METROPOLITAN NASHVILLE POLICE DEPT,20200165989,Davidson,Nashville,3/7/2020 5:42:00 PM,2,1,0,36.046780,-86.715450,HICKORY PLZ,,,,450.00,Feet,East,HICKORY TRACE DR PVTDR,,,,0.00,N,Not at Intersection,N,Non-Junction,None,,,         ,FELIKS,ABRAHAMYAN,Clear,Angle,no,no,no,yes,no,False
102673982,METROPOLITAN NASHVILLE POLICE DEPT,20200166341,Davidson,Nashville,3/7/2020 7:39:00 PM,2,0,0,36.239950,-86.745250,BRILEY PKWYW,,,,92.00,Feet,East,BRILEY PKWYE,,,,0.00,N,Not at Intersection,N,Non-Junction,None,,,         ,Bradley,Fort,Clear,Front to Rear,no,no,no,no,no,False
102674026,GOODLETTSVILLE POLICE DEPT,20-08452,Davidson,Goodlettsville,3/7/2020 3:57:00 PM,3,1,0,36.325680,-86.705730,I65 N ENT RAMP,,,,0.00,Feet,East,I 65,,,,0.00,N,Not at Intersection,Y,Entrance/Exit Ramp Related,None,,,         ,Nicholas,Given,Clear,"Sideswipe, Same Direction",no,no,no,no,no,False
102674039,METROPOLITAN NASHVILLE POLICE DEPT,20200166575,Davidson,Nashville,3/7/2020 12:00:00 AM,2,0,0,36.202080,-86.775020,LUCAS LN,,,,1591.00,Feet,South,I65 N EXT RAMP,,,,0.00,N,Not at Intersection,N,Non-Junction,None,,,         ,Maryanne,Bartello,Clear,Other,no,no,no,yes,yes,False
102674043,METROPOLITAN NASHVILLE POLICE DEPT,20200166703,Davidson,Goodlettsville,3/7/2020 10:16:00 PM,1,0,0,36.293110,-86.695680,MYATT DR,,,,349.00,Feet,South,SPRING BRANCH DR,,,,0.00,N,Not at Intersection,N,Non-Junction,None,,,         ,Christopher,Littles,Clear,Not Collision with Motor Vehicle in Transport,no,no,no,no,no,False
102674092,METROPOLITAN NASHVILLE POLICE DEPT,20200166806,Davidson,Nashville,3/7/2020 10:38:00 PM,2,1,0,36.160250,-86.782960,COMMERCE ST,,,,0.00,,,ROSA L PARKS BLVD,,,,0.00,Y,Four-Way,Y,Non-Junction,None,,,         ,Miles,Posey,Clear,Angle,no,no,no,no,no,False
102674094,METROPOLITAN NASHVILLE POLICE DEPT,20200166813,Davidson,Nashville,3/7/2020 12:00:00 AM,2,0,0,36.159110,-86.777540,5TH AVS,,,,250.00,Feet,North,DEMONBREUN ST,,,,0.00,N,Not at Intersection,N,Non-Junction,None,,,         ,Jason,King,Clear,"Sideswipe, Same Direction",no,no,no,no,yes,False
102674099,METROPOLITAN NASHVILLE POLICE DEPT,20200166834,Davidson,Nashville,3/7/2020 11:00:00 PM,2,0,0,36.085560,-86.701430,I24 E ENT RAMP,,,,0.00,Feet,,I 24,,,,0.00,Y,Four-Way,N,Intersection-Related,None,,,         ,Corey,Reed,Clear,Front to Rear,no,no,no,no,no,False
102674102,METROPOLITAN NASHVILLE POLICE DEPT,20200166558,Davidson,Nashville,3/7/2020 9:07:00 PM,2,0,0,36.139830,-86.666200,I40 E ENT RAMP,,,,0.00,Feet,East,DONELSON PKE,,,,0.00,N,Not at Intersection,N,Entrance/Exit Ramp Related,None,,,         ,Mary,Robinson,Clear,Angle,no,no,no,no,no,False
102674103,METROPOLITAN NASHVILLE POLICE DEPT,20200166354,Davidson,Nashville,3/7/2020 7:50:00 PM,2,0,0,36.116340,-86.777380,I440 W ENT RAMP,,,,0.00,Feet,East,I 440,,,,0.00,N,Not at Intersection,N,Non-Junction,None,,,         ,Melissa,Lomax,Clear,Front to Rear,no,no,no,no,no,False
102674112,METROPOLITAN NASHVILLE POLICE DEPT,20200166910,Davidson,Nashville,3/7/2020 11:33:00 PM,2,0,0,36.068200,-86.632120,MURFREESBORO PKE,,,,384.00,Feet,North,FOREST VIEW DR,,,,0.00,N,Not at Intersection,N,Non-Junction,None,,,         ,Edward,Starke,Clear,Front to Rear,no,no,no,no,yes,False
102674113,METROPOLITAN NASHVILLE POLICE DEPT,20200166891,Davidson,Nashville,3/7/2020 11:24:00 PM,2,0,0,36.197130,-86.619920,OLD HICKORY BLVD,,,,0.00,,,LEBANON PKE EB EXT RAMP,,,,0.00,Y,Four-Way, ,Intersection,None,,,         ,Kristopher,Sutton,Clear,Front to Rear,no,no,no,no,yes,False
102674123,METROPOLITAN NASHVILLE POLICE DEPT,20200166625,Davidson,Nashville,3/7/2020 9:43:00 PM,2,2,0,36.161200,-86.792680,CHARLOTTE AV,,,,0.00,,,GEORGE L DAVIS BLVD,,,,0.00,Y,Four-Way,N,Intersection,None,,,         ,James,Hill,Clear,Angle,no,no,no,no,no,False
102674124,METROPOLITAN NASHVILLE POLICE DEPT,20200166955,Davidson,Nashville,3/7/2020 11:50:00 PM,2,0,0,36.168480,-86.804190,MEHARRY BLVD,,,,143.00,Feet,West,17TH AVN,,,,0.00,N,Not at Intersection,N,Non-Junction,None,,,         ,Andrey,Volfson,Clear,Angle,no,no,no,yes,yes,False
102674128,METROPOLITAN NASHVILLE POLICE DEPT,20200166837,Davidson,Nashville,3/7/2020 11:07:00 PM,2,1,0,36.111620,-86.792580,WOODMONT BLVD,,,,0.00,,,GRANNY WHITE PKE,,,,0.00,Y,Four-Way,N,Intersection,None,,,         ,FELIKS,ABRAHAMYAN,Clear,Angle,no,no,no,no,no,False
102674129,METROPOLITAN NASHVILLE POLICE DEPT,20200167018,Davidson,Nashville,3/8/2020 12:35:00 AM,1,0,0,36.214400,-86.775330,I 65,,,,0.00,,,,,,,87.90,N,Not at Intersection,N,Non-Junction,None,,,         ,Jeremy,Smith,Clear,Not Collision with Motor Vehicle in Transport,no,no,no,no,no,False
102674132,METROPOLITAN NASHVILLE POLICE DEPT,20200166940,Davidson,Nashville,3/7/2020 11:51:00 PM,2,0,0,36.161290,-86.776560,BROADWAY,,,,196.00,Feet,West,3RD AVN,,,,0.00,N,Not at Intersection,N,Non-Junction,None,,,         ,James,Hill,Clear,Angle,no,no,no,no,yes,False
102674138,METROPOLITAN NASHVILLE POLICE DEPT,20200167013,Davidson,Nashville,3/8/2020 12:20:00 AM,1,0,0,36.060280,-86.917680,HIGHWAY 100,,,,14.00,Feet,West,HARPETH BEND DR,,,,0.00,N,Not at Intersection,N,Non-Junction,None,,,         ,Brian,DeMarce,Clear,Not Collision with Motor Vehicle in Transport,no,no,no,no,no,False
102674139,METROPOLITAN NASHVILLE POLICE DEPT,20200166547,Davidson,Nashville,3/7/2020 12:00:00 AM,1,0,0,36.061460,-86.694050,COLEMONT DR,,,,210.00,Feet,East,SHUFELD CT,,,,0.00,N,Not at Intersection,N,Non-Junction,None,,,         ,Joel,Bennett,Clear,Not Collision with Motor Vehicle in Transport,no,no,no,no,yes,False
102674140,METROPOLITAN NASHVILLE POLICE DEPT,20200166871,Davidson,Nashville,3/7/2020 11:23:00 PM,2,2,0,36.040280,-86.768370,OLD HICKORY BLVD,,,,0.00,,,SEVEN SPRINGS WAY,,,,0.00,Y,Four-Way,N,Intersection-Related,None,,,         ,John,McDonnell,Clear,Front to Rear,no,no,no,no,no,False
102674141,METROPOLITAN NASHVILLE POLICE DEPT,20200166868,Davidson,Nashville,3/7/2020 12:00:00 AM,3,0,0,36.178510,-86.749760,FORREST AV,,,,24.00,Feet,East,N 11TH ST,,,,0.00,N,Not at Intersection,N,Non-Junction,None,,,         ,Gordon,Stovall,Clear,Front to Rear,no,no,no,no,yes,False
102674162,METROPOLITAN NASHVILLE POLICE DEPT,20200167262,Davidson,Not in City Limit,3/8/2020 3:13:00 AM,3,1,0,36.279660,-86.708690,GALLATIN PKEN,,,,121.00,Feet,North,ONE MILE PKWY,,,,0.00,N,Not at Intersection,N,Non-Junction,None,,,         ,Christopher,Littles,Clear,"Sideswipe, Same Direction",no,no,no,no,yes,False