master_record_number,agency,agency_tracking_number,county,city,collision_date,vehicles_involved,number_injured,number_dead,latitude,longitude,roadway_name,roadway_suffix,roadway_number,roadway_local_id,distance_from_reference,miles-feet_indicator,direction_from_reference,intersection_road_name,intersection_road_name_suffix,intersection_road_number,intersection_local_id,mile_marker,intersection_indicator,intersect_type,interchange_related_indicator,relation_to_junction,work_zone_type,construction_maintenance_zone,construction_maintenance_zone_location,fatal_case_number,officer_first_name,officer_last_name,weather_condition(s),manner_of_crash,pedestrian,bicycle,scooter,parking,hitrun,mou
102674163,METROPOLITAN NASHVILLE POLICE DEPT,20200167034,Davidson,Nashville,3/8/2020 12:00:00 AM,2,0,0,36.253430,-86.716650,GALLATIN PKES,,,,87.00,Feet,North,EMMITT AV,,,,0.00,N,Not at Intersection,N,Non-Junction,None,,,         ,Douglas,Mann,Clear,"Sideswipe, Same Direction",no,no,no,no,yes,False
102674164,METROPOLITAN NASHVILLE POLICE DEPT,20200163454,Davidson,Nashville,3/6/2020 8:40:00 PM,2,1,0,36.123010,-86.773170,I 65,,,,0.00,,,,,,,80.60,N,Not at Intersection,N,Non-Junction,None,,,         ,William,King,Clear,Front to Rear,no,no,no,no,yes,False
102674170,METROPOLITAN NASHVILLE POLICE DEPT,20200167364,Davidson,Nashville,3/8/2020 4:07:00 AM,2,0,0,36.159560,-86.774640,3RD AVS,,,,0.00,,,DEMONBREUN ST,,,,0.00,Y,Four-Way, ,Non-Junction,None,,,         ,Miles,Posey,Clear,Angle,no,no,no,no,no,False
102674172,METROPOLITAN NASHVILLE POLICE DEPT,20200166045,Davidson,Nashville,3/7/2020 6:00:00 PM,1,0,0,36.165650,-86.834270,39TH AVN,,,,4.00,Feet,North,JOHN L DRIVER BLVD,,,,0.00,N,Not at Intersection,N,Non-Junction,None,,,         ,Daniel,Kallman,Clear,Not Collision with Motor Vehicle in Transport,no,no,no,no,no,False
102674183,METROPOLITAN NASHVILLE POLICE DEPT,20200167472,Davidson,Nashville,3/8/2020 5:00:00 AM,1,0,0,36.213290,-86.731420,MCCHESNEY AV,,,,0.00,Feet,West,GALLATIN PKE,,,,0.00,N,Not at Intersection,N,Non-Junction,None,,,         ,Michael,Griggs,Clear,Not Collision with Motor Vehicle in Transport,no,no,no,no,yes,False
102674196,METROPOLITAN NASHVILLE POLICE DEPT,20200167463,Davidson,Not in City Limit,3/8/2020 4:42:00 AM,1,0,0,36.285190,-86.840050,WHITES CREEK PKE,,,,4.00,Feet,North,TRANHAM RD,,,,0.00,N,Not at Intersection,N,Non-Junction,None,,,         ,Brian,Woodard,Cloudy,Not Collision with Motor Vehicle in Transport,no,no,no,no,no,False
102674197,METROPOLITAN NASHVILLE POLICE DEPT,2020-0162774,Davidson,Nashville,3/6/2020 4:25:00 PM,2,0,0,36.050730,-86.646910,HICKORY HOLLOW TER,,,,0.00,,,BELL RD,,,,0.00,Y,Four-Way, ,Intersection,None,,,         ,Thomas,White,Clear,Front to Rear,no,no,no,no,no,False
102674238,METROPOLITAN NASHVILLE POLICE DEPT,20200167631,Davidson,Nashville,3/8/2020 6:43:00 AM,1,0,0,36.126990,-86.753200,NOLENSVILLE PKE,,,,41.00,Feet,North,VIVELLE AV,,,,0.00,N,Not at Intersection,N,Non-Junction,None,,,         ,Nathan,Kemp,Clear,Not Collision with Motor Vehicle in Transport,no,no,no,no,yes,False
102674327,METROPOLITAN NASHVILLE POLICE DEPT,20200167563,Davidson,Nashville,3/8/2020 6:20:00 AM,2,1,0,36.170650,-86.744800,SHELBY AV,,,,31.00,Feet,East,S 15TH ST,,,,0.00,N,Not at Intersection,N,Non-Junction,None,,,         ,Michael,Agee,Clear,Not Collision with Motor Vehicle in Transport,no,no,no,no,no,False
102674330,METROPOLITAN NASHVILLE POLICE DEPT,20200167837,Davidson,Nashville,3/8/2020 4:31:00 AM,1,0,0,36.009400,-86.614760,I 24,,,,0.00,,,,,,,63.00,N,Not at Intersection, ,Non-Junction,None,,,         ,William,Waters,Clear,Not Collision with Motor Vehicle in Transport,no,no,no,no,no,False
102674337,METROPOLITAN NASHVILLE POLICE DEPT,20200167692,Davidson,Nashville,3/8/2020 12:00:00 AM,1,0,0,36.009300,-86.615050,I 24,,,,0.00,,,,,,,63.00,N,Not at Intersection,N,Non-Junction,None,,,         ,Donald,Davidson,Clear,Not Collision with Motor Vehicle in Transport,no,no,no,no,no,False
102674339,METROPOLITAN NASHVILLE POLICE DEPT,20200168014,Davidson,Nashville,3/8/2020 9:22:00 AM,2,0,0,36.149280,-86.871760,WEST BEND DR,,,,0.00,,,OBRIEN AV,,,,0.00,Y,T-Intersection,N,Intersection,None,,,         ,Curtis,Rich,Clear,Angle,no,no,no,no,no,False
102674370,METROPOLITAN NASHVILLE POLICE DEPT,20200168115,Davidson,Nashville,3/8/2020 10:16:00 AM,2,0,0,36.118320,-86.809710,HILLSBORO PKE,,,,174.00,Feet,North,GOLF CLUB LN,,,,0.00,N,Not at Intersection, ,Non-Junction,None,,,         ,Nathan,Kemp,Clear,"Sideswipe, Same Direction",no,no,no,no,no,False
102674378,METROPOLITAN NASHVILLE POLICE DEPT,20200168161,Davidson,Nashville,3/8/2020 10:42:00 AM,2,0,0,36.122130,-86.727270,I 24,,,,0.00,,,,,,,52.75,N,Not at Intersection, ,Non-Junction,None,,,         ,Patrick,Martin,Clear,Front to Rear,no,no,no,no,no,False
102674399,METROPOLITAN NASHVILLE POLICE DEPT,20200168242,Davidson,Nashville,3/8/2020 12:00:00 AM,2,0,0,36.155420,-86.820890,DELAWARE AV,,,,165.00,Feet,East,31ST AVN,,,,0.00,N,Not at Intersection,N,Non-Junction,None,,,         ,Andy,Esqueda,Clear,Unknown,no,no,no,no,yes,False
102674413,METROPOLITAN NASHVILLE POLICE DEPT,20200168268,Davidson,Nashville,3/8/2020 11:32:00 AM,2,0,0,36.154480,-86.792410,BROADWAY,,,,161.00,Feet,East,16TH AVS,,,,0.00,N,Not at Intersection, ,Non-Junction,None,,,         ,William,Caillouette,Clear,"Sideswipe, Same Direction",no,no,no,no,no,False
102674416,METROPOLITAN NASHVILLE POLICE DEPT,20200168238,Davidson,Not in City Limit,3/7/2020 12:30:00 AM,2,0,0,36.260280,-86.705480,ELM ST,,,,0.00,,,4TH AV,,,,0.00,Y,OTHER, ,Non-Junction,None,,,         ,Eric,Richardson,Clear,Angle,no,no,no,no,no,False
102674433,METROPOLITAN NASHVILLE POLICE DEPT,20200168320,Davidson,Nashville,3/8/2020 12:13:00 PM,2,0,0,36.163220,-86.762030,I 24,,,,0.00,,,,,,,49.25,N,Not at Intersection, ,,None,,,         ,Johnathan,Carlisle,,,no,no,no,no,no,False
102674434,METROPOLITAN NASHVILLE POLICE DEPT,20200168220,Davidson,Nashville,3/8/2020 12:00:00 AM,2,0,0,36.179070,-86.797550,DELTA AV,,,,337.00,Feet,East,GARFIELD ST,,,,0.00,N,Not at Intersection,N,"Driveway, Alley Access, etc",None,,,         ,Brian,Mclarty,Unknown,Unknown,no,no,no,yes,yes,False
102674447,METROPOLITAN NASHVILLE POLICE DEPT,20200167407,Davidson,Nashville,3/8/2020 4:31:00 AM,1,0,1,36.009330,-86.614680,I 24,,,,0.00,,,,,,,63.00,N,Not at Intersection,N,Non-Junction,None,,,20-0157  ,Kevin,Coleman,Clear,Not Collision with Motor Vehicle in Transport,yes,no,no,no,no,False
102674465,METROPOLITAN NASHVILLE POLICE DEPT,20200168224,Davidson,Nashville,3/8/2020 11:21:00 AM,2,0,0,36.131290,-86.817910,I 440,,,,0.00,,,,,,,1.90,N,Not at Intersection, ,Entrance/Exit Ramp Related,Construction Zone,,,         ,Phillip,Murphy,Clear,Front to Rear,no,no,no,no,no,False
102674469,METROPOLITAN NASHVILLE POLICE DEPT,20200168198,Davidson,Nashville,3/8/2020 10:00:00 AM,2,0,0,36.134830,-86.825160,BOWLING AV,,,,70.00,Feet,North,WEST END AV,,,,0.00,N,Not at Intersection,N,Non-Junction,None,,,         ,Brandon,O'Guin,Clear,Front to Rear,no,no,no,no,yes,False
102674478,METROPOLITAN NASHVILLE POLICE DEPT,20200168243,Davidson,Nashville,3/8/2020 11:27:00 AM,1,1,0,36.121360,-86.803860,I 440,,,,0.00,,,,,,,2.90,N,Not at Intersection,N,Non-Junction,None,,,         ,Nathan,Kemp,Clear,Not Collision with Motor Vehicle in Transport,no,no,no,no,no,False
102674511,METROPOLITAN NASHVILLE POLICE DEPT,20200168387,Davidson,Nashville,3/8/2020 12:45:00 PM,2,0,0,36.230250,-86.759130,DICKERSON PKE,,,,321.00,Feet,North,BROADMOOR DR,,,,0.00,N,Not at Intersection,N,Non-Junction,None,,,         ,John,Kelley,Clear,"Sideswipe, Same Direction",no,no,no,yes,yes,False
102674512,METROPOLITAN NASHVILLE POLICE DEPT,20200168431,Davidson,Nashville,3/8/2020 1:06:00 PM,2,1,0,36.198440,-86.620270,LEBANON PKE,,,,0.00,,,OLD HICKORY BLVD,,,,0.00,Y,Four-Way,N,Intersection,None,,,         ,Michael,Dance,Clear,Front to Rear,no,no,no,no,no,False
102674548,METROPOLITAN NASHVILLE POLICE DEPT,20200168469,Davidson,Nashville,3/8/2020 1:14:00 PM,3,0,0,36.080480,-86.717490,HARDING PL,,,,132.00,Feet,East,JONQUIL DR,,,,0.00,N,Not at Intersection,N,Non-Junction,None,,,         ,Patrick,Martin,Clear,Front to Rear,no,no,no,no,yes,False
102674549,METROPOLITAN NASHVILLE POLICE DEPT,20200168534,Davidson,Nashville,3/8/2020 1:57:00 PM,2,0,0,36.213670,-86.844610,TIMOTHY DR,,,,0.00,,,CREEKWAY CT,,,,0.00,Y,T-Intersection, ,Intersection,None,,,         ,Royce,McLester,Clear,Angle,no,no,no,no,no,False
102674558,METROPOLITAN NASHVILLE POLICE DEPT,20200168432,Davidson,Nashville,3/8/2020 1:00:00 PM,2,0,0,36.191570,-86.785820,I 65,,,,0.00,,,,,,,86.00,N,Not at Intersection, ,Non-Junction,None,,,         ,Mark,Anderson,Clear,Front to Rear,no,no,no,no,no,False
102674566,METROPOLITAN NASHVILLE POLICE DEPT,20200168527,Davidson,Nashville,3/8/2020 1:32:00 PM,2,0,0,36.084240,-86.705650,HARDING PL,,,,73.00,Feet,East,LINBAR DR,,,,0.00,N,Not at Intersection,N,Non-Junction,None,,,         ,Patrick,Martin,Clear,"Sideswipe, Same Direction",no,no,no,no,yes,False
102674569,METROPOLITAN NASHVILLE POLICE DEPT,20200168293,Davidson,Nashville,3/8/2020 11:52:00 AM,3,0,0,36.177110,-86.772670,I 24,,,,0.00,,,,,,,47.90,N,Not at Intersection,N,Non-Junction,None,,,         ,Keith,Covert,Clear,Front to Rear,no,no,no,no,no,False
102674583,METROPOLITAN NASHVILLE POLICE DEPT,20200168571,Davidson,Nashville,3/8/2020 2:05:00 PM,2,0,0,36.139200,-86.728840,I 24,,,,0.00,,,,,,,51.45,N,Not at Intersection, ,Non-Junction,None,,,         ,Michael,Dance,Clear,Front to Rear,no,no,no,no,no,False
102674589,METROPOLITAN NASHVILLE POLICE DEPT,20200168141,Davidson,Nashville,3/8/2020 10:30:00 AM,2,0,0,36.131190,-86.716870,MURFREESBORO PKE,,,,0.00,,,FOOTHILL DR,,,,0.00,Y,OTHER,N,Non-Junction,Unknown,,,         ,Alex,Moore,Clear,Angle,no,no,no,no,no,False
102674617,METROPOLITAN NASHVILLE POLICE DEPT,20200168521,Davidson,Nashville,3/8/2020 1:45:00 PM,2,0,0,36.191840,-86.781430,I 65,,,,0.00,,,,,,,86.25,N,Not at Intersection,N,Non-Junction,None,,,         ,Byron,Carter,Clear,Rear to Rear,no,no,no,no,no,False
102674624,METROPOLITAN NASHVILLE POLICE DEPT,20200168270,Davidson,Nashville,3/8/2020 11:39:00 AM,2,0,0,36.091410,-86.735070,NOLENSVILLE PKE,,,,0.00,,,YELTON CT,,,,0.00,Y,T-Intersection,N,Intersection-Related,None,,,         ,Alex,Moore,Clear,Angle,no,no,no,no,no,False
102674626,METROPOLITAN NASHVILLE POLICE DEPT,20200168674,Davidson,Antioch,3/8/2020 3:03:00 PM,2,0,0,36.061789,-86.610226,MT VIEW,RD,,,0.00,Feet,,APPLE ORCHARD,TRL,,,0.00,Y,T-Intersection,N,Intersection-Related,None,,,         ,Patrick,Martin,Clear,Other,no,no,no,no,no,False
102674645,METROPOLITAN NASHVILLE POLICE DEPT,2020-0168697,Davidson,Nashville,3/8/2020 3:17:00 PM,2,0,0,36.125160,-86.733230,I24 E ENT RAMP,,,,0.00,Feet,East,I 440,,,,0.00,N,Not at Intersection,Y,Entrance/Exit Ramp Related,Construction Zone,Work On Shoulder Or Median,Unknown,         ,Stanley,Collins,Clear,"Sideswipe, Same Direction",no,no,no,no,yes,False
102674647,METROPOLITAN NASHVILLE POLICE DEPT,20200168573,Davidson,Nashville,3/8/2020 1:38:00 PM,2,0,0,36.202320,-86.689090,BRILEY PKWYN,,,,749.00,Feet,North,BRILEY PKWYS,,,,0.00,N,Not at Intersection, ,Non-Junction,None,,,         ,Michael,Dance,Clear,Not Collision with Motor Vehicle in Transport,no,no,no,no,no,False
102674648,METROPOLITAN NASHVILLE POLICE DEPT,20200168667,Davidson,Nashville,3/8/2020 2:52:00 PM,2,0,0,36.176910,-86.741930,WOODLAND AVE,,,,0.00,Feet,,WOODLAND AVE,,US16TH,16TH STREET,0.00,Y,Four-Way, ,Intersection,None,,,         ,Faye,Denson,Clear,Angle,no,no,no,no,no,False
102674673,METROPOLITAN NASHVILLE POLICE DEPT,20200168799,Davidson,Nashville,3/8/2020 4:06:00 PM,2,1,0,36.160100,-86.778190,5TH AVS,,,,152.00,Feet,South,BROADWAY,,,,0.00,N,Not at Intersection,N,Non-Junction,None,,,         ,Mathew,Clement,Clear,Front to Rear,no,no,no,no,no,False
102674674,METROPOLITAN NASHVILLE POLICE DEPT,20200168828,Davidson,Nashville,3/8/2020 4:20:00 PM,2,1,0,36.176620,-86.755520,MAIN ST,,,,0.00,,,MCFERRIN AV,,,,0.00,Y,Four-Way,N,Intersection,None,,,         ,Megan,Lamon,Clear,Front to Rear,no,no,no,no,no,False
102674680,METROPOLITAN NASHVILLE POLICE DEPT,20200168609,Davidson,Nashville,3/8/2020 2:30:00 PM,3,0,0,36.162120,-86.761040,I 24,,,,0.00,,,,,,,49.30,N,Not at Intersection,N,Non-Junction,None,,,         ,Mathew,Clement,Clear,Front to Rear,no,no,no,no,no,False
102674691,METROPOLITAN NASHVILLE POLICE DEPT,20200168797,Davidson,Nashville,3/8/2020 3:59:00 PM,2,0,0,36.094700,-86.707110,I 24,,,,0.00,,,,,,,55.00,N,Not at Intersection, ,,None,,,         ,William,Burnett,,,no,no,no,no,no,False
102674697,METROPOLITAN NASHVILLE POLICE DEPT,20200168834,Davidson,Nashville,3/8/2020 4:20:00 PM,2,0,0,36.175380,-86.742140,S 16TH ST,,,,34.00,Feet,South,HOLLY ST,,,,0.00,N,Not at Intersection,N,Non-Junction,None,,,         ,Douglas,Smith,Clear,"Sideswipe, Opposite Direction",no,no,no,no,yes,False
102674698,METROPOLITAN NASHVILLE POLICE DEPT,20200168751,Davidson,Nashville,3/8/2020 3:40:00 PM,2,0,0,36.241360,-86.723350,GALLATIN PKES,,,,841.00,Feet,North,GALLATIN PKE,,,,0.00,N,Not at Intersection,N,Non-Junction,None,,,         ,Brian,Otto,Clear,Not Collision with Motor Vehicle in Transport,no,no,no,no,no,False
102674703,METROPOLITAN NASHVILLE POLICE DEPT,20200168852,Davidson,Nashville,3/8/2020 4:33:00 PM,2,1,0,36.117110,-86.791550,GALE LN,,,,0.00,,,GRANNY WHITE PKE,,,,0.00,Y,Four-Way,N,Intersection,None,,,         ,Nathan,Kemp,Clear,"Sideswipe, Opposite Direction",no,no,no,no,yes,False
102674714,METROPOLITAN NASHVILLE POLICE DEPT,20200168897,Davidson,Nashville,3/8/2020 4:05:00 PM,2,0,0,36.117610,-86.914320,I 40,,,,0.00,,,,,,,199.85,N,Not at Intersection,N,Non-Junction,None,,,         ,Benjamin,Cantrell,Clear,"Sideswipe, Same Direction",no,no,no,no,yes,False
102674716,METROPOLITAN NASHVILLE POLICE DEPT,20200168811,Davidson,Nashville,3/8/2020 4:06:00 PM,2,0,0,36.154710,-86.759830,I 40,,,,0.00,,,,,,,211.00,N,Not at Intersection,N,Non-Junction,None,,,         ,Michael,Dance,Clear,Front to Rear,no,no,no,no,no,False
102674725,METROPOLITAN NASHVILLE POLICE DEPT,20200168858,Davidson,Nashville,3/8/2020 4:39:00 PM,2,0,0,36.119450,-86.726380,I 24,,,,0.00,,,,,,,53.00,N,Not at Intersection,N,Non-Junction,None,,,         ,Robert,Higgins,Clear,Front to Rear,no,no,no,no,no,False
102674731,METROPOLITAN NASHVILLE POLICE DEPT,20200168845,Davidson,Nashville,3/8/2020 3:50:00 PM,2,0,0,36.164860,-86.767910,S 2ND ST,,,,0.00,,,,,,,0.00,,,N,OtherLocation,None,,,         ,Charles,Coe,Clear,Rear to Rear,no,no,no,yes,no,False
102674733,METROPOLITAN NASHVILLE POLICE DEPT,20200168950,Davidson,Nashville,3/8/2020 5:30:00 PM,1,0,0,36.089140,-86.689200,HARDING PL,,,,258.00,Feet,West,EZELL PKE,,,,0.00,N,Not at Intersection,N,Non-Junction,None,,,         ,Patrick,Martin,Clear,Not Collision with Motor Vehicle in Transport,no,no,no,no,no,False
102674771,METROPOLITAN NASHVILLE POLICE DEPT,20200169041,Davidson,Nashville,3/8/2020 6:09:00 PM,2,0,0,36.149900,-86.871510,I 40,,,,0.00,,,,,,,203.15,N,Not at Intersection, ,,None,,,         ,Ryan,Malone,,,no,no,no,no,no,False
102674773,METROPOLITAN NASHVILLE POLICE DEPT,20200169105,Davidson,Nashville,3/8/2020 6:41:00 PM,2,0,0,36.174520,-86.602520,OLD HICKORY BLVD,,,,4.00,Feet,North,BURNING TREE DR,,,,0.00,N,Not at Intersection, ,,None,,,         ,Tyler,Hall,,,no,no,no,no,no,False
102674777,METROPOLITAN NASHVILLE POLICE DEPT,20200169052,Davidson,Nashville,3/8/2020 5:53:00 PM,2,0,0,36.149730,-86.765110,LAFAYETTE ST,,,,122.00,Feet,East,1ST AVS,,,,0.00,N,Not at Intersection,N,Non-Junction,None,,,         ,Joel,Bennett,Clear,"Sideswipe, Opposite Direction",no,no,no,no,no,False
102674782,METROPOLITAN NASHVILLE POLICE DEPT,20200167383,Davidson,Nashville,3/8/2020 4:16:00 AM,2,5,0,36.066220,-86.686070,I 24,,,,0.00,,,,,,,57.30,N,Not at Intersection,N,Non-Junction,None,,,         ,Edward,Starke,Clear,"Sideswipe, Same Direction",no,no,no,no,no,False
102674785,METROPOLITAN NASHVILLE POLICE DEPT,20200169155,Davidson,Nashville,3/8/2020 5:50:00 PM,2,0,0,36.150560,-86.757430,CANNON ST,,,,147.00,Feet,West,FAIRFIELD AV,,,,0.00,N,Not at Intersection, ,,None,,,         ,Reagan,Heath,,,no,no,no,no,no,False
102674786,METROPOLITAN NASHVILLE POLICE DEPT,20200169157,Davidson,Not in City Limit,3/8/2020 6:55:00 PM,2,1,0,36.263830,-86.704460,DELAWARE AV,,,,3.00,Feet,North,STATE RT 45,,,,0.00,N,Not at Intersection,N,Non-Junction,None,,,         ,Benjamin,Williams,Clear,Front to Rear,no,no,no,no,no,False
102674808,METROPOLITAN NASHVILLE POLICE DEPT,20200169057,Davidson,Nashville,3/8/2020 4:56:00 PM,2,0,0,36.150080,-86.815860,CENTENNIAL PARK PVTDR,,,,615.00,Feet,East,31ST AVN,,,,0.00,N,Not at Intersection,N,Non-Junction,None,,,         ,FELIKS,ABRAHAMYAN,Clear,Front to Rear,no,no,no,yes,yes,False
102674817,METROPOLITAN NASHVILLE POLICE DEPT,20200169178,Davidson,Nashville,3/8/2020 7:07:00 PM,2,0,0,36.148100,-86.767470,3RD AVS,,,,0.00,,,CAMERON ST,,,,0.00,Y,Four-Way, ,Non-Junction,None,,,         ,Edward,Starke,Clear,"Sideswipe, Same Direction",no,no,no,no,no,False
102674847,METROPOLITAN NASHVILLE POLICE DEPT,20200169344,Davidson,Nashville,3/8/2020 8:19:00 PM,1,1,0,36.238090,-86.724060,GALLATIN PKES,,,,267.00,Feet,South,GALLATIN PKE,,,,0.00,N,Not at Intersection,N,Non-Junction,None,,,         ,Christopher,Littles,Clear,Not Collision with Motor Vehicle in Transport,yes,no,no,yes,yes,False
102674850,METROPOLITAN NASHVILLE POLICE DEPT,20200169345,Davidson,Nashville,3/8/2020 8:16:00 PM,2,1,0,36.172790,-86.601950,OLD HICKORY BLVD,,,,50.00,Feet,North,PRINCETON PL,,,,0.00,N,Not at Intersection,N,Non-Junction,None,,,         ,Jason,Milyaro Lucas,Clear,Angle,no,no,no,no,no,False
102674866,METROPOLITAN NASHVILLE POLICE DEPT,20200169324,Davidson,Nashville,3/8/2020 7:46:00 PM,2,0,0,36.047840,-86.612050,MURFREESBORO PKE,,,,1284.00,Feet,North,MOUNTAIN SPRINGS RD,,,,0.00,N,Not at Intersection,N,Non-Junction,None,,,         ,Edward,Starke,Clear,"Sideswipe, Same Direction",no,no,no,no,yes,False
102674905,METROPOLITAN NASHVILLE POLICE DEPT,20200169200,Davidson,Nashville,3/8/2020 7:15:00 PM,2,0,0,36.188910,-86.776430,I24 E ENT RAMP,,,,0.00,,,I 24,,,,0.00,Y,OTHER, ,Entrance/Exit Ramp Related,None,,,         ,Roy,Sain Jr.,Clear,"Sideswipe, Same Direction",no,no,no,no,no,False
102674936,METROPOLITAN NASHVILLE POLICE DEPT,20200169330,Davidson,Nashville,3/8/2020 8:10:00 PM,2,2,0,36.155590,-86.842370,GEORGIA AV,,,,0.00,,,46TH AVN,,,,0.00,Y,Four-Way,N,Intersection,None,,,         ,Je-Marc,Sears,Clear,Angle,no,no,no,no,no,False
102674947,METROPOLITAN NASHVILLE POLICE DEPT,20200169074,Davidson,Not in City Limit,3/8/2020 6:41:00 PM,2,0,0,36.256900,-86.738280,I 65,,,,0.00,,,,,,,91.70,N,Not at Intersection,N,Non-Junction,None,,,         ,Rudy,Basaldua,Clear,Angle,no,no,no,no,no,False
102674948,METROPOLITAN NASHVILLE POLICE DEPT,20200169232,Davidson,Nashville,3/8/2020 7:31:00 PM,2,0,0,36.183350,-86.760860,ELLINGTON PKWY N EXT RAMP,,,,0.00,,,ELLINGTON PKWYN,,,,0.00,Y,OTHER, ,Non-Junction,None,,,         ,Joshua,Whitworth,Clear,"Sideswipe, Same Direction",no,no,no,no,no,False
102674977,METROPOLITAN NASHVILLE POLICE DEPT,20200168977,Davidson,Nashville,3/8/2020 6:02:00 PM,1,1,0,36.170910,-86.735800,S 20TH ST,,,,125.00,Feet,North,BOSCOBEL ST,,,,0.00,N,Not at Intersection,N,Non-Junction,None,,,         ,Ryan,Worstall,Clear,Not Collision with Motor Vehicle in Transport,no,no,no,yes,no,False
102674980,METROPOLITAN NASHVILLE POLICE DEPT,20200169168,Davidson,Nashville,3/8/2020 7:00:00 PM,1,1,0,36.113890,-86.772640,I 65,,,,0.00,,,,,,,80.00,N,Not at Intersection,N,Non-Junction,None,,,         ,Melissa,Lomax,Clear,Not Collision with Motor Vehicle in Transport,no,no,no,no,no,False
102674989,METROPOLITAN NASHVILLE POLICE DEPT,20200169451,Davidson,Not in City Limit,3/8/2020 8:57:00 PM,1,0,0,35.997540,-86.673450,PETTUS RD,,,,0.83,Miles,South,OLD HICKORY BLVD,,,,0.00,N,Not at Intersection, ,Non-Junction,None,,,         ,Dalton,Crum,Clear,Not Collision with Motor Vehicle in Transport,no,no,no,no,no,False
102675002,METROPOLITAN NASHVILLE POLICE DEPT,20200169303,Davidson,Nashville,3/8/2020 12:00:00 AM,3,0,0,36.183150,-86.775000,I 24,,,,0.00,,,,,,,47.40,N,Not at Intersection, ,Non-Junction,None,,,         ,Edward,Holden,Clear,Front to Rear,no,no,no,no,yes,False
102675029,METROPOLITAN NASHVILLE POLICE DEPT,20200169167,Davidson,Nashville,3/8/2020 7:00:00 PM,1,0,0,36.169740,-86.806870,DR D B TODD JR BLVD,,,,124.00,Feet,North,JEFFERSON ST,,,,0.00,N,Not at Intersection, ,,None,,,         ,Alec,Pellissier,,,no,no,no,yes,no,False
102675031,METROPOLITAN NASHVILLE POLICE DEPT,20200169249,Davidson,Nashville,3/8/2020 7:35:00 PM,3,1,0,36.133120,-86.801330,21ST AVS,,,,42.00,Feet,South,MAGNOLIA BLVD,,,,0.00,N,Not at Intersection,N,Non-Junction,None,,,         ,Nicholas,Carroll,Clear,Front to Rear,no,no,no,no,no,False
102675033,METROPOLITAN NASHVILLE POLICE DEPT,20200169491,Davidson,Nashville,3/8/2020 9:35:00 PM,2,1,0,36.161270,-86.776600,BROADWAY,,,,200.00,Feet,East,4TH AVN,,,,0.00,N,Not at Intersection,N,Non-Junction,None,,,         ,Jason,King,Clear,Front to Rear,no,no,no,no,yes,False
102675034,METROPOLITAN NASHVILLE POLICE DEPT,20200169024,Davidson,Nashville,3/8/2020 5:43:00 PM,2,0,0,36.049770,-86.666900,I 24,,,,0.00,,,,,,,58.90,N,Not at Intersection,N,Non-Junction,None,,,         ,John,Jones,Clear,"Sideswipe, Same Direction",no,no,no,no,yes,False
102675035,METROPOLITAN NASHVILLE POLICE DEPT,20200169439,Davidson,Nashville,3/8/2020 8:15:00 PM,1,0,0,36.084870,-86.653970,MT HOOD DR,,,,52.00,Feet,South,BLACK MOUNTAIN DR,,,,0.00,N,Not at Intersection,N,Non-Junction,None,,,         ,John,Jones,Clear,Not Collision with Motor Vehicle in Transport,no,no,no,yes,yes,False
102675051,METROPOLITAN NASHVILLE POLICE DEPT,20200159684,Davidson,Nashville,3/5/2020 7:10:00 PM,2,0,0,36.127240,-86.700620,GOODBAR DR,,,,0.00,,,THOMPSON PL,,,,0.00,Y,T-Intersection, ,Intersection,None,,,         ,Dontaveous,Eubanks,Clear,Angle,no,no,no,no,no,False
102675054,METROPOLITAN NASHVILLE POLICE DEPT,20200169726,Davidson,Nashville,3/9/2020 12:00:00 AM,1,0,0,36.141130,-86.662220,I40 W EXT RAMP,,,,0.00,Feet,East,I 40,,,,0.00,N,Not at Intersection,N,Non-Junction,None,,,         ,Deandera,Payne,Clear,Not Collision with Motor Vehicle in Transport,no,no,no,no,yes,False
102675056,METROPOLITAN NASHVILLE POLICE DEPT,20200169390,Davidson,Nashville,3/8/2020 8:37:00 PM,2,0,0,36.238390,-86.906170,OLD HICKORY BLVD,,,,290.00,Feet,South,SULPHUR CREEK RD,,,,0.00,N,Not at Intersection, ,Non-Junction,None,,,         ,Shannon,Forsyth,Clear,"Sideswipe, Opposite Direction",no,no,no,no,no,False
102675068,METROPOLITAN NASHVILLE POLICE DEPT,20200169447,Davidson,Nashville,3/8/2020 8:50:00 PM,2,0,0,36.025200,-86.713020,NOLENSVILLE PKE,,,,97.00,Feet,South,LENOX VILLAGE DR,,,,0.00,N,Not at Intersection,N,Non-Junction,None,,,         ,Edward,Starke,Clear,Front to Rear,no,no,no,no,no,False
102675069,METROPOLITAN NASHVILLE POLICE DEPT,20200169258,Davidson,Nashville,3/8/2020 7:34:00 PM,2,1,0,36.044820,-86.650420,CROSSINGS BLVD,,,,207.00,Feet,East,HICKORY HOLLOW PKWY,,,,0.00,N,Not at Intersection,N,Non-Junction,None,,,         ,Joel,Bennett,Clear,Front to Rear,no,no,no,no,no,False