master_record_number,agency,agency_tracking_number,county,city,collision_date,vehicles_involved,number_injured,number_dead,latitude,longitude,roadway_name,roadway_suffix,roadway_number,roadway_local_id,distance_from_reference,miles-feet_indicator,direction_from_reference,intersection_road_name,intersection_road_name_suffix,intersection_road_number,intersection_local_id,mile_marker,intersection_indicator,intersect_type,interchange_related_indicator,relation_to_junction,work_zone_type,construction_maintenance_zone,construction_maintenance_zone_location,fatal_case_number,officer_first_name,officer_last_name,weather_condition(s),manner_of_crash,pedestrian,bicycle,scooter,parking,hitrun,mou
102676920,METROPOLITAN NASHVILLE POLICE DEPT,20200175190,Davidson,Not in City Limit,3/10/2020 9:23:00 PM,2,0,0,36.076890,-86.945220,HIGHWAY 70S,,,,0.00,,,SAWYER BROWN RD,,,,0.00,Y,Four-Way,N,Non-Junction,None,,,         ,Jared,Dick,Clear,Angle,no,no,no,no,no,False
102676935,METROPOLITAN NASHVILLE POLICE DEPT,20200175374,Davidson,Nashville,3/10/2020 10:42:00 PM,1,0,0,36.210100,-86.849170,W HAMILTON RD,,,,233.00,Feet,West,MULLINS PARK GRWY,,,,0.00,N,Not at Intersection,N,Non-Junction,None,,,         ,Shannon,Forsyth,Clear,Not Collision with Motor Vehicle in Transport,no,no,no,no,no,False
102676948,METROPOLITAN NASHVILLE POLICE DEPT,20200175444,Davidson,Nashville,3/10/2020 12:00:00 AM,2,0,0,36.244730,-86.772070,BARBARA LYNN WAY,,,,58.00,Feet,North,LAUREN EVELYN WAY,,,,0.00,N,Not at Intersection,N,Non-Junction,None,,,         ,Christopher,Littles,Cloudy,"Sideswipe, Opposite Direction",no,no,no,no,yes,False
102676949,METROPOLITAN NASHVILLE POLICE DEPT,20200175416,Davidson,Nashville,3/10/2020 10:05:00 PM,2,0,0,36.078170,-86.725900,NOLENSVILLE PKE,,,,405.00,Feet,North,WALLACE RD,,,,0.00,N,Not at Intersection,N,Non-Junction,None,,,         ,Edward,Starke,Clear,Angle,no,no,no,yes,yes,False
102676956,METROPOLITAN NASHVILLE POLICE DEPT,20200175369,Davidson,Nashville,3/10/2020 10:08:00 PM,2,0,0,36.013830,-86.620600,OLD HICKORY BLVD,,,,144.00,Feet,North,I24 E EXT RAMP,,,,0.00,N,Not at Intersection, ,Non-Junction,None,,,         ,Joel,Bennett,Clear,"Sideswipe, Same Direction",no,no,no,no,no,False
102676961,METROPOLITAN NASHVILLE POLICE DEPT,20200175056,Davidson,Nashville,3/10/2020 8:19:00 PM,2,1,0,36.074720,-86.754800,BLACKMAN RD,,,,0.00,Feet,East,TIMBERHILL DR,,,,0.00,N,Not at Intersection,N,Non-Junction,None,,,         ,Nicholas,Carroll,Clear,Other,no,no,no,no,no,False
102676962,METROPOLITAN NASHVILLE POLICE DEPT,20200175511,Davidson,Nashville,3/10/2020 12:00:00 AM,2,0,0,36.152510,-86.803680,22ND AVN,,,,0.00,,,,,,,0.00,,,N,Non-Junction,None,,,         ,FELIKS,ABRAHAMYAN,Clear,Rear to Rear,no,no,no,yes,yes,False
102676967,METROPOLITAN NASHVILLE POLICE DEPT,20200175720,Davidson,Nashville,3/11/2020 12:50:00 AM,1,0,0,36.048620,-86.743600,EDMONDSON PKE,,,,83.00,Feet,North,BRENTWOOD PL,,,,0.00,N,Not at Intersection, ,Non-Junction,None,,,         ,Edin,Plancic,Clear,Not Collision with Motor Vehicle in Transport,no,no,no,no,no,False
102676969,METROPOLITAN NASHVILLE POLICE DEPT,20200175470,Davidson,Nashville,3/10/2020 11:28:00 PM,2,0,0,36.045740,-86.674350,BELL RD,,,,0.00,,,BLUE HOLE RD,,,,0.00,Y,Four-Way, ,Intersection,None,,,         ,Garrett,Latham,Clear,Front to Rear,no,no,no,no,no,False
102676986,METROPOLITAN NASHVILLE POLICE DEPT,20200175557,Davidson,Nashville,3/11/2020 12:25:00 AM,1,0,0,36.143710,-86.747630,PARRIS AV,,,,63.00,Feet,South,MURFREESBORO PKE,,,,0.00,N,Not at Intersection,N,Non-Junction,None,,,         ,Austin,Binner,Clear,Not Collision with Motor Vehicle in Transport,no,no,no,no,no,False
102677014,METROPOLITAN NASHVILLE POLICE DEPT,20200164616,Davidson,Nashville,3/7/2020 12:00:00 AM,2,0,0,36.156130,-86.778100,6TH AVS,,,,0.00,,,,,,,0.00,,Not at Intersection,N,Non-Junction,None,,,         ,Joshua,Reece,Other,Angle,no,no,no,yes,yes,False
102677017,METROPOLITAN NASHVILLE POLICE DEPT,20200176079,Davidson,Not in City Limit,3/11/2020 4:00:00 AM,2,0,0,36.077060,-86.984550,I 40,,,,0.00,,,,,,,194.55,N,Not at Intersection, ,Non-Junction,None,,,         ,Curtis,Rich,Clear,"Sideswipe, Same Direction",no,no,no,no,yes,False
102677029,METROPOLITAN NASHVILLE POLICE DEPT,20200174616,Davidson,Nashville,3/10/2020 4:30:00 PM,2,0,0,36.155840,-86.789530,I40 E ENT RAMP,,,,0.00,,,I 40,,,,0.00,Y,Four-Way,N,Non-Junction,None,,,         ,Shedie,Herbert III,Clear,Angle,no,no,no,no,yes,False
102677043,METROPOLITAN NASHVILLE POLICE DEPT,20200158662,Davidson,Nashville,3/5/2020 1:31:00 PM,1,1,0,36.142620,-86.814960,WEST END AV,,,,159.00,Feet,East,31ST AVS,,,,0.00,N,Not at Intersection,N,Non-Junction,None,,,         ,Nathan,Kemp,Clear,Not Collision with Motor Vehicle in Transport,yes,no,no,yes,yes,Campus
102677060,METROPOLITAN NASHVILLE POLICE DEPT,20200174520,Davidson,Nashville,3/10/2020 4:00:00 PM,2,0,0,36.144690,-86.744440,ELM HILL PKE,,,,118.00,Feet,West,FESSLERS LN,,,,0.00,N,Not at Intersection, ,Non-Junction,None,,,         ,Mark,Sydenstricker,Clear,"Sideswipe, Same Direction",no,no,no,no,no,False
102677070,METROPOLITAN NASHVILLE POLICE DEPT,20200176274,Davidson,Nashville,3/11/2020 7:36:00 AM,2,0,0,36.134450,-86.781830,WEDGEWOOD AV,,,,166.00,Feet,East,ELLIOTT AV,,,,0.00,N,Not at Intersection,N,Non-Junction,None,,,         ,Nathan,Kemp,Clear,"Sideswipe, Same Direction",no,no,no,no,yes,False
102677074,METROPOLITAN NASHVILLE POLICE DEPT,20200176157,Davidson,Nashville,3/11/2020 6:40:00 AM,2,0,0,36.044940,-86.659750,I24 E ENT RAMP,,,,0.00,,,I 24,,,,0.00,Y,Four-Way,Y,Intersection,None,,,         ,Joseph,Hurst,Clear,Angle,no,no,no,no,no,False
102677078,METROPOLITAN NASHVILLE POLICE DEPT,20200176233,Davidson,Nashville,3/11/2020 7:20:00 AM,2,0,0,36.151760,-86.768630,2ND AVS,,,,0.00,,,I40 W EXT RAMP,,,,0.00,Y,OTHER,N,Intersection,None,,,         ,Michael,Dance,Clear,Front to Rear,no,no,no,no,yes,False
102677089,METROPOLITAN NASHVILLE POLICE DEPT,20200176179,Davidson,Nashville,3/11/2020 6:50:00 AM,2,0,0,36.170540,-86.798140,I 40,,,,0.00,,,,,,,208.00,N,Not at Intersection,N,Non-Junction,None,,,         ,Wesley,Young,Clear,"Sideswipe, Same Direction",no,no,no,no,yes,False
102677094,METROPOLITAN NASHVILLE POLICE DEPT,20200176379,Davidson,Nashville,3/11/2020 8:13:00 AM,2,0,0,36.128270,-86.779280,ELLIOTT AV,,,,0.00,,,BRADFORD AV,,,,0.00,Y,Four-Way, ,Intersection,None,,,         ,Nathan,Kemp,Clear,Angle,no,no,no,no,no,False
102677118,METROPOLITAN NASHVILLE POLICE DEPT,20200176061,Davidson,Antioch,3/11/2020 5:58:00 AM,2,2,0,36.049740,-86.603650,PIN HOOK RD,,,,581.00,Feet,South,GROVEDALE TRC,,,,0.00,N,Not at Intersection,N,Non-Junction,None,,,         ,Patrick,Martin,Clear,"Sideswipe, Opposite Direction",no,no,no,no,no,False
102677119,METROPOLITAN NASHVILLE POLICE DEPT,20200176167,Davidson,Nashville,3/11/2020 6:30:00 AM,2,0,0,36.280360,-86.802840,I 24,,,,0.00,,,,,,,40.30,N,Not at Intersection, ,Non-Junction,None,,,         ,Theodore,Meskers,Clear,"Sideswipe, Same Direction",no,no,no,no,no,False
102677122,METROPOLITAN NASHVILLE POLICE DEPT,20200176103,Davidson,Nashville,3/11/2020 6:00:00 AM,2,0,0,36.154710,-86.761540,I 40,,,,0.00,,,,,,,210.90,N,Not at Intersection, ,Non-Junction,None,,,         ,George,Spencer,Clear,Front to Rear,no,no,no,no,yes,False
102677131,METROPOLITAN NASHVILLE POLICE DEPT,2020-0174366,Davidson,Nashville,3/10/2020 2:51:00 PM,2,0,0,36.076750,-86.749320,WAUFORD DR,,,,202.00,Feet,North,W LONGDALE DR,,,,0.00,N,Not at Intersection,N,Non-Junction,None,,,         ,Sean,Williams,Clear,"Sideswipe, Opposite Direction",no,no,no,no,yes,False
102677143,METROPOLITAN NASHVILLE POLICE DEPT,20200176305,Davidson,Nashville,3/11/2020 7:52:00 AM,2,0,0,36.153670,-86.748250,HERMITAGE AV,,,,30.00,Feet,West,CAULEY AV,,,,0.00,N,Not at Intersection, ,,None,,,         ,Jason,Thomas,,,no,no,no,no,no,False
102677150,METROPOLITAN NASHVILLE POLICE DEPT,20200176392,Davidson,Nashville,3/11/2020 8:15:00 AM,2,1,0,36.235260,-86.758300,DICKERSON PKE,,,,57.00,Feet,North,HOMESTEAD RD,,,,0.00,N,Not at Intersection,N,Non-Junction,None,,,         ,John,Kelley,Clear,Front to Rear,no,no,no,no,no,False
102677151,METROPOLITAN NASHVILLE POLICE DEPT,20200176272,Davidson,Nashville,3/11/2020 7:34:00 AM,3,1,0,36.109450,-86.728050,BRILEY PKWYN,,,,0.00,Feet,,EAST THOMPSON LN,,,,0.00,Y,Four-Way,N,Intersection-Related,None,,,         ,Robert,Higgins,Clear,Front to Rear,no,no,no,no,no,False
102677157,METROPOLITAN NASHVILLE POLICE DEPT,20200176354,Davidson,Nashville,3/11/2020 8:08:00 AM,7,0,0,36.150260,-86.701170,ELM HILL PKE,,,,247.00,Feet,West,ACORN DR,,,,0.00,,Not at Intersection,N,Non-Junction,None,,,         ,Michael,Brooks,Cloudy,Angle,no,no,no,no,no,False
102677158,METROPOLITAN NASHVILLE POLICE DEPT,20200176469,Davidson,Nashville,3/11/2020 8:47:00 AM,2,0,0,36.154890,-86.779150,KOREAN VETERANS BLVD,,,,0.00,,,8TH AVS,,,,0.00,Y,Roundabout, ,Non-Junction,None,,,         ,Michael,Douglas,Cloudy,Front to Rear,no,no,no,no,no,False
102677159,METROPOLITAN NASHVILLE POLICE DEPT,20200176214,Davidson,Nashville,3/11/2020 7:09:00 AM,2,0,0,36.082670,-86.710490,TAMPA DR,,,,0.00,,,HARDING PL,,,,0.00,Y,Four-Way,N,Intersection-Related,None,,,         ,Michael,Moss,Clear,Angle,no,no,no,no,no,False
102677162,METROPOLITAN NASHVILLE POLICE DEPT,20200176488,Davidson,Nashville,3/11/2020 8:56:00 AM,2,0,0,36.105570,-86.717730,I 24,,,,0.00,,,,,,,54.10,N,Not at Intersection,N,Non-Junction,None,,,         ,Jason,Hees,Clear,"Sideswipe, Same Direction",no,no,no,no,no,False
102677168,METROPOLITAN NASHVILLE POLICE DEPT,20200176580,Davidson,Nashville,3/11/2020 9:42:00 AM,2,0,0,36.216360,-86.701190,OPRY MILLS DR,,,,382.00,Feet,South,MCGAVOCK PKE,,,,0.00,N,Not at Intersection, ,,None,,,         ,Michael,Dance,,,no,no,no,no,no,False
102677181,METROPOLITAN NASHVILLE POLICE DEPT,20200176504,Davidson,Nashville,3/11/2020 3:11:00 AM,4,0,0,36.169830,-86.808760,I 40,,,,0.00,,,,,,,207.20,N,Not at Intersection,N,Non-Junction,None,,,         ,Jordan,Vrbas,Cloudy,Front to Rear,no,no,no,no,no,False
102677182,METROPOLITAN NASHVILLE POLICE DEPT,20200176649,Davidson,Nashville,3/11/2020 10:05:00 AM,2,0,0,36.076800,-86.920540,OLD HICKORY BLVD,,,,0.00,,,BELLE FOREST CIR,,,,0.00,Y,T-Intersection,N,Intersection,None,,,         ,Curtis,Rich,Cloudy,Angle,no,no,no,no,no,False
102677184,METROPOLITAN NASHVILLE POLICE DEPT,20200176593,Davidson,Nashville,3/11/2020 9:35:00 AM,2,0,0,36.202910,-86.776850,I 65,,,,0.00,,,,,,,87.10,N,Not at Intersection, ,,None,,,         ,James,Wray,,,no,no,no,no,no,False
102677186,METROPOLITAN NASHVILLE POLICE DEPT,20200176513,Davidson,Nashville,3/11/2020 12:00:00 AM,1,4,0,36.240070,-86.786530,I24 E EXT RAMP,,,,0.00,Feet,East,I 24,,,,0.00,N,Not at Intersection,Y,Entrance/Exit Ramp Related,None,,,         ,Brandon,Chapman,Cloudy,Not Collision with Motor Vehicle in Transport,no,no,no,no,no,False
102677189,METROPOLITAN NASHVILLE POLICE DEPT,20200176570,Davidson,Nashville,3/11/2020 9:45:00 AM,2,0,0,36.169530,-86.810920,I 40,,,,0.00,,,,,,,207.05,N,Not at Intersection, ,Non-Junction,None,,,         ,Wesley,Young,Clear,"Sideswipe, Same Direction",no,no,no,no,no,False
102677202,METROPOLITAN NASHVILLE POLICE DEPT,20200176530,Davidson,Nashville,3/11/2020 9:00:00 AM,3,1,0,36.154450,-86.788070,I40 W EXT RAMP,,,,0.00,Feet,East,I 40,,,,0.00,N,Not at Intersection,N,Non-Junction,None,,,         ,Isaac,Wood,Cloudy,Front to Rear,no,no,no,no,no,False
102677207,METROPOLITAN NASHVILLE POLICE DEPT,20200176748,Davidson,Nashville,3/11/2020 10:55:00 AM,3,0,0,36.113780,-86.808790,WOODMONT BLVD,,,,120.00,Feet,East,GOLF CLUB LN,,,,0.00,N,Not at Intersection, ,Non-Junction,None,,,         ,Nathan,Kemp,Clear,Front to Rear,no,no,no,no,no,False
102677237,METROPOLITAN NASHVILLE POLICE DEPT,20200176871,Davidson,Nashville,3/11/2020 11:44:00 AM,2,0,0,36.131330,-86.896890,CHARLOTTE PKE,,,,0.00,,,I40 E EXT RAMP,,,,0.00,Y,T-Intersection, ,,None,,,         ,Curtis,Rich,,,no,no,no,no,no,False
102677268,METROPOLITAN NASHVILLE POLICE DEPT,20200176808,Davidson,Nashville,3/11/2020 11:29:00 AM,2,0,0,36.087260,-86.692630,HARDING PL,,,,137.00,Feet,West,ANTIOCH PKE,,,,0.00,N,Not at Intersection,N,Non-Junction,None,,,         ,Patrick,Martin,Cloudy,Angle,no,no,no,no,no,False
102677274,METROPOLITAN NASHVILLE POLICE DEPT,20200176828,Davidson,Nashville,3/11/2020 11:40:00 AM,2,0,0,36.174760,-86.789270,6TH AVN,,,,0.00,,,MADISON ST,,,,0.00,Y,T-Intersection, ,Intersection,None,,,         ,Wesley,Young,Cloudy,Angle,no,no,no,no,no,False
102677290,METROPOLITAN NASHVILLE POLICE DEPT,20200176722,Davidson,Nashville,3/11/2020 10:43:00 AM,2,0,0,36.150500,-86.752700,DUNCAN ST,,,,86.00,Feet,North,MEREDITH AV,,,,0.00,N,Not at Intersection, ,Non-Junction,None,,,         ,Michael,Brooks,Cloudy,"Sideswipe, Same Direction",no,no,no,no,no,False
102677331,METROPOLITAN NASHVILLE POLICE DEPT,20200176863,Davidson,Nashville,3/11/2020 11:56:00 AM,2,0,0,36.151430,-86.786420,I 40,,,,0.00,,,,,,,209.50,N,Not at Intersection, ,Non-Junction,None,,,         ,Nathan,Kemp,Clear,"Sideswipe, Same Direction",no,no,no,no,no,False
102677332,METROPOLITAN NASHVILLE POLICE DEPT,20200176909,Davidson,Nashville,3/11/2020 12:25:00 PM,2,0,0,36.152480,-86.808430,PATTERSON ST,,,,290.00,Feet,West,23RD AVN,,,,0.00,N,Not at Intersection,N,"Driveway, Alley Access, etc",None,,,         ,Nathan,Kemp,Clear,Angle,no,no,no,no,no,False
102677387,METROPOLITAN NASHVILLE POLICE DEPT,20200176985,Davidson,Nashville,3/11/2020 1:13:00 PM,2,1,0,36.112140,-86.687220,MURFREESBORO PKE,,,,599.00,Feet,East,MCGAVOCK PKE,,,,0.00,N,Not at Intersection,N,Non-Junction,None,,,         ,Michael,Dance,Clear,"Sideswipe, Same Direction",no,no,no,no,yes,False
102677407,METROPOLITAN NASHVILLE POLICE DEPT,20200176334,Davidson,Nashville,3/11/2020 7:59:00 AM,2,0,0,36.176860,-86.773170,I24 E ENT RAMP,,,,0.00,,,I 24,,,,0.00,Y,Four-Way, ,Intersection,None,,,         ,Keith,Covert,Clear,Front to Rear,no,no,no,no,no,False
102677423,METROPOLITAN NASHVILLE POLICE DEPT,20200176965,Davidson,Nashville,3/11/2020 1:01:00 PM,2,0,0,36.092480,-86.692290,HARDING INDUSTRIAL DR,,,,1215.00,Feet,North,CANDY LN,,,,0.00,N,Not at Intersection,N,"Driveway, Alley Access, etc",None,,,         ,Patrick,Martin,Cloudy,"Sideswipe, Same Direction",no,no,no,no,no,False
102677428,METROPOLITAN NASHVILLE POLICE DEPT,20200174347,Davidson,Nashville,3/10/2020 2:40:00 PM,2,0,0,36.090420,-86.626840,SMITH SPRINGS RD,,,,105.00,Feet,West,BELL RD,,,,0.00,N,Not at Intersection,N,Non-Junction,None,,,         ,William,Boler,Cloudy,Front to Rear,no,no,no,no,yes,False
102677441,METROPOLITAN NASHVILLE POLICE DEPT,20200177127,Davidson,Nashville,3/11/2020 2:14:00 PM,2,0,0,36.075420,-86.920980,OLD HICKORY BLVD,,,,19.00,Feet,South,BELLE FOREST SHOPPING CENTER P,,,,0.00,N,Not at Intersection, ,Non-Junction,None,,,         ,Curtis,Rich,Cloudy,Front to Rear,no,no,no,no,no,False
102677453,METROPOLITAN NASHVILLE POLICE DEPT,20200177078,Davidson,Nashville,3/11/2020 1:57:00 PM,2,0,0,36.176660,-86.770440,DICKERSON PKE,,,,45.00,Feet,West,SPRING ST,,,,0.00,N,Not at Intersection, ,Non-Junction,None,,,         ,Joseph,Progar,Cloudy,Front to Rear,no,no,no,no,no,False
102677472,METROPOLITAN NASHVILLE POLICE DEPT,20200176546,Davidson,Nashville,3/11/2020 9:23:00 AM,2,1,0,36.149680,-86.783290,I 40,,,,0.00,,,,,,,209.65,N,Not at Intersection, ,Non-Junction,None,,,         ,Keith,Covert,Clear,Front to Rear,no,no,no,no,no,False
102677478,METROPOLITAN NASHVILLE POLICE DEPT,20200177129,Davidson,Nashville,3/11/2020 2:24:00 PM,2,0,0,36.169840,-86.675960,LEBANON PKE,,,,0.00,Feet,,PARK DR,,,,0.00,Y,T-Intersection, ,Intersection,None,,,         ,Michael,Brooks,Cloudy,Angle,no,no,no,no,no,False
102677493,METROPOLITAN NASHVILLE POLICE DEPT,20200177195,Davidson,Nashville,3/11/2020 2:55:00 PM,2,0,0,36.135810,-86.885150,BROOK HOLLOW RD,,,,0.00,,,CHARLOTTE PKE,,,,0.00,Y,Four-Way,N,Intersection,None,,,         ,Curtis,Rich,Rain,Angle,no,no,no,no,no,False
102677494,METROPOLITAN NASHVILLE POLICE DEPT,20200177092,Davidson,Nashville,3/11/2020 2:05:00 PM,2,1,0,36.082610,-86.727250,WELSHWOOD DR,,,,0.00,,,NOLENSVILLE PKE,,,,0.00,Y,T-Intersection,N,Intersection,None,,,         ,Nathan,Kemp,Clear,Angle,no,no,no,no,no,False
102677495,METROPOLITAN NASHVILLE POLICE DEPT,20200177156,Davidson,Nashville,3/11/2020 2:40:00 PM,2,1,0,36.148640,-86.795230,CHET ATKINS PL,,,,133.00,Feet,West,18TH AVS,,,,0.00,N,Not at Intersection,N,"Driveway, Alley Access, etc",None,,,         ,Nathan,Kemp,Clear,Angle,no,no,no,no,no,False
102677497,METROPOLITAN NASHVILLE POLICE DEPT,20200177098,Davidson,Nashville,3/11/2020 2:00:00 PM,1,1,0,36.187280,-86.862430,BRILEY PKWYN,,,,97.00,Feet,South,COUNTY HOSPITAL RD,,,,0.00,N,Not at Intersection,N,Non-Junction,None,,,         ,Wesley,Young,Cloudy,Not Collision with Motor Vehicle in Transport,no,no,no,no,no,False
102677517,METROPOLITAN NASHVILLE POLICE DEPT,20200177138,Davidson,Nashville,3/11/2020 2:16:00 PM,2,0,0,36.167150,-86.779610,3RD AVN,,,,0.00,,,JAMES ROBERTSON PKWY,,,,0.00,Y,Four-Way, ,Intersection-Related,None,,,         ,Frank,Campbell,Rain,"Sideswipe, Same Direction",no,no,no,no,no,False
102677518,METROPOLITAN NASHVILLE POLICE DEPT,20200176885,Davidson,Nashville,3/11/2020 12:09:00 PM,2,0,0,36.085530,-86.690750,ANTIOCH PKE,,,,0.00,,,PERIMETER HILL DR,,,,0.00,Y,OTHER, ,Non-Junction,None,,,         ,Alex,Moore,Cloudy,Angle,no,no,no,no,no,False
102677526,METROPOLITAN NASHVILLE POLICE DEPT,20200177225,Davidson,Nashville,3/11/2020 3:18:00 PM,2,0,0,36.152340,-86.690400,ELM HILL PKE,,,,0.00,,,ELM HILL PKE EB EXT RAMP,,,,0.00,Y,Four-Way, ,Non-Junction,None,,,         ,Michael,Dance,Rain,Front to Rear,no,no,no,no,no,False
102677548,METROPOLITAN NASHVILLE POLICE DEPT,20200177258,Davidson,Not in City Limit,3/11/2020 3:25:00 PM,2,0,0,36.263070,-86.711920,STATE RT 45,,,,0.00,,,GALLATIN PKEN,,,,0.00,Y,Four-Way,N,Intersection-Related,None,,,         ,Brian,Otto,Rain,Angle,no,no,no,no,no,False
102677549,METROPOLITAN NASHVILLE POLICE DEPT,20200177318,Davidson,Nashville,3/11/2020 3:19:00 PM,2,0,0,36.151830,-86.842190,46TH AVN,,,,136.00,Feet,South,CHARLOTTE AV,,,,0.00,N,Not at Intersection, ,Non-Junction,None,,,         ,Curtis,Rich,Cloudy,Angle,no,no,no,no,no,False
102677552,METROPOLITAN NASHVILLE POLICE DEPT,20200177248,Davidson,Nashville,3/11/2020 12:00:00 AM,2,1,0,36.198260,-86.827010,BUENA VISTA PKE,,,,0.00,,,CURTIS ST,,,,0.00,Y,T-Intersection,N,Intersection-Related,None,,,         ,Brandon,Chapman,Rain,Angle,no,no,no,no,yes,False
102677560,METROPOLITAN NASHVILLE POLICE DEPT,20200177336,Davidson,Nashville,3/11/2020 4:12:00 PM,2,0,0,36.147300,-86.757920,LAFAYETTE ST,,,,0.00,,,FAIRFIELD AV,,,,0.00,Y,Four-Way,N,Intersection,None,,,         ,Michael,Dance,Clear,Front to Rear,no,no,no,no,yes,False
102677567,METROPOLITAN NASHVILLE POLICE DEPT,20200177007,Davidson,Nashville,3/11/2020 1:26:00 PM,2,0,0,36.143010,-86.684370,I 40,,,,0.00,,,,,,,215.60,N,Not at Intersection, ,Non-Junction,None,,,         ,Katelyn,Argeroplos,Cloudy,"Sideswipe, Same Direction",no,no,no,no,no,False
102677568,METROPOLITAN NASHVILLE POLICE DEPT,20200177157,Davidson,Nashville,3/11/2020 2:40:00 PM,2,2,0,36.157230,-86.803120,CHARLOTTE AV,,,,124.00,Feet,West,JO JOHNSTON AV,,,,0.00,N,Not at Intersection,N,Non-Junction,None,,,         ,Isaac,Wood,Cloudy,Angle,no,no,no,no,no,False
102677569,METROPOLITAN NASHVILLE POLICE DEPT,20200177288,Davidson,Nashville,3/11/2020 3:45:00 PM,2,0,0,36.183830,-86.797940,I65 N ENT RAMP,,,,0.00,,,I 65,,,,0.00,Y,Four-Way, ,Intersection,None,,,         ,Wesley,Young,Clear,"Sideswipe, Opposite Direction",no,no,no,no,no,False
102677571,METROPOLITAN NASHVILLE POLICE DEPT,20200177050,Davidson,Nashville,3/11/2020 1:45:00 PM,2,1,0,36.107790,-86.676870,MURFREESBORO PKE,,,,0.00,,,DELL PKWY,,,,0.00,Y,T-Intersection,N,Non-Junction,None,,,         ,Alex,Moore,Clear,"Sideswipe, Same Direction",no,no,no,no,no,False
102677576,METROPOLITAN NASHVILLE POLICE DEPT,20200177302,Davidson,Nashville,3/11/2020 3:30:00 PM,2,0,0,36.238360,-86.781510,BRILEY PKWYW,,,,176.00,Feet,West,BRICK CHURCH PKE,,,,0.00,N,Not at Intersection, ,Non-Junction,None,,,         ,Theodore,Meskers,Cloudy,Front to Rear,no,no,no,no,no,False
102677580,METROPOLITAN NASHVILLE POLICE DEPT,20200177285,Davidson,Nashville,3/11/2020 3:45:00 PM,2,0,0,36.184670,-86.758280,CLEVELAND ST,,,,0.00,,,N 9TH ST,,,,0.00,Y,Four-Way, ,,None,,,         ,Brandon,Evans,,,no,no,no,no,no,False
102677582,METROPOLITAN NASHVILLE POLICE DEPT,20200177344,Davidson,Nashville,3/11/2020 4:14:00 PM,2,0,0,36.150450,-86.785370,I 40,,,,0.00,,,,,,,209.50,N,Not at Intersection, ,Non-Junction,None,,,         ,Nathan,Kemp,Clear,"Sideswipe, Same Direction",no,no,no,no,no,False
102677583,METROPOLITAN NASHVILLE POLICE DEPT,20200177390,Davidson,Nashville,3/11/2020 4:06:00 PM,2,0,0,36.125790,-86.804210,SWEETBRIAR AV,,,,247.00,Feet,South,21ST AVS,,,,0.00,N,Not at Intersection, ,Non-Junction,None,,,         ,Nathan,Kemp,Clear,Front to Rear,no,no,no,no,no,False
102677588,METROPOLITAN NASHVILLE POLICE DEPT,20200177279,Davidson,Nashville,3/11/2020 3:50:00 PM,2,0,0,36.109450,-86.728050,BRILEY PKWYN,,,,0.00,Feet,North,EAST THOMPSON LN,,,,0.00,N,Not at Intersection, ,Non-Junction,None,,,         ,Nopel,Stella,Rain,Front to Rear,no,no,no,no,no,False
102677589,METROPOLITAN NASHVILLE POLICE DEPT,20200177367,Davidson,Nashville,3/11/2020 3:46:00 PM,2,0,0,36.066730,-86.687650,APACHE TRL,,,,39.00,Feet,West,VILLAS OF BAVARIA PVTDR,,,,0.00,N,Not at Intersection, ,Non-Junction,None,,,         ,Robert,Higgins,Clear,Front to Rear,no,no,no,no,no,False
102677600,METROPOLITAN NASHVILLE POLICE DEPT,20200177396,Davidson,Nashville,3/11/2020 4:45:00 PM,1,1,0,36.208880,-86.734560,KIRKLAND AV,,,,0.00,,,GALLATIN PKE,,,,0.00,Y,OTHER,N,Non-Junction,None,,,         ,Eric,Knight,Cloudy,Not Collision with Motor Vehicle in Transport,no,no,no,no,no,False
102677601,METROPOLITAN NASHVILLE POLICE DEPT,20200177343,Davidson,Nashville,3/11/2020 3:49:00 PM,3,0,0,36.109450,-86.728050,BRILEY PKWYN,,,,0.00,,,EAST THOMPSON LN,,,,0.00,Y,Four-Way, ,Non-Junction,None,,,         ,James,Thomas,Cloudy,Front to Rear,no,no,no,no,no,False
102677603,METROPOLITAN NASHVILLE POLICE DEPT,20200177417,Davidson,Nashville,3/11/2020 4:35:00 PM,2,0,0,36.131110,-86.781050,SOUTH DOUGLAS AV,,,,0.00,,,ELLIOTT AV,,,,0.00,Y,T-Intersection,N,Non-Junction,None,,,         ,Charles,Embry,Cloudy,HeadOn,no,no,no,no,no,False
102677607,METROPOLITAN NASHVILLE POLICE DEPT,20200177207,Davidson,Nashville,3/11/2020 3:10:00 PM,3,0,0,36.103060,-86.714100,I 24,,,,0.00,,,,,,,54.35,N,Not at Intersection,N,Non-Junction,None,,,         ,Patrick,Martin,Rain,Front to Rear,no,no,no,no,no,False
102677613,METROPOLITAN NASHVILLE POLICE DEPT,20200177376,Davidson,Nashville,3/11/2020 4:31:00 PM,2,0,0,36.238040,-86.830800,CLARKSVILLE PKE,,,,0.00,,,STEVENS LN,,,,0.00,Y,Four-Way,N,Intersection,None,,,         ,Ronald,Bright,Rain,Front to Rear,no,no,no,no,no,False
102677618,METROPOLITAN NASHVILLE POLICE DEPT,202001774181,Davidson,Antioch,3/11/2020 4:59:00 PM,1,1,0,36.050060,-86.606150,PIN HOOK RD,,,,0.00,,,GROVEDALE TRC,,,,0.00,Y,T-Intersection,N,Non-Junction,None,,,         ,Joseph,Hurst,Rain,Not Collision with Motor Vehicle in Transport,no,no,no,no,no,False