master_record_number,agency,agency_tracking_number,county,city,collision_date,vehicles_involved,number_injured,number_dead,latitude,longitude,roadway_name,roadway_suffix,roadway_number,roadway_local_id,distance_from_reference,miles-feet_indicator,direction_from_reference,intersection_road_name,intersection_road_name_suffix,intersection_road_number,intersection_local_id,mile_marker,intersection_indicator,intersect_type,interchange_related_indicator,relation_to_junction,work_zone_type,construction_maintenance_zone,construction_maintenance_zone_location,fatal_case_number,officer_first_name,officer_last_name,weather_condition(s),manner_of_crash,pedestrian,bicycle,scooter,parking,hitrun,mou
102677619,METROPOLITAN NASHVILLE POLICE DEPT,20200175726,Davidson,Nashville,3/11/2020 2:05:00 AM,2,1,0,36.123080,-86.909170,I 40,,,,0.00,,,,,,,200.30,N,Not at Intersection,N,Non-Junction,None,,,         ,Jeremy,Huffine,Clear,Angle,no,no,no,no,no,False
102677620,METROPOLITAN NASHVILLE POLICE DEPT,20200177395,Davidson,Nashville,3/11/2020 4:46:00 PM,2,4,0,36.098410,-86.677330,OLD EZELL RD,,,,0.00,,,DONELSON PKE,,,,0.00,Y,T-Intersection,N,Intersection,None,,,         ,Jason,Hees,Clear,Angle,no,no,no,no,no,False
102677621,METROPOLITAN NASHVILLE POLICE DEPT,20200177454,Davidson,Nashville,3/11/2020 5:22:00 PM,3,2,0,36.072530,-86.636810,MURFREESBORO PKE,,,,304.00,Feet,North,BELL RD,,,,0.00,N,Not at Intersection,N,"Driveway, Alley Access, etc",None,,,         ,Michael,Dance,Clear,Angle,no,no,no,no,no,False
102677632,VANDERBILT UNIVERSITY POLICE,20200177008,Davidson,Nashville,3/11/2020 1:07:00 PM,2,0,0,36.142030,-86.801320,MEDICAL CENTER DR,,,,436.00,Feet,North,DIXIE PL,,,,0.00,N,Not at Intersection, ,Non-Junction,None,,,         ,Casey,Campbell,Cloudy,"Sideswipe, Same Direction",no,no,no,no,no,Campus
102677634,BERRY HILL POLICE DEPT,20-1006,Davidson,Berry Hill,3/11/2020 3:30:00 PM,2,1,0,36.126190,-86.777070,FRANKLIN PKE,,,,0.00,,,CRAIGHEAD ST,,,,0.00,Y,Four-Way,Y,Intersection,None,,,         ,John,Gleixner,Rain,Angle,no,no,no,no,no,False
102677635,BERRY HILL POLICE DEPT,20-1005,Davidson,Berry Hill,3/11/2020 12:00:00 AM,2,0,0,36.118860,-86.774590,FRANKLIN PKE,,,,0.00,,,BERRY RD,,,,0.00,Y,Four-Way, ,,None,,,         ,John,Gleixner,,,no,no,no,no,no,False
102677647,METROPOLITAN NASHVILLE POLICE DEPT,20200177267,Davidson,Nashville,3/11/2020 3:43:00 PM,2,0,0,36.187950,-86.607770,OLD LEBANON DIRT RD,,,,0.00,,,ANDREW JACKSON PKWY,,,,0.00,Y,Four-Way,N,Intersection,None,,,         ,Michael,Brooks,Rain,Front to Rear,no,no,no,no,no,False
102677653,METROPOLITAN NASHVILLE POLICE DEPT,20200177252,Davidson,Nashville,3/11/2020 3:23:00 PM,2,0,0,36.168320,-86.785530,JAMES ROBERTSON PKWY,,,,121.00,Feet,West,6TH AVN,,,,0.00,N,Not at Intersection, ,Non-Junction,None,,,         ,Mark,Anderson,Rain,Front to Rear,no,no,no,no,no,False
102677658,GOODLETTSVILLE POLICE DEPT,20-08871,Davidson,Goodlettsville,3/11/2020 5:05:00 PM,2,1,0,36.309470,-86.695640,VIETNAM VETERANS BLVD SB EXT R,,,,0.00,,,CONFERENCE DR,,,,0.00,Y,T-Intersection,N,Entrance/Exit Ramp Related,None,,,         ,Zachary,Goodwin,Clear,Front to Rear,no,no,no,no,no,False
102677659,METROPOLITAN NASHVILLE POLICE DEPT,20200177537,Davidson,Nashville,3/11/2020 5:10:00 PM,2,0,0,36.153600,-86.788390,14TH AVE S,,,,21.00,Feet,South,DEMONBREUN ST,,,,0.00,N,Not at Intersection,N,Non-Junction,None,,,         ,Goran,Manojlovic,Clear,Angle,no,no,no,no,no,False
102677665,METROPOLITAN NASHVILLE POLICE DEPT,20200177597,Davidson,Nashville,3/11/2020 6:25:00 PM,2,0,0,36.186520,-86.804410,CASS ST,,,,104.00,Feet,West,9TH AVN,,,,0.00,N,Not at Intersection,N,Non-Junction,None,,,         ,Eric,McCoy,Cloudy,"Sideswipe, Same Direction",no,no,no,no,yes,False
102677666,METROPOLITAN NASHVILLE POLICE DEPT,20200177551,Davidson,Nashville,3/11/2020 6:11:00 PM,2,0,0,36.104100,-86.715920,I 24,,,,0.00,,,,,,,54.20,N,Not at Intersection,N,Non-Junction,None,,,         ,Eric,Laury,Cloudy,Front to Rear,no,no,no,no,no,False
102677667,METROPOLITAN NASHVILLE POLICE DEPT,20200177608,Davidson,Nashville,3/11/2020 6:34:00 PM,2,0,0,36.169620,-86.811300,I 40,,,,0.00,,,,,,,207.00,N,Not at Intersection, ,,None,,,         ,Daniel,Kallman,,,no,no,no,no,no,False
102677668,METROPOLITAN NASHVILLE POLICE DEPT,20200177514,Davidson,Nashville,3/11/2020 5:12:00 PM,2,0,0,36.099830,-86.711250,I 24,,,,0.00,,,,,,,54.60,N,Not at Intersection, ,,None,,,         ,John,Walden,,,no,no,no,no,no,False
102677671,METROPOLITAN NASHVILLE POLICE DEPT,20200177545,Davidson,Nashville,3/11/2020 5:15:00 PM,3,2,0,36.137270,-86.821560,I 440,,,,0.00,,,,,,,1.40,N,Not at Intersection,N,Non-Junction,Construction Zone,Work On Shoulder Or Median,Activity Area,         ,William,Hamblen,Clear,Front to Rear,no,no,no,no,yes,False
102677675,METROPOLITAN NASHVILLE POLICE DEPT,20200177520,Davidson,Nashville,3/11/2020 6:03:00 PM,2,0,0,36.145510,-86.666720,STATE HWY 255,,,,99.00,Feet,North,SHACKLETT DR,,,,0.00,N,Not at Intersection, ,,None,,,         ,Peter,Kinsey,,,no,no,no,no,no,False
102677689,METROPOLITAN NASHVILLE POLICE DEPT,20200177525,Davidson,Nashville,3/11/2020 4:30:00 PM,2,0,0,36.106210,-86.673060,MURFREESBORO PKE,,,,0.00,,,DONELSON PKE,,,,0.00,Y,Four-Way, ,Non-Junction,None,,,         ,Zaire,Murray,Cloudy,"Sideswipe, Same Direction",no,no,no,no,yes,False
102677694,METROPOLITAN NASHVILLE POLICE DEPT,20200177590,Davidson,Nashville,3/11/2020 5:29:00 PM,2,1,0,36.124600,-86.794270,BELMONT BLVD,,,,24.00,Feet,North,SWEETBRIAR AV,,,,0.00,N,Not at Intersection, ,Non-Junction,None,,,         ,Edin,Plancic,Clear,Front to Rear,no,no,no,no,yes,False
102677697,METROPOLITAN NASHVILLE POLICE DEPT,20200177643,Davidson,Nashville,3/11/2020 5:22:00 PM,2,0,0,36.124980,-86.847640,WHITE BRIDGE PKE,,,,0.00,,,HARDING PKE,,,,0.00,Y,Four-Way, ,Non-Junction,None,,,         ,Jared,Dick,Clear,Angle,no,no,no,no,no,False
102677703,METROPOLITAN NASHVILLE POLICE DEPT,20200177627,Davidson,Nashville,3/11/2020 6:58:00 PM,2,0,0,36.152640,-86.796740,WEST END AV,,,,256.00,Feet,West,18TH AVS,,,,0.00,N,Not at Intersection,N,Non-Junction,None,,,         ,Benny,Pittman,Clear,Angle,no,no,no,no,no,False
102677714,METROPOLITAN NASHVILLE POLICE DEPT,20200177635,Davidson,Nashville,3/11/2020 6:54:00 PM,2,1,0,36.220780,-86.693580,BRILEY PKWYS,,,,123.00,Feet,North,BRILEY PKWYN,,,,0.00,N,Not at Intersection,N,Non-Junction,None,,,         ,Joseph,Simon,Clear,"Sideswipe, Same Direction",no,no,no,no,yes,False
102677715,METROPOLITAN NASHVILLE POLICE DEPT,20200177593,Davidson,Nashville,3/11/2020 5:26:00 PM,2,0,0,36.161570,-86.766180,DAVIDSON ST,,,,0.00,,,S 2ND ST,,,,0.00,Y,T-Intersection, ,Intersection,None,,,         ,Brenton,Adcox,Clear,"Sideswipe, Opposite Direction",no,no,no,no,no,False
102677720,METROPOLITAN NASHVILLE POLICE DEPT,20200177508,Davidson,Nashville,3/11/2020 5:02:00 PM,2,2,0,36.167870,-86.809390,MEHARRY BLVD,,,,3.00,Feet,West,21ST AVN,,,,0.00,N,Not at Intersection,N,Non-Junction,None,,,         ,Jerica,Gladston,Clear,Other,no,no,no,no,no,False
102677731,METROPOLITAN NASHVILLE POLICE DEPT,20200177740,Davidson,Nashville,3/11/2020 7:53:00 PM,2,1,0,36.132870,-86.893930,I40 E ENT RAMP,,,,0.00,,,,,,,0.00,,,N,Non-Junction,None,,,         ,Jared,Dick,Clear,HeadOn,no,no,no,yes,no,False
102677765,METROPOLITAN NASHVILLE POLICE DEPT,20200177703,Davidson,Nashville,3/11/2020 7:35:00 PM,2,2,0,36.152240,-86.625070,BELL RD,,,,0.00,Feet,,STEWARTS FERRY PKE,,,,0.00,Y,Four-Way,N,Intersection,None,,,         ,Jacob,West,Clear,Angle,no,no,no,no,no,False
102677766,METROPOLITAN NASHVILLE POLICE DEPT,20200177504,Davidson,Nashville,3/11/2020 5:02:00 PM,2,0,0,36.070170,-86.811110,GRANNY WHITE PKE,,,,230.00,Feet,North,STONEWALL JACKSON CT,,,,0.00,N,Not at Intersection, ,,None,,,         ,FELIKS,ABRAHAMYAN,,,no,no,no,no,no,False
102677773,METROPOLITAN NASHVILLE POLICE DEPT,20200177571,Davidson,Nashville,3/11/2020 12:00:00 AM,4,0,0,36.167790,-86.765700,I 24,,,,0.00,,,,,,,48.85,N,Not at Intersection,N,Non-Junction,None,,,         ,Roy,Sain Jr.,Rain,Front to Rear,no,no,no,no,no,False
102677776,METROPOLITAN NASHVILLE POLICE DEPT,20200177679,Davidson,Nashville,3/11/2020 7:21:00 PM,2,1,0,36.138600,-86.785690,SUMMIT AV,,,,143.00,Feet,East,11TH AVS,,,,0.00,N,Not at Intersection,N,Non-Junction,None,,,         ,Nicholas,Carroll,Clear,"Sideswipe, Opposite Direction",no,no,no,no,no,False
102677787,METROPOLITAN NASHVILLE POLICE DEPT,20200177866,Davidson,Nashville,3/11/2020 8:36:00 PM,2,1,0,36.040500,-86.816390,GRANNY WHITE PKE,,,,85.00,Feet,North,OLD HICKORY BLVD,,,,0.00,N,Not at Intersection, ,Non-Junction,None,,,         ,Edin,Plancic,Clear,Front to Rear,no,no,no,no,no,False
102677808,VANDERBILT UNIVERSITY POLICE,20200177805,Davidson,Nashville,3/11/2020 8:05:00 PM,2,0,0,36.151370,-86.799330,20TH AVS,,,,0.00,,,20TH AVN,,,,0.00,Y,T-Intersection, ,Intersection,None,,,         ,Sean,Hughes,Clear,"Sideswipe, Same Direction",no,no,no,no,yes,Campus
102677831,METROPOLITAN NASHVILLE POLICE DEPT,20200177503,Davidson,Not in City Limit,3/11/2020 4:53:00 PM,1,0,0,36.376700,-86.857790,GREENBRIER RD,,,,598.00,Feet,North,GREENBRIER RD PVTDR,,,,0.00,N,Not at Intersection,N,Non-Junction,None,,,         ,Brian,Woodard,Cloudy,Not Collision with Motor Vehicle in Transport,no,no,no,no,no,False
102677850,METROPOLITAN NASHVILLE POLICE DEPT,20200177644,Davidson,Nashville,3/11/2020 7:05:00 PM,2,1,0,36.040840,-86.773470,OAKES DR,,,,0.00,,,HEALTH PARK DR,,,,0.00,Y,Four-Way, ,Intersection-Related,None,,,         ,Roy,McElwee,Clear,Front to Rear,no,no,no,no,no,False
102677859,METROPOLITAN NASHVILLE POLICE DEPT,20200177749,Davidson,Not in City Limit,3/11/2020 8:00:00 PM,1,2,0,36.142720,-86.953930,RIVER ROAD PKE,,,,1162.00,Feet,North,INDIAN CREEK RD,,,,0.00,N,Not at Intersection,N,Non-Junction,None,,,         ,Lawrence,Whited,Clear,Not Collision with Motor Vehicle in Transport,no,no,no,no,no,False
102677863,METROPOLITAN NASHVILLE POLICE DEPT,20200177977,Davidson,Nashville,3/11/2020 9:35:00 PM,2,0,0,36.151690,-86.803710,ELLISTON PL,,,,3.00,Feet,South,22ND AVE N,,,,0.00,N,Not at Intersection,N,Non-Junction,None,,,         ,Goran,Manojlovic,Clear,Angle,no,no,no,no,yes,Campus
102677864,METROPOLITAN NASHVILLE POLICE DEPT,20200178032,Davidson,Nashville,3/11/2020 10:12:00 PM,1,0,0,36.038530,-86.610550,HOBSON PKE,,,,977.00,Feet,North,OLD HICKORY BLVD,,,,0.00,N,Not at Intersection,N,Non-Junction,None,,,         ,Edward,Starke,Clear,Not Collision with Motor Vehicle in Transport,no,no,no,no,no,False
102677897,METROPOLITAN NASHVILLE POLICE DEPT,20200178241,Davidson,Nashville,3/12/2020 12:05:00 AM,2,0,0,36.147040,-86.643060,I 40,,,,0.00,,,,,,,218.00,N,Not at Intersection,N,Non-Junction,None,,,         ,Deandera,Payne,Clear,Other,no,no,no,no,no,False
102677903,METROPOLITAN NASHVILLE POLICE DEPT,20200178411,Davidson,Nashville,3/12/2020 1:42:00 AM,2,0,0,36.069650,-86.694460,HAYWOOD LN,,,,163.00,Feet,West,EZELL RD,,,,0.00,N,Not at Intersection,N,Non-Junction,None,,,         ,Edward,Starke,Clear,Front to Rear,no,no,no,no,yes,False
102677906,METROPOLITAN NASHVILLE POLICE DEPT,20200178418,Davidson,Nashville,3/12/2020 12:00:00 AM,2,0,0,36.241970,-86.702260,PENN MEADE WAY,,,,187.00,Feet,North,RIVER MEADE WAY,,,,0.00,N,Not at Intersection,N,Non-Junction,None,,,         ,Joseph,Simon,Clear,"Sideswipe, Same Direction",no,no,no,no,yes,False
102677912,METROPOLITAN NASHVILLE POLICE DEPT,20200178359,Davidson,Nashville,3/12/2020 1:15:00 AM,1,0,0,36.156660,-86.805690,CHARLOTTE AV,,,,17.00,Feet,West,SHORTVIEW AV,,,,0.00,N,Not at Intersection,N,Non-Junction,None,,,         ,Daniel,Kallman,Clear,Not Collision with Motor Vehicle in Transport,no,no,no,no,no,False
102677914,METROPOLITAN NASHVILLE POLICE DEPT,20200178474,Davidson,Nashville,3/12/2020 2:09:00 AM,2,0,0,36.154010,-86.757360,I 24,,,,0.00,,,,,,,49.90,N,Not at Intersection,Y,Entrance/Exit Ramp Related,Maintenance Zone,Work On Shoulder Or Median,Activity Area,         ,Peter,Kinsey,Clear,Front to Rear,no,no,no,no,no,False
102677915,METROPOLITAN NASHVILLE POLICE DEPT,20200177990,Davidson,Nashville,3/11/2020 9:33:00 PM,1,0,0,36.046930,-86.647940,MT VIEW RD,,,,53.00,Feet,South,BELL FORGE LNE,,,,0.00,N,Not at Intersection,N,Non-Junction,None,,,         ,Joel,Bennett,Clear,Not Collision with Motor Vehicle in Transport,no,no,no,no,yes,False
102677928,METROPOLITAN NASHVILLE POLICE DEPT,20200178737,Davidson,Nashville,3/12/2020 5:02:00 AM,2,0,0,36.125270,-86.732620,I24 E ENT RAMP,,,,0.00,Feet,East,I 440,,,,0.00,N,Not at Intersection,N,Non-Junction,Construction Zone,Lane Shift-Crossover,Transition Area,         ,Eric,Laury,Clear,"Sideswipe, Same Direction",no,no,no,no,yes,False
102677942,METROPOLITAN NASHVILLE POLICE DEPT,20200177045,Davidson,Nashville,3/11/2020 1:46:00 PM,1,1,0,36.151790,-86.779250,8TH AVS,,,,0.00,,,GLEAVES ST,,,,0.00,Y,T-Intersection,N,Intersection,None,,,         ,Joshua,Reece,Cloudy,Not Collision with Motor Vehicle in Transport,no,no,no,no,no,False
102677970,METROPOLITAN NASHVILLE POLICE DEPT,20200178791,Davidson,Antioch,3/12/2020 6:03:00 AM,2,0,0,36.047840,-86.612050,MURFREESBORO PKE,,,,1284.00,Feet,North,MOUNTAIN SPRINGS RD,,,,0.00,N,Not at Intersection, ,,None,,,         ,Patrick,Martin,,,no,no,no,no,no,False
102677971,METROPOLITAN NASHVILLE POLICE DEPT,20200177383,Davidson,Nashville,3/11/2020 3:35:00 PM,2,0,0,36.167230,-86.765340,I 24,,,,0.00,,,,,,,48.90,N,Not at Intersection,N,Non-Junction,None,,,         ,Erik,Wagner,Cloudy,Front to Rear,no,no,no,no,yes,False
102677990,VANDERBILT UNIVERSITY POLICE,20200170244,Davidson,Nashville,3/9/2020 3:49:00 AM,1,0,0,36.111790,-86.767140,POWELL AV,,,,198.00,Feet,South,BRANSFORD AV,,,,0.00,N,Not at Intersection, ,Non-Junction,None,,,         ,William,West,Clear,Not Collision with Motor Vehicle in Transport,no,no,no,yes,no,False
102677992,METROPOLITAN NASHVILLE POLICE DEPT,20200177442,Davidson,Nashville,3/11/2020 5:15:00 PM,3,0,0,36.168490,-86.813980,I40 E EXT RAMP,,,,0.00,,,I 40,,,,0.00,Y,T-Intersection,N,Non-Junction,None,,,         ,Wesley,Young,Clear,Front to Rear,no,no,no,no,no,False
102677993,Nashville Airport Police,2020-00893,Davidson,Nashville,3/10/2020 9:07:00 AM,2,0,0,36.106210,-86.673060,MURFREESBORO PKE,,,,0.00,,,DONELSON PKE,,,,0.00,Y,Four-Way,N,Non-Junction,None,,,         ,Jerry,Lovell,Cloudy,Front to Rear,no,no,no,no,yes,False
102678025,METROPOLITAN NASHVILLE POLICE DEPT,20200177385,Davidson,Nashville,3/11/2020 3:40:00 PM,2,0,0,36.172640,-86.781880,2ND AVN,,,,0.00,,,STOCKYARD ST,,,,0.00,Y,OTHER,N,Non-Junction,None,,,         ,Byron,Carter,Cloudy,Rear to Side,no,no,no,yes,yes,False
102678027,METROPOLITAN NASHVILLE POLICE DEPT,20200178957,Davidson,Nashville,3/12/2020 7:55:00 AM,3,0,0,36.146620,-86.878340,I 40,,,,0.00,,,,,,,202.70,N,Not at Intersection, ,Non-Junction,None,,,         ,Curtis,Rich,Cloudy,Angle,no,no,no,no,no,False
102678030,METROPOLITAN NASHVILLE POLICE DEPT,20200178935,Davidson,Nashville,3/12/2020 7:44:00 AM,1,0,0,36.117400,-86.914810,I 40,,,,0.00,,,,,,,199.80,N,Not at Intersection,N,Non-Junction,None,,,         ,Jack,Crouch,Cloudy,Not Collision with Motor Vehicle in Transport,no,no,no,no,no,False
102678044,METROPOLITAN NASHVILLE POLICE DEPT,20200179028,Davidson,Nashville,3/12/2020 8:30:00 AM,3,0,0,36.188310,-86.793840,I 65,,,,0.00,,,,,,,85.50,N,Not at Intersection,N,Non-Junction,None,,,         ,Wesley,Young,Cloudy,Front to Rear,no,no,no,no,no,False
102678048,METROPOLITAN NASHVILLE POLICE DEPT,20200179032,Davidson,Nashville,3/12/2020 8:32:00 AM,2,0,0,36.049280,-86.651730,BELL RD,,,,0.00,,,HICKORY HOLLOW LN,,,,0.00,Y,Four-Way,N,Intersection,None,,,         ,Alex,DiBernardo,Clear,Front to Rear,no,no,no,no,no,False
102678049,METROPOLITAN NASHVILLE POLICE DEPT,20200178930,Davidson,Nashville,3/12/2020 7:48:00 AM,2,0,0,36.040910,-86.779380,FRANKLIN PIKE CIR,,,,4.00,Feet,North,OLD HICKORY BLVD,,,,0.00,N,Not at Intersection,N,Non-Junction,None,,,         ,Ernie,Wilson,Clear,Angle,no,no,no,no,no,False
102678050,METROPOLITAN NASHVILLE POLICE DEPT,2020179040,Davidson,Nashville,3/12/2020 8:30:00 AM,2,0,0,36.191830,-86.783900,I 65,,,,0.00,,,,,,,86.10,N,Not at Intersection, ,Non-Junction,None,,,         ,Wesley,Young,Cloudy,Front to Rear,no,no,no,no,no,False
102678051,METROPOLITAN NASHVILLE POLICE DEPT,20200178908,Davidson,Nashville,3/12/2020 7:21:00 AM,3,0,0,36.025230,-86.632460,I 24,,,,0.00,,,,,,,61.60,N,Not at Intersection, ,Non-Junction,None,,,         ,Patrick,Martin,Clear,Front to Rear,no,no,no,no,no,False
102678068,METROPOLITAN NASHVILLE POLICE DEPT,20200179114,Davidson,Nashville,3/12/2020 9:12:00 AM,2,0,0,36.171270,-86.870980,CENTENNIAL BLVD,,,,0.00,,,BRILEY PKWY S EXT RAMP,,,,0.00,Y,T-Intersection, ,Entrance/Exit Ramp Related,None,,,         ,Curtis,Rich,Cloudy,Front to Rear,no,no,no,no,no,False
102678073,GOODLETTSVILLE POLICE DEPT,20-08868,Davidson,Goodlettsville,3/11/2020 4:55:00 PM,2,0,0,36.304000,-86.702350,RIVERGATE PKWY,,,,0.00,,,RIVERGATE MALL PVTDR,,,,0.00,Y,OTHER, ,Intersection,None,,,         ,Jeffery,Hunter,Cloudy,Angle,no,no,no,no,no,False
102678075,METROPOLITAN NASHVILLE POLICE DEPT,20200179116,Davidson,Nashville,3/12/2020 9:24:00 AM,2,0,0,36.108720,-86.769440,I 65,,,,0.00,,,,,,,79.65,N,Not at Intersection, ,Non-Junction,None,,,         ,Walter,Cothran,Clear,"Sideswipe, Same Direction",no,no,no,no,no,False
102678082,METROPOLITAN NASHVILLE POLICE DEPT,20200179112,Davidson,Nashville,3/12/2020 9:22:00 AM,2,0,0,36.085040,-86.703080,HARDING PL,,,,76.00,Feet,West,I24 E EXT RAMP,,,,0.00,N,Not at Intersection,N,Non-Junction,None,,,         ,Patrick,Martin,Cloudy,Angle,no,no,no,no,yes,False
102678097,METROPOLITAN NASHVILLE POLICE DEPT,2020-0177284,Davidson,Nashville,3/11/2020 3:50:00 PM,2,0,0,36.159140,-86.760460,I 24,,,,0.00,,,,,,,49.50,N,Not at Intersection, ,Non-Junction,None,,,         ,Jeremy,Smith,Cloudy,Front to Rear,no,no,no,no,no,False
102678120,METROPOLITAN NASHVILLE POLICE DEPT,20200178817,Davidson,Nashville,3/12/2020 6:25:00 AM,3,1,0,36.046590,-86.660910,I 24,,,,0.00,,,,,,,59.30,N,Not at Intersection,N,Non-Junction,None,,,         ,Brandon,Lopez,Cloudy,Front to Rear,no,no,no,no,no,False
102678138,METROPOLITAN NASHVILLE POLICE DEPT,20200179290,Davidson,Nashville,3/12/2020 11:09:00 AM,2,0,0,36.138890,-86.732540,MURFREESBORO PKE,,,,221.00,Feet,East,ARLINGTON AV,,,,0.00,N,Not at Intersection, ,Non-Junction,None,,,         ,Michael,Dance,Cloudy,Front to Rear,no,no,no,no,no,False
102678149,METROPOLITAN NASHVILLE POLICE DEPT,20200179227,Davidson,Nashville,3/12/2020 9:55:00 AM,1,0,0,36.088510,-86.649660,MURFREESBORO PKE,,,,228.00,Feet,South,RANSOM PL,,,,0.00,N,Not at Intersection, ,Non-Junction,None,,,         ,Patrick,Martin,Cloudy,Not Collision with Motor Vehicle in Transport,no,no,no,no,no,False
102678206,METROPOLITAN NASHVILLE POLICE DEPT,20200179393,Davidson,Nashville,3/12/2020 12:09:00 PM,2,0,0,36.081520,-86.727790,NOLENSVILLE PKE,,,,400.00,Feet,South,WELSHWOOD DR,,,,0.00,N,Not at Intersection, ,Non-Junction,None,,,         ,Thomas,Odom,Cloudy,"Sideswipe, Opposite Direction",no,no,no,yes,no,False
102678208,METROPOLITAN NASHVILLE POLICE DEPT,20200179267,Davidson,Nashville,3/12/2020 10:49:00 AM,2,0,0,36.033520,-86.712980,BARNES RD,,,,0.00,Feet,,NOLENSVILLE PKE,,,,0.00,Y,Four-Way, ,Intersection-Related,None,,,         ,Christopher,Alceus,Cloudy,Front to Rear,no,no,no,no,no,False
102678215,METROPOLITAN NASHVILLE POLICE DEPT,20200179406,Davidson,Nashville,3/12/2020 12:20:00 PM,2,0,0,36.158440,-86.799060,CHARLOTTE AV,,,,0.00,,,FISK ST,,,,0.00,Y,T-Intersection, ,Intersection,None,,,         ,Wesley,Young,Cloudy,Front to Rear,no,no,no,no,no,False
102678384,METROPOLITAN NASHVILLE POLICE DEPT,20200179498,Davidson,Nashville,3/12/2020 1:14:00 PM,2,1,0,36.192320,-86.616300,JUAREZ DR,,,,0.00,,,OLD HICKORY BLVD,,,,0.00,Y,Four-Way,N,Intersection-Related,None,,,         ,Michael,Brooks,Cloudy,Front to Rear,no,no,no,no,no,False
102678387,METROPOLITAN NASHVILLE POLICE DEPT,20200178904,Davidson,Nashville,3/12/2020 7:34:00 AM,2,0,0,36.156810,-86.771900,2ND AVS,,,,0.00,,,PEABODY ST,,,,0.00,Y,Four-Way,N,Intersection,None,,,         ,Michael,Douglas,Cloudy,Angle,no,no,no,no,no,False
102678392,METROPOLITAN NASHVILLE POLICE DEPT,20200179495,Davidson,Not in City Limit,3/12/2020 1:00:00 PM,2,0,0,36.279630,-86.779950,OLD HICKORY BLVD,,,,1065.00,Feet,East,BRICK CHURCH PKE,,,,0.00,N,Not at Intersection,N,Non-Junction,None,,,         ,Ricki,Armstrong,Cloudy,"Sideswipe, Opposite Direction",no,no,no,no,no,False
102678402,METROPOLITAN NASHVILLE POLICE DEPT,20200179458,Davidson,Nashville,3/12/2020 12:50:00 PM,2,0,0,36.125410,-86.733470,I 440,,,,0.00,,,,,,,7.20,N,Not at Intersection,N,Non-Junction,Construction Zone,Laneclosure,Unknown,         ,Patrick,Martin,Cloudy,"Sideswipe, Same Direction",no,no,no,no,yes,False
102678424,METROPOLITAN NASHVILLE POLICE DEPT,20200179549,Davidson,Nashville,3/12/2020 1:50:00 PM,3,2,0,36.110300,-86.922570,I40 E EXT RAMP,,,,0.00,,,I 40,,,,0.00,Y,T-Intersection,N,Entrance/Exit Ramp Related,None,,,         ,Curtis,Rich,Cloudy,Angle,no,no,no,no,no,False
102678425,METROPOLITAN NASHVILLE POLICE DEPT,20200179565,Davidson,Nashville,3/12/2020 1:45:00 PM,2,0,0,36.158270,-86.799460,CHARLOTTE AV,,,,135.00,Feet,West,FISK ST,,,,0.00,N,Not at Intersection, ,Non-Junction,None,,,         ,Wesley,Young,Cloudy,Angle,no,no,no,no,no,False
102678426,METROPOLITAN NASHVILLE POLICE DEPT,20200179546,Davidson,Nashville,3/12/2020 1:21:00 PM,2,0,0,36.222250,-86.726050,GALLATIN PKE,,,,216.00,Feet,South,GREENLAND AV,,,,0.00,N,Not at Intersection,N,Non-Junction,None,,,         ,Brandon,Evans,Cloudy,"Sideswipe, Same Direction",no,no,no,no,yes,False
102678429,METROPOLITAN NASHVILLE POLICE DEPT,20200179493,Davidson,Nashville,3/12/2020 12:58:00 PM,2,0,0,36.046500,-86.660760,I 24,,,,0.00,,,,,,,59.30,N,Not at Intersection, ,,Maintenance Zone,,,         ,Patrick,Martin,,,no,no,no,no,no,False
102678431,METROPOLITAN NASHVILLE POLICE DEPT,20200179580,Davidson,Nashville,3/12/2020 1:58:00 PM,2,0,0,36.192580,-86.829470,CLARKSVILLE PKE,,,,154.00,Feet,West,CLIFF DR,,,,0.00,N,Not at Intersection,N,Non-Junction,None,,,         ,Wesley,Young,Clear,Front to Rear,no,no,no,no,yes,False
102678440,METROPOLITAN NASHVILLE POLICE DEPT,20200179589,Davidson,Nashville,3/12/2020 2:15:00 PM,2,0,0,36.176610,-86.755350,MAIN STREET,,,,0.00,Feet,,MCFERRIN AVE,,US,,0.00,Y,T-Intersection, ,Intersection,None,,,         ,Faye,Denson,Clear,Front to Rear,no,no,no,no,no,False
102678476,METROPOLITAN NASHVILLE POLICE DEPT,20200179617,Davidson,Nashville,3/12/2020 2:28:00 PM,3,1,0,36.244190,-86.722630,GALLATIN PKES,,,,129.00,Feet,South,LAKEWOOD DR,,,,0.00,N,Not at Intersection,N,Non-Junction,None,,,         ,Brian,Otto,Cloudy,Front to Rear,no,no,no,no,no,False
102678491,METROPOLITAN NASHVILLE POLICE DEPT,20200179680,Davidson,Not in City Limit,3/12/2020 3:11:00 PM,2,0,0,36.009520,-86.701680,US HWY 31 ALT,,,,0.00,,,BLUFF RD,,,,0.00,Y,Four-Way,Y,Intersection,None,,,         ,Luke,Steigerwalt,Clear,Angle,no,no,no,no,no,False