master_record_number,agency,agency_tracking_number,county,city,collision_date,vehicles_involved,number_injured,number_dead,latitude,longitude,roadway_name,roadway_suffix,roadway_number,roadway_local_id,distance_from_reference,miles-feet_indicator,direction_from_reference,intersection_road_name,intersection_road_name_suffix,intersection_road_number,intersection_local_id,mile_marker,intersection_indicator,intersect_type,interchange_related_indicator,relation_to_junction,work_zone_type,construction_maintenance_zone,construction_maintenance_zone_location,fatal_case_number,officer_first_name,officer_last_name,weather_condition(s),manner_of_crash,pedestrian,bicycle,scooter,parking,hitrun,mou
102679498,METROPOLITAN NASHVILLE POLICE DEPT,20200181857,Davidson,Nashville,3/13/2020 1:27:00 PM,2,0,0,36.169840,-86.673480,LEBANON PKE,,,,55.00,Feet,East,SHADY GROVE RD,,,,0.00,N,Not at Intersection, ,,None,,,         ,Joshua,Hausman,,,no,no,no,no,no,False
102679543,METROPOLITAN NASHVILLE POLICE DEPT,20200181958,Davidson,Nashville,3/13/2020 3:20:00 PM,2,1,0,36.248030,-86.720620,DUE WEST AVW,,,,78.00,Feet,West,GALLATIN PKES,,,,0.00,N,Not at Intersection,N,Non-Junction,None,,,         ,Brian,Otto,Clear,Front to Rear,no,no,no,no,yes,False
102679546,METROPOLITAN NASHVILLE POLICE DEPT,20200181892,Davidson,Nashville,3/13/2020 2:45:00 PM,2,0,0,36.160310,-86.760500,I 24,,,,0.00,,,,,,,49.45,N,Not at Intersection, ,,None,,,         ,Kimberly,Forsyth,,,no,no,no,no,no,False
102679549,METROPOLITAN NASHVILLE POLICE DEPT,20200181906,Davidson,Nashville,3/13/2020 3:00:00 PM,2,1,0,36.070940,-86.635150,MURFREESBORO PKE,,,,456.00,Feet,South,BELL RD,,,,0.00,N,Not at Intersection,N,Non-Junction,None,,,         ,Patrick,Martin,Cloudy,Angle,no,no,no,no,yes,False
102679552,METROPOLITAN NASHVILLE POLICE DEPT,20200181799,Davidson,Nashville,3/13/2020 1:49:00 PM,2,0,0,36.202960,-86.776850,I 65,,,,0.00,,,,,,,87.10,N,Not at Intersection, ,Non-Junction,None,,,         ,Wesley,Young,Cloudy,"Sideswipe, Same Direction",no,no,no,no,no,False
102679574,METROPOLITAN NASHVILLE POLICE DEPT,20200181937,Davidson,Nashville,3/13/2020 3:15:00 PM,2,0,0,36.180580,-86.800200,I 65,,,,0.00,,,,,,,85.00,N,Not at Intersection, ,Non-Junction,None,,,         ,Isaac,Wood,Cloudy,"Sideswipe, Same Direction",no,no,no,no,no,False
102679581,METROPOLITAN NASHVILLE POLICE DEPT,20200182073,Davidson,Nashville,3/13/2020 4:19:00 PM,2,0,0,36.152400,-86.836330,CHARLOTTE AV,,,,214.00,Feet,East,42ND AVN,,,,0.00,N,Not at Intersection, ,Non-Junction,None,,,         ,Curtis,Rich,Cloudy,Front to Rear,no,no,no,no,yes,False
102679582,METROPOLITAN NASHVILLE POLICE DEPT,20200181975,Davidson,Nashville,3/13/2020 3:35:00 PM,2,0,0,36.132650,-86.727160,I 24,,,,0.00,,,,,,,52.00,N,Not at Intersection, ,,None,,,         ,William,Burnett,,,no,no,no,no,no,False
102679587,METROPOLITAN NASHVILLE POLICE DEPT,20200181901,Davidson,Nashville,3/13/2020 2:58:00 PM,2,0,0,36.131980,-86.726870,I24E,,,,616.00,Feet,North,I24 W EXT RAMP,,,,0.00,N,Not at Intersection, ,Non-Junction,None,,,         ,James,Thomas,Cloudy,Front to Rear,no,no,no,no,no,False
102679592,METROPOLITAN NASHVILLE POLICE DEPT,20200181900,Davidson,Not in City Limit,3/13/2020 2:57:00 PM,1,0,0,36.277740,-86.951400,HIGDON RD,,,,2060.00,Feet,West,RIDGE RD,,,,0.00,N,Not at Intersection, ,Non-Junction,None,,,         ,Wesley,Young,Cloudy,Not Collision with Motor Vehicle in Transport,no,no,no,no,no,False
102679605,METROPOLITAN NASHVILLE POLICE DEPT,20200181801,Davidson,Nashville,3/13/2020 1:40:00 PM,3,0,0,36.149320,-86.746920,I 40,,,,0.00,,,,,,,211.80,N,Not at Intersection,N,Non-Junction,None,,,         ,Justin,Chisholm,Clear,Front to Rear,no,no,no,no,no,False
102679613,METROPOLITAN NASHVILLE POLICE DEPT,20200181989,Davidson,Nashville,3/13/2020 3:45:00 PM,1,1,0,36.234730,-86.745300,I65 N ENT RAMP,,,,0.00,Feet,East,ELLINGTON PKWYN,,,,0.00,N,Not at Intersection,Y,Entrance/Exit Ramp Related,None,,,         ,John,Kelley,Cloudy,Not Collision with Motor Vehicle in Transport,no,no,no,no,no,False
102679614,METROPOLITAN NASHVILLE POLICE DEPT,20200182042,Davidson,Nashville,3/13/2020 3:50:00 PM,2,0,0,36.193920,-86.831630,CLARKSVILLE PKE,,,,155.00,Feet,West,BUENA VISTA PKE,,,,0.00,N,Not at Intersection, ,Non-Junction,None,,,         ,Wesley,Young,Clear,Angle,no,no,no,no,no,False
102679633,METROPOLITAN NASHVILLE POLICE DEPT,20200182117,Davidson,Nashville,3/13/2020 4:50:00 PM,2,0,0,36.136620,-86.786600,WADE AV,,,,0.00,Feet,West,11TH AVS,,,,0.00,N,Not at Intersection, ,Non-Junction,None,,,         ,Devin,Mabry,Cloudy,Front to Rear,no,no,no,no,yes,False
102679634,METROPOLITAN NASHVILLE POLICE DEPT,20200181911,Davidson,Nashville,3/13/2020 3:00:00 PM,3,1,0,36.149230,-86.874020,I 40,,,,0.00,,,,,,,203.00,N,Not at Intersection,N,Non-Junction,None,,,         ,Brian,Myatt,Cloudy,"Sideswipe, Same Direction",no,no,no,no,no,False
102679643,METROPOLITAN NASHVILLE POLICE DEPT,20200182069,Davidson,Nashville,3/13/2020 4:31:00 PM,2,0,0,36.146510,-86.742830,I 40,,,,0.00,,,,,,,212.10,N,Not at Intersection, ,Non-Junction,None,,,         ,William,Boler,Cloudy,Front to Rear,no,no,no,no,no,False
102679644,METROPOLITAN NASHVILLE POLICE DEPT,20200182060,Davidson,Nashville,3/13/2020 4:07:00 PM,2,0,0,36.244440,-86.762130,SKYLINE COMMONS PVTDR,,,,0.00,,,,,,,0.00,,Not at Intersection, ,Non-Junction,None,,,         ,Ruben,Mariano,Cloudy,Rear to Side,no,no,no,yes,yes,False
102679645,METROPOLITAN NASHVILLE POLICE DEPT,20200182103,Davidson,Nashville,3/13/2020 4:54:00 PM,2,0,0,36.160380,-86.760500,I 24,,,,0.00,,,,,,,49.45,N,Not at Intersection,N,Unknown,None,,,         ,Frank,Campbell,Cloudy,"Sideswipe, Same Direction",no,no,no,no,yes,False
102679647,METROPOLITAN NASHVILLE POLICE DEPT,20200182043,Davidson,Nashville,3/13/2020 3:30:00 PM,2,0,0,36.168310,-86.760330,S 6TH ST,,,,0.00,Feet,West,SHELBY AV,,,,0.00,N,Not at Intersection,N,Non-Junction,None,,,         ,Joshua,Goepper,Cloudy,Front to Rear,no,no,no,no,no,False
102679648,METROPOLITAN NASHVILLE POLICE DEPT,20200182071,Davidson,Nashville,3/13/2020 4:32:00 PM,2,0,0,36.179730,-86.800510,I 65,,,,0.00,,,,,,,85.00,N,Not at Intersection, ,Non-Junction,None,,,         ,Keith,Parlato,Cloudy,Front to Rear,no,no,no,no,no,False
102679679,METROPOLITAN NASHVILLE POLICE DEPT,20200182091,Davidson,Not in City Limit,3/13/2020 4:46:00 PM,3,1,0,36.274620,-86.797150,I 24,,,,0.00,,,,,,,40.75,N,Not at Intersection,N,Non-Junction,None,,,         ,Ian,Wilson,Clear,Front to Rear,no,no,no,no,no,False
102679687,METROPOLITAN NASHVILLE POLICE DEPT,20200182141,Davidson,Nashville,3/13/2020 5:05:00 PM,3,0,0,36.148410,-86.866730,CHARLOTTE PKE,,,,479.00,Feet,West,LELLYETT ST,,,,0.00,N,Not at Intersection,N,Non-Junction,None,,,         ,Eric,Jackson,Cloudy,Front to Rear,no,no,no,no,no,False
102679721,METROPOLITAN NASHVILLE POLICE DEPT,20200182128,Davidson,Nashville,3/13/2020 5:06:00 PM,2,1,0,36.061570,-86.740360,EDMONDSON PKE,,,,49.00,Feet,South,ELLINGTON AG CENTER PVTDR,,,,0.00,N,Not at Intersection,N,"Driveway, Alley Access, etc",None,,,         ,Cynthia,Quirouette,Cloudy,Angle,no,no,no,no,yes,False
102679751,METROPOLITAN NASHVILLE POLICE DEPT,20200182235,Davidson,Nashville,3/13/2020 6:07:00 PM,2,0,0,36.086050,-86.649130,UNA ANTIOCH PKE,,,,343.00,Feet,South,MURFREESBORO PKE,,,,0.00,N,Not at Intersection,N,Non-Junction,None,,,         ,Joel,Bennett,Clear,Front to Rear,no,no,no,no,no,False
102679754,METROPOLITAN NASHVILLE POLICE DEPT,20200182236,Davidson,Nashville,3/13/2020 2:40:00 AM,2,0,0,36.153940,-86.746710,LEBANON PKE,,,,286.00,Feet,East,HERMITAGE AV,,,,0.00,N,Not at Intersection, ,Non-Junction,None,,,         ,Zaire,Murray,Clear,Angle,no,no,no,no,yes,False
102679809,METROPOLITAN NASHVILLE POLICE DEPT,20200182413,Davidson,Not in City Limit,3/13/2020 7:44:00 PM,2,0,0,36.262820,-86.680970,STATE RT 45,,,,0.00,,,RIO VISTA DR,,,,0.00,Y,Four-Way,N,Intersection-Related,None,,,         ,Eric,Wegener,Clear,Front to Rear,no,no,no,no,yes,False
102679815,METROPOLITAN NASHVILLE POLICE DEPT,20200182452,Davidson,Nashville,3/13/2020 8:12:00 PM,1,1,0,36.059400,-86.669590,UNA ANTIOCH PKE,,,,76.00,Feet,East,OTTENVILLE AV,,,,0.00,N,Not at Intersection,N,Non-Junction,None,,,         ,Joel,Bennett,Clear,Not Collision with Motor Vehicle in Transport,no,no,no,no,no,False
102679821,METROPOLITAN NASHVILLE POLICE DEPT,20200182289,Davidson,Nashville,3/13/2020 6:50:00 PM,2,0,0,36.152590,-86.765890,I 40,,,,0.00,,,,,,,210.65,N,Not at Intersection, ,,None,,,         ,Zaire,Murray,,,no,no,no,no,no,False
102679831,METROPOLITAN NASHVILLE POLICE DEPT,20200182400,Davidson,Nashville,3/13/2020 7:34:00 PM,2,0,0,36.091230,-86.651330,BRITISH WOODS DR,,,,15.00,Feet,West,MURFREESBORO PKE,,,,0.00,N,Not at Intersection,N,Non-Junction,None,,,         ,Jerre,Fly,Clear,"Sideswipe, Same Direction",no,no,no,no,yes,False
102679856,METROPOLITAN NASHVILLE POLICE DEPT,20200182520,Davidson,Nashville,3/13/2020 8:51:00 PM,1,0,0,36.168630,-86.779280,2ND AVN,,,,242.00,Feet,South,GAY ST,,,,0.00,N,Not at Intersection,N,Non-Junction,None,,,         ,Justen,Ogle,Clear,Not Collision with Motor Vehicle in Transport,no,no,no,no,no,False
102679861,METROPOLITAN NASHVILLE POLICE DEPT,20200182484,Davidson,Nashville,3/13/2020 5:57:00 PM,2,0,0,36.154750,-86.676290,LAKELAND DR,,,,0.00,,,EMERY DR,,,,0.00,Y,Four-Way, ,Intersection-Related,None,,,         ,Derek,Sibley,Clear,Angle,no,no,no,no,no,False
102679864,METROPOLITAN NASHVILLE POLICE DEPT,20200182541,Davidson,Nashville,3/13/2020 8:58:00 PM,2,0,0,36.045340,-86.713510,OLD HICKORY BLVD,,,,73.00,Feet,West,NOLENSVILLE PKE,,,,0.00,N,Not at Intersection,N,Non-Junction,None,,,         ,Edin,Plancic,Clear,Front to Rear,no,no,no,no,yes,False
102679973,METROPOLITAN NASHVILLE POLICE DEPT,20200182804,Davidson,Nashville,3/13/2020 11:46:00 PM,1,0,0,36.249750,-86.687020,NEELYS BEND RD,,,,143.00,Feet,West,LARKIN SPRINGS RD,,,,0.00,N,Not at Intersection,N,Non-Junction,None,,,         ,DuJuan,Kendrick,Clear,Not Collision with Motor Vehicle in Transport,no,no,no,yes,yes,False
102679993,METROPOLITAN NASHVILLE POLICE DEPT,20200182363,Davidson,Goodlettsville,3/13/2020 7:20:00 PM,2,0,0,36.296920,-86.699170,RIVERGATE PKWY,,,,2.00,Feet,North,GALLATIN PKEN,,,,0.00,N,Not at Intersection,N,Non-Junction,None,,,         ,Benjamin,Williams,Clear,Angle,no,no,no,no,no,False
102680000,METROPOLITAN NASHVILLE POLICE DEPT,20200182512,Davidson,Nashville,3/13/2020 8:45:00 PM,2,1,0,36.171390,-86.807430,DR D B TODD JR BLVD,,,,0.00,,,HEIMAN ST,,,,0.00,Y,T-Intersection,Y,Intersection,None,,,         ,Brian,Warstadt,Clear,Angle,no,no,no,no,no,False
102680001,METROPOLITAN NASHVILLE POLICE DEPT,20200182788,Davidson,Nashville,3/14/2020 12:04:00 AM,4,0,0,36.171230,-86.604540,SHURGARD WAY,,,,0.00,,,,,,,0.00,,Not at Intersection, ,Non-Junction,None,,,         ,David,Stanley,Clear,Angle,no,no,no,yes,no,False
102680004,METROPOLITAN NASHVILLE POLICE DEPT,20200182704,Davidson,Nashville,3/13/2020 10:47:00 PM,2,0,0,36.139820,-86.823650,I440 E EXT RAMP,,,,0.00,Feet,,I 440,,,,0.00,Y,OTHER,Y,Intersection,None,,,         ,Lawrence,Whited,Clear,Front to Rear,no,no,no,no,yes,False
102680010,METROPOLITAN NASHVILLE POLICE DEPT,20200182819,Davidson,Nashville,3/13/2020 10:30:00 PM,2,0,0,36.161660,-86.775690,BROADWAY,,,,91.00,Feet,East,3RD AVN,,,,0.00,N,Not at Intersection,N,Non-Junction,None,,,         ,Justen,Ogle,Clear,Angle,no,no,no,no,yes,False
102680026,METROPOLITAN NASHVILLE POLICE DEPT,20200182725,Davidson,Nashville,3/13/2020 11:00:00 PM,1,1,0,36.164990,-86.947660,STATE HWY 251,,,,2340.00,Feet,North,LAKEVIEW DR,,,,0.00,N,Not at Intersection,N,Non-Junction,None,,,         ,Honorio,Canchola,Clear,Not Collision with Motor Vehicle in Transport,no,no,no,no,yes,False
102680035,METROPOLITAN NASHVILLE POLICE DEPT,20200182858,Davidson,Nashville,3/14/2020 12:19:00 AM,2,0,0,36.151750,-86.786230,I40 W EXT RAMP,,,,0.00,,,I 40,,,,0.00,Y,OTHER, ,Non-Junction,None,,,         ,Seth,Quiles,Cloudy,"Sideswipe, Same Direction",no,no,no,no,no,False
102680048,METROPOLITAN NASHVILLE POLICE DEPT,20200182951,Davidson,Nashville,3/14/2020 1:31:00 AM,1,1,0,36.153750,-86.794500,WEST END AV,,,,0.00,,,17TH AVS,,,,0.00,Y,Four-Way,N,Non-Junction,None,,,         ,FELIKS,ABRAHAMYAN,Clear,Not Collision with Motor Vehicle in Transport,yes,no,no,no,no,False
102680057,METROPOLITAN NASHVILLE POLICE DEPT,20200182729,Davidson,Nashville,3/13/2020 11:00:00 PM,3,0,0,36.151710,-86.803710,22ND AVE N,,,,5.00,Feet,North,ELLISTON PL,,,,0.00,N,Not at Intersection,N,"Driveway, Alley Access, etc",None,,,         ,Jacob,Robbins,Clear,Angle,no,no,no,no,no,Campus
102680059,METROPOLITAN NASHVILLE POLICE DEPT,20200182927,Davidson,Nashville,3/14/2020 1:04:00 AM,2,0,0,36.063090,-86.626610,MURFREESBORO PKE,,,,829.00,Feet,South,HAMILTON CHURCH RD,,,,0.00,N,Not at Intersection,N,Non-Junction,None,,,         ,Edward,Starke,Clear,Angle,no,no,no,no,no,False
102680067,METROPOLITAN NASHVILLE POLICE DEPT,20200182981,Davidson,Nashville,3/14/2020 2:00:00 AM,2,1,0,36.168820,-86.570800,I 40,,,,0.00,,,,,,,222.50,N,Not at Intersection,Y,Non-Junction,None,,,         ,Heather,Fox,Clear,Front to Rear,no,no,no,no,no,False
102680071,METROPOLITAN NASHVILLE POLICE DEPT,20200183004,Davidson,Nashville,3/14/2020 2:22:00 AM,1,0,0,36.208200,-86.776760,I65 S EXT RAMP,,,,0.00,Feet,East,I 65,,,,0.00,N,Not at Intersection,N,Non-Junction,None,,,         ,Shannon,Forsyth,Clear,Not Collision with Motor Vehicle in Transport,no,no,no,no,no,False
102680072,METROPOLITAN NASHVILLE POLICE DEPT,20200182873,Davidson,Nashville,3/14/2020 12:23:00 AM,1,0,0,36.177370,-86.774540,N 1ST ST,,,,168.00,Feet,North,SPRING ST,,,,0.00,N,Not at Intersection,N,Non-Junction,None,,,         ,James,Wells Jr.,Clear,Not Collision with Motor Vehicle in Transport,no,no,no,no,no,False
102680074,METROPOLITAN NASHVILLE POLICE DEPT,20200183083,Davidson,Not in City Limit,3/14/2020 3:41:00 AM,3,0,0,36.259580,-86.677230,NOTTINGHAM DR,,,,10.00,Feet,West,SHYRE CT,,,,0.00,N,Not at Intersection,N,Non-Junction,None,,,         ,DuJuan,Kendrick,Clear,HeadOn,no,no,no,yes,yes,False
102680076,METROPOLITAN NASHVILLE POLICE DEPT,20200183069,Davidson,Nashville,3/14/2020 3:44:00 AM,1,0,0,36.213010,-86.622780,OLD HICKORY BLVD,,,,197.00,Feet,North,RACHELS LN,,,,0.00,N,Not at Intersection, ,,None,,,         ,Kristopher,Sutton,,,no,no,no,no,no,False
102680078,METROPOLITAN NASHVILLE POLICE DEPT,20200182970,Davidson,Nashville,3/14/2020 1:45:00 AM,2,1,0,36.041960,-86.653490,I 24,,,,0.00,,,,,,,59.80,N,Not at Intersection,N,Non-Junction,Work Zone,Work On Shoulder Or Median,Activity Area,         ,Steven,Begley,Clear,"Sideswipe, Same Direction",no,no,no,no,no,False
102680079,METROPOLITAN NASHVILLE POLICE DEPT,20200183044,Davidson,Not in City Limit,3/14/2020 3:01:00 AM,2,0,0,36.279990,-86.803120,I 24,,,,0.00,,,,,,,40.30,N,Not at Intersection,N,Non-Junction,None,,,         ,Alec,Pellissier,Clear,Front to Rear,no,no,no,no,no,False
102680083,METROPOLITAN NASHVILLE POLICE DEPT,20200182547,Davidson,Nashville,3/13/2020 12:00:00 AM,4,3,0,36.044860,-86.668380,BELL RD,,,,3.00,Feet,North,ARBOR COMMON,,,,0.00,N,Not at Intersection,N,Non-Junction,None,,,         ,Maccio,Hightower,Clear,Other,no,no,no,no,no,False
102680088,METROPOLITAN NASHVILLE POLICE DEPT,20200183137,Davidson,Nashville,3/14/2020 4:09:00 AM,1,0,0,36.156650,-86.789570,I40 W EXT RAMP,,,,0.00,Feet,East,I 40,,,,0.00,N,Not at Intersection,Y,Entrance/Exit Ramp Related,None,,,         ,James,Wells Jr.,Clear,Not Collision with Motor Vehicle in Transport,no,no,no,no,no,False
102680098,METROPOLITAN NASHVILLE POLICE DEPT,20200182382,Davidson,Nashville,3/13/2020 7:13:00 PM,2,0,0,36.139500,-86.700100,KNIGHTS OF COLUMBUS BLVD,,,,28.00,Feet,East,I40 E ENT RAMP,,,,0.00,N,Not at Intersection, ,Non-Junction,None,,,         ,Dontaveous,Eubanks,Clear,Front to Rear,no,no,no,no,no,False
102680099,METROPOLITAN NASHVILLE POLICE DEPT,20200182956,Davidson,Nashville,3/14/2020 1:37:00 AM,1,0,0,36.153080,-86.633340,I 40,,,,0.00,,,,,,,218.70,N,Not at Intersection,N,Non-Junction,None,,,         ,Mary,Robinson,Clear,Not Collision with Motor Vehicle in Transport,no,no,no,no,no,False
102680117,METROPOLITAN NASHVILLE POLICE DEPT,20200182425,Davidson,Nashville,3/13/2020 7:25:00 PM,2,0,0,36.130230,-86.900140,CHARLOTTE PKE,,,,63.00,Feet,West,I40 W EXT RAMP,,,,0.00,N,Not at Intersection,N,Non-Junction,None,,,         ,Jeremy,Huffine,Clear,Front to Rear,no,no,no,no,no,False
102680125,METROPOLITAN NASHVILLE POLICE DEPT,20200182052,Davidson,Nashville,3/13/2020 4:20:00 PM,5,5,0,36.160760,-86.793690,I40 E EXT RAMP,,,,0.00,,,CHARLOTTE AV,,,,0.00,Y,Four-Way,N,Intersection,None,,,         ,Nathan,Kemp,Clear,Angle,no,no,no,no,no,False
102680164,METROPOLITAN NASHVILLE POLICE DEPT,20200183201,Davidson,Nashville,3/14/2020 4:16:00 AM,2,0,0,36.230930,-86.813130,US HWY 431,,,,896.00,Feet,South,RAMP,,,,0.00,N,Not at Intersection,N,Non-Junction,None,,,         ,Wesley,Young,Clear,Angle,no,no,no,no,no,False
102680184,METROPOLITAN NASHVILLE POLICE DEPT,20200183250,Davidson,Nashville,3/14/2020 6:35:00 AM,1,0,0,36.167230,-86.759700,SYLVAN ST,,,,0.00,,North,,,,,0.01,N,Not at Intersection,N,Non-Junction,None,,,         ,Faye,Denson,Clear,Not Collision with Motor Vehicle in Transport,no,no,no,no,no,False
102680186,METROPOLITAN NASHVILLE POLICE DEPT,20200182142,Davidson,Nashville,3/13/2020 5:25:00 PM,2,1,0,36.207190,-86.783280,US HWY 431,,,,195.00,Feet,East,MONTICELLO DR,,,,0.00,N,Not at Intersection,N,Non-Junction,None,,,         ,Wesley,Young,Cloudy,Front to Rear,no,no,no,no,no,False
102680206,METROPOLITAN NASHVILLE POLICE DEPT,20200183564,Davidson,Nashville,3/14/2020 12:00:00 AM,2,0,0,36.061820,-86.667030,CHADFIELD WAY,,,,273.00,Feet,West,CHADFIELD CT,,,,0.00,N,Not at Intersection,N,Non-Junction,None,,,         ,Robert,Higgins,Unknown,"Sideswipe, Same Direction",no,no,no,no,yes,False
102680233,METROPOLITAN NASHVILLE POLICE DEPT,20200183670,Davidson,Nashville,3/14/2020 10:32:00 AM,2,0,0,36.146970,-86.808360,25TH AVS,,,,0.00,,,WEST END AV,,,,0.00,Y,Four-Way,N,Intersection,None,,,         ,Nathan,Kemp,Rain,Angle,no,no,no,no,yes,Campus
102680264,METROPOLITAN NASHVILLE POLICE DEPT,20200183657,Davidson,Nashville,3/14/2020 10:25:00 AM,1,3,0,36.192030,-86.780700,I 65,,,,0.00,,,,,,,86.30,N,Not at Intersection,N,Non-Junction,None,,,         ,Wesley,Young,Rain,Not Collision with Motor Vehicle in Transport,no,no,no,no,no,False
102680276,METROPOLITAN NASHVILLE POLICE DEPT,2020-0183635,Davidson,Nashville,3/14/2020 10:10:00 AM,2,0,0,36.103230,-86.666480,MURFREESBORO PKE,,,,0.00,Feet,,FAIRCLOTH LN,,,,0.00,Y,T-Intersection,Y,Intersection,None,,,         ,Charles,Large,Rain,Angle,no,no,no,no,no,False
102680294,METROPOLITAN NASHVILLE POLICE DEPT,20200183739,Davidson,Nashville,3/14/2020 10:50:00 AM,1,0,0,36.240420,-86.786090,I 24,,,,0.00,,,,,,,43.35,N,Not at Intersection, ,Non-Junction,None,,,         ,Robert,Higgins,Clear,Not Collision with Motor Vehicle in Transport,no,no,no,no,no,False
102680319,METROPOLITAN NASHVILLE POLICE DEPT,20200183691,Davidson,Nashville,3/14/2020 10:50:00 AM,1,0,0,36.103830,-86.819570,HILLSBORO CIR,,,,476.00,Feet,South,BANDYWOOD DR,,,,0.00,N,Not at Intersection,N,Non-Junction,None,,,         ,Brandon,O'Guin,Cloudy,Not Collision with Motor Vehicle in Transport,no,no,no,yes,no,False
102680341,METROPOLITAN NASHVILLE POLICE DEPT,20200183844,Davidson,Nashville,3/14/2020 12:06:00 PM,3,1,0,36.198260,-86.776370,I 65,,,,0.00,,,,,,,86.75,N,Not at Intersection, ,Non-Junction,None,,,         ,Wesley,Young,Rain,Front to Rear,no,no,no,no,no,False
102680352,METROPOLITAN NASHVILLE POLICE DEPT,20200183829,Davidson,Nashville,3/14/2020 12:29:00 PM,2,2,0,36.161420,-86.595840,BELL RD,,,,107.00,Feet,East,LAKE CHATEAU DR,,,,0.00,N,Not at Intersection,N,Non-Junction,None,,,         ,Michael,Dance,Rain,HeadOn,no,no,no,no,no,False
102680357,METROPOLITAN NASHVILLE POLICE DEPT,20200183824,Davidson,Nashville,3/14/2020 12:24:00 PM,2,0,0,36.152810,-86.824520,US HWY 70,,,,101.00,Feet,West,33RD AVE N,,,,0.00,N,Not at Intersection, ,Non-Junction,None,,,         ,Brandon,O'Guin,Rain,Front to Rear,no,no,no,no,no,False
102680367,METROPOLITAN NASHVILLE POLICE DEPT,20200183773,Davidson,Nashville,3/14/2020 11:45:00 AM,2,1,0,36.087350,-86.692390,HARDING PL,,,,60.00,Feet,West,ANTIOCH PKE,,,,0.00,N,Not at Intersection,N,Non-Junction,None,,,         ,Robert,Higgins,Rain,Angle,no,no,no,no,no,False
102680375,METROPOLITAN NASHVILLE POLICE DEPT,20200183826,Davidson,Not in City Limit,3/14/2020 12:25:00 PM,1,2,0,36.080200,-86.928000,HICKS RD,,,,805.00,Feet,North,STIRRUP CT,,,,0.00,N,Not at Intersection,N,Non-Junction,None,,,         ,Tyler,Heckaman,Rain,Not Collision with Motor Vehicle in Transport,no,no,no,no,yes,False
102680379,METROPOLITAN NASHVILLE POLICE DEPT,20200183880,Davidson,Nashville,3/14/2020 12:55:00 PM,2,0,0,36.159900,-86.773870,2ND AVE S,,,,0.00,,,DEMONBREUN ST,,,,0.00,Y,OTHER, ,Non-Junction,None,,,         ,Marvin,Williams,Cloudy,Front to Rear,no,no,no,no,no,False
102680402,METROPOLITAN NASHVILLE POLICE DEPT,20200183776,Davidson,Nashville,3/14/2020 11:45:00 AM,2,0,0,36.052210,-86.644910,BELL RD,,,,0.00,,,EAGLE VIEW BLVD,,,,0.00,Y,T-Intersection,N,Intersection,None,,,         ,Terry,Denton,Cloudy,Front to Rear,no,no,no,no,yes,False
102680404,METROPOLITAN NASHVILLE POLICE DEPT,20200183874,Davidson,Nashville,3/14/2020 12:53:00 PM,2,2,0,36.136770,-86.727250,I 24,,,,0.00,,,,,,,51.30,N,Not at Intersection,N,Non-Junction,None,,,         ,Robert,Higgins,Rain,Front to Rear,no,no,no,no,no,False
102680405,METROPOLITAN NASHVILLE POLICE DEPT,20200183940,Davidson,Nashville,3/14/2020 1:37:00 PM,2,1,0,36.135360,-86.886340,CHARLOTTE PKE,,,,387.00,Feet,West,BROOK HOLLOW RD,,,,0.00,N,Not at Intersection,N,Non-Junction,None,,,         ,Candice,Soper,Cloudy,Front to Rear,no,no,no,no,no,False
102680410,METROPOLITAN NASHVILLE POLICE DEPT,20200183946,Davidson,Nashville,3/14/2020 1:42:00 PM,1,0,0,36.182180,-86.814410,SEIFRIED ST,,,,0.00,,,23RD AVE N,,,,0.00,Y,Four-Way, ,Intersection,None,,,         ,Wesley,Young,Cloudy,Not Collision with Motor Vehicle in Transport,no,no,no,no,no,False
102680451,METROPOLITAN NASHVILLE POLICE DEPT,20200184030,Davidson,Nashville,3/14/2020 2:25:00 PM,2,0,0,36.134250,-86.775380,WEDGEWOOD AV,,,,193.00,Feet,West,I65 N ENT RAMP,,,,0.00,N,Not at Intersection, ,Non-Junction,None,,,         ,Devin,Mabry,Clear,"Sideswipe, Opposite Direction",no,no,no,no,yes,False
102680471,METROPOLITAN NASHVILLE POLICE DEPT,20200183877,Davidson,Not in City Limit,3/14/2020 12:50:00 PM,1,1,0,36.262790,-86.696330,LANIER DR,,,,209.00,Feet,South,E OLD HICKORY BLVD,,,,0.00,N,Not at Intersection,N,"Driveway, Alley Access, etc",None,,,         ,Zachary,Lang,Rain,Not Collision with Motor Vehicle in Transport,no,no,no,no,no,False
102680475,METROPOLITAN NASHVILLE POLICE DEPT,20200183994,Davidson,Goodlettsville,3/14/2020 2:10:00 PM,2,0,0,36.292520,-86.695060,MYATT DR,,,,630.00,Feet,South,SPRING BRANCH DR,,,,0.00,N,Not at Intersection, ,Non-Junction,None,,,         ,Ruben,Mariano,Cloudy,Front to Rear,no,no,no,no,no,False