master_record_number,agency,agency_tracking_number,county,city,collision_date,vehicles_involved,number_injured,number_dead,latitude,longitude,roadway_name,roadway_suffix,roadway_number,roadway_local_id,distance_from_reference,miles-feet_indicator,direction_from_reference,intersection_road_name,intersection_road_name_suffix,intersection_road_number,intersection_local_id,mile_marker,intersection_indicator,intersect_type,interchange_related_indicator,relation_to_junction,work_zone_type,construction_maintenance_zone,construction_maintenance_zone_location,fatal_case_number,officer_first_name,officer_last_name,weather_condition(s),manner_of_crash,pedestrian,bicycle,scooter,parking,hitrun,mou
102683704,METROPOLITAN NASHVILLE POLICE DEPT,20200195166,Davidson,Nashville,3/18/2020 7:23:00 PM,1,0,0,36.026910,-86.680840,OLD HICKORY BLVD,,,,4.00,Feet,North,PETTUS RD,,,,0.00,N,Not at Intersection,N,Non-Junction,None,,,         ,Khalid,Abbady,Fog,Not Collision with Motor Vehicle in Transport,no,no,no,no,yes,False
102683707,METROPOLITAN NASHVILLE POLICE DEPT,20200195320,Davidson,Nashville,3/18/2020 9:24:00 PM,1,0,0,36.088660,-86.732150,NOLENSVILLE PKE,,,,664.00,Feet,South,ZOO RD,,,,0.00,N,Not at Intersection,N,Non-Junction,None,,,         ,FELIKS,ABRAHAMYAN,Rain,Not Collision with Motor Vehicle in Transport,no,no,no,no,yes,False
102683736,METROPOLITAN NASHVILLE POLICE DEPT,20200194954,Davidson,Nashville,3/18/2020 6:25:00 PM,3,0,0,36.149060,-86.762440,CHARLES E DAVIS BLVD,,,,32.00,Feet,South,J C NAPIER CT,,,,0.00,N,Not at Intersection,N,Non-Junction,None,,,         ,Peter,Kinsey,Cloudy,Front to Rear,no,no,no,no,no,False
102683737,METROPOLITAN NASHVILLE POLICE DEPT,20200195431,Davidson,Not in City Limit,3/18/2020 10:25:00 PM,3,2,0,36.312560,-86.829410,I 24,,,,0.00,,,,,,,37.45,N,Not at Intersection,N,Non-Junction,None,,,         ,Chase,Harriman,Clear,Front to Rear,no,no,no,no,no,False
102683741,METROPOLITAN NASHVILLE POLICE DEPT,20200195556,Davidson,Nashville,3/18/2020 11:50:00 PM,2,0,0,36.045370,-86.713260,NOLENSVILLE PKE,,,,0.00,Feet,South,OLD HICKORY BLVD,,,,0.00,N,Not at Intersection,N,Non-Junction,None,,,         ,Angeline,Comilla,Clear,Front to Rear,no,no,no,no,yes,False
102683750,METROPOLITAN NASHVILLE POLICE DEPT,20200195445,Davidson,Nashville,3/18/2020 10:45:00 PM,2,2,0,36.218500,-86.837030,CLARKSVILLE PKE,,,,1.00,Feet,South,KINGS LN,,,,0.00,N,Not at Intersection,N,Non-Junction,None,,,         ,Malik,Burriss,Clear,Angle,no,no,no,no,no,False
102683755,METROPOLITAN NASHVILLE POLICE DEPT,20200195563,Davidson,Nashville,3/18/2020 11:59:00 PM,1,2,0,36.255910,-86.714510,GALLATIN PKES,,,,108.00,Feet,South,NEELYS BEND RD,,,,0.00,N,Not at Intersection,N,OtherLocation,None,,,         ,Chad,Mahoney,Clear,Not Collision with Motor Vehicle in Transport,no,no,no,no,no,False
102683756,METROPOLITAN NASHVILLE POLICE DEPT,20200195624,Davidson,Not in City Limit,3/18/2020 10:38:00 PM,1,0,0,36.321030,-86.850500,I 24,,,,0.00,,,,,,,35.90,N,Not at Intersection,N,Non-Junction,None,,,         ,John,Deiterick,Cloudy,Not Collision with Motor Vehicle in Transport,no,no,no,no,no,False
102683757,METROPOLITAN NASHVILLE POLICE DEPT,20200195479,Davidson,Nashville,3/18/2020 11:00:00 PM,1,0,0,36.101150,-86.820910,HOBBS RD,,,,176.00,Feet,East,STAMMER PL,,,,0.00,N,Not at Intersection,N,Non-Junction,None,,,         ,Kenneth,Bray,Rain,Not Collision with Motor Vehicle in Transport,no,no,no,no,no,False
102683763,METROPOLITAN NASHVILLE POLICE DEPT,20200195469,Davidson,Nashville,3/18/2020 10:44:00 PM,2,2,0,36.047550,-86.655930,HICKORY HOLLOW PKWY,,,,0.00,,,BELL RD,,,,0.00,Y,Four-Way,N,Intersection,None,,,         ,David,Simmonds,Cloudy,Angle,no,no,no,no,no,False
102683764,METROPOLITAN NASHVILLE POLICE DEPT,20200195787,Davidson,Nashville,3/19/2020 12:00:00 AM,1,0,0,36.204270,-86.776950,I65 S ENT RAMP,,,,0.00,Feet,East,I 65,,,,0.00,N,Not at Intersection,N,Non-Junction,None,,,         ,Jacob,Dick,Rain,Not Collision with Motor Vehicle in Transport,no,no,no,no,yes,False
102683765,METROPOLITAN NASHVILLE POLICE DEPT,2020-0193477,Davidson,Nashville,3/18/2020 5:40:00 AM,2,0,0,36.134290,-86.774730,I65 N ENT RAMP,,,,0.00,,,I 65,,,,0.00,Y,Four-Way,N,Intersection,None,,,         ,David,Barras,Cloudy,Angle,no,no,no,no,no,False
102683790,METROPOLITAN NASHVILLE POLICE DEPT,20200195856,Davidson,Nashville,3/19/2020 3:30:00 AM,1,0,0,36.078330,-86.837440,HILLSBORO PKE,,,,212.00,Feet,South,TYNE BLVD,,,,0.00,N,Not at Intersection, ,Non-Junction,None,,,         ,Kenneth,Bray,Rain,Not Collision with Motor Vehicle in Transport,no,no,no,no,no,False
102683794,METROPOLITAN NASHVILLE POLICE DEPT,20200196079,Davidson,Nashville,3/19/2020 4:55:00 AM,1,0,0,36.193200,-86.777110,I 65,,,,0.00,,,,,,,86.50,N,Not at Intersection,N,Non-Junction,None,,,         ,Jacob,Dick,Clear,Not Collision with Motor Vehicle in Transport,no,no,no,no,no,False
102683806,METROPOLITAN NASHVILLE POLICE DEPT,20200196068,Davidson,Nashville,3/19/2020 5:00:00 AM,1,0,0,36.140520,-86.731640,I 40,,,,0.00,,,,,,,213.00,N,Not at Intersection,N,Non-Junction,None,,,         ,Meghan,Pope,Rain,Not Collision with Motor Vehicle in Transport,no,no,no,no,no,False
102683810,METROPOLITAN NASHVILLE POLICE DEPT,20200196120,Davidson,Nashville,3/19/2020 5:20:00 AM,2,0,0,36.197280,-86.776210,I 65,,,,0.00,,,,,,,86.70,N,Not at Intersection,N,Non-Junction,None,,,         ,Malik,Burriss,Clear,Front to Rear,no,no,no,no,no,False
102683827,METROPOLITAN NASHVILLE POLICE DEPT,20200194377,Davidson,Nashville,3/18/2020 1:34:00 PM,1,0,0,36.165030,-86.794140,I 40,,,,0.00,,,,,,,208.40,N,Not at Intersection, ,Non-Junction,None,,,         ,Wesley,Young,Rain,Not Collision with Motor Vehicle in Transport,no,no,no,no,no,False
102683829,METROPOLITAN NASHVILLE POLICE DEPT,20200196153,Davidson,Nashville,3/19/2020 5:42:00 AM,2,0,0,36.040100,-86.677810,BLUE HOLE RD,,,,450.00,Feet,North,ERNA CT,,,,0.00,N,Not at Intersection,N,Non-Junction,None,,,         ,Kevin,Breeding,Rain,HeadOn,no,no,no,no,yes,False
102683837,METROPOLITAN NASHVILLE POLICE DEPT,20200194475,Davidson,Nashville,3/18/2020 2:05:00 PM,2,0,0,36.255120,-86.715410,MADISON SQ,,,,65.00,Feet,West,GALLATIN PKES,,,,0.00,N,Not at Intersection,N,Non-Junction,None,,,         ,Brian,Otto,Cloudy,Front to Rear,no,no,no,yes,yes,False
102683838,METROPOLITAN NASHVILLE POLICE DEPT,20200151009,Davidson,Nashville,3/3/2020 1:53:00 AM,1,1,0,36.183500,-86.610760,OLD HICKORY BLVD,,,,0.00,,,DODSON CHAPEL RD,,,,0.00,Y,Four-Way,N,Intersection-Related,None,,,         ,Craig,Amabile,Other,Not Collision with Motor Vehicle in Transport,no,no,no,no,no,False
102683842,METROPOLITAN NASHVILLE POLICE DEPT,20200196143,Davidson,Nashville,3/19/2020 5:45:00 AM,4,1,0,36.077090,-86.725560,EDMONDSON PKE,,,,0.00,Feet,North,WALLACE RD,,,,0.00,N,Not at Intersection,N,Non-Junction,None,,,         ,Robert,Leverick,Rain,Front to Rear,no,no,no,no,no,False
102683852,METROPOLITAN NASHVILLE POLICE DEPT,20200196247,Davidson,Nashville,3/19/2020 6:59:00 AM,1,1,0,36.192050,-86.781010,I 65,,,,0.00,,,,,,,86.25,N,Not at Intersection,N,Entrance/Exit Ramp Related,None,,,         ,James,Wray,Rain,Not Collision with Motor Vehicle in Transport,no,no,no,no,no,False
102683864,METROPOLITAN NASHVILLE POLICE DEPT,20200196256,Davidson,Nashville,3/19/2020 6:39:00 AM,2,0,0,36.160510,-86.621340,I 40,,,,0.00,,,,,,,219.55,N,Not at Intersection, ,Non-Junction,None,,,         ,Michael,Brooks,Cloudy,"Sideswipe, Same Direction",no,no,no,no,no,False
102683869,METROPOLITAN NASHVILLE POLICE DEPT,20200155535,Davidson,Nashville,3/4/2020 2:34:00 PM,2,0,0,36.171390,-86.807430,DR D B TODD JR BLVD,,,,0.00,,,HEIMAN ST,,,,0.00,Y,Four-Way, ,Non-Junction,None,,,         ,Joseph,Jakes,Clear,Angle,no,no,no,no,no,False
102683907,METROPOLITAN NASHVILLE POLICE DEPT,20200196425,Davidson,Nashville,3/19/2020 8:17:00 AM,1,1,0,36.222470,-86.693980,BRILEY PKWYS,,,,107.00,Feet,East,MUSIC CITY CIR,,,,0.00,N,Not at Intersection,N,Non-Junction,None,,,         ,Michael,Brooks,Cloudy,Not Collision with Motor Vehicle in Transport,no,no,no,no,no,False
102683914,METROPOLITAN NASHVILLE POLICE DEPT,20200196353,Davidson,Nashville,3/19/2020 7:40:00 AM,1,2,0,36.171850,-86.767900,JAMES ROBERTSON PKWY,,,,0.00,Feet,West,ELLINGTON PKWY N ENT RAMP,,,,0.00,N,Not at Intersection,N,Entrance/Exit Ramp Related,None,,,         ,Joshua,Goepper,Rain,Not Collision with Motor Vehicle in Transport,no,no,no,no,no,False
102683925,METROPOLITAN NASHVILLE POLICE DEPT,20200196373,Davidson,Nashville,3/18/2020 12:00:00 AM,1,0,0,36.030360,-86.651410,CANE RIDGE RD,,,,940.00,Feet,West,OLD FRANKLIN RD,,,,0.00,N,Not at Intersection,N,Non-Junction,Construction Zone,Laneclosure,Activity Area,         ,Patrick,Martin,Unknown,Not Collision with Motor Vehicle in Transport,no,no,no,no,no,False
102683926,METROPOLITAN NASHVILLE POLICE DEPT,20200196606,Davidson,Nashville,3/19/2020 9:30:00 AM,1,0,0,36.235770,-86.709230,BRILEY PKWYW,,,,375.00,Feet,East,MUSIC VALLEY DR,,,,0.00,N,Not at Intersection,N,Non-Junction,None,,,         ,Brian,Otto,Cloudy,Not Collision with Motor Vehicle in Transport,no,no,no,no,yes,False
102683935,METROPOLITAN NASHVILLE POLICE DEPT,20200196658,Davidson,Nashville,3/19/2020 10:00:00 AM,2,0,0,36.186110,-86.798370,ROSA L PARKS BLVD,,,,0.00,,,I65 S EXT RAMP,,,,0.00,Y,T-Intersection, ,Intersection,None,,,         ,Wesley,Young,Cloudy,Front to Rear,no,no,no,no,no,False
102683941,METROPOLITAN NASHVILLE POLICE DEPT,20200196613,Davidson,Nashville,3/19/2020 9:53:00 AM,2,0,0,36.155650,-86.789720,14TH AVS,,,,0.00,,,BROADWAY,,,,0.00,Y,Four-Way, ,Intersection,None,,,         ,Wesley,Henderson,Cloudy,"Sideswipe, Same Direction",no,no,no,no,no,False
102683967,METROPOLITAN NASHVILLE POLICE DEPT,20200196957,Davidson,Nashville,3/19/2020 12:35:00 PM,2,2,0,36.158700,-86.792250,14TH AVN,,,,104.00,Feet,South,I40 E EXT RAMP,,,,0.00,N,Not at Intersection,N,Non-Junction,None,,,         ,Nathan,Kemp,Clear,Front to Rear,no,no,no,no,no,False
102683971,METROPOLITAN NASHVILLE POLICE DEPT,20200196448,Davidson,Nashville,3/19/2020 8:22:00 AM,2,1,0,36.058830,-86.670450,MT VIEW RD,,,,0.00,,,HICKORY HOLLOW PKWY,,,,0.00,Y,T-Intersection, ,Intersection-Related,None,,,         ,Alex,Moore,Cloudy,Front to Rear,no,no,no,no,no,False
102683989,METROPOLITAN NASHVILLE POLICE DEPT,20200197036,Davidson,Not in City Limit,3/19/2020 12:40:00 PM,1,0,0,36.311110,-86.877750,RAWLINGS RD,,,,168.00,Feet,West,EATONS CREEK RD,,,,0.00,N,Not at Intersection,N,Non-Junction,None,,,         ,Wesley,Young,Cloudy,Not Collision with Motor Vehicle in Transport,no,no,no,no,yes,False
102684003,METROPOLITAN NASHVILLE POLICE DEPT,20200196888,Davidson,Not in City Limit,3/19/2020 12:01:00 PM,2,0,0,36.263260,-86.713830,STATE HWY 45,,,,231.00,Feet,East,DOUGLAS ST,,,,0.00,N,Not at Intersection,N,Non-Junction,None,,,         ,Ruben,Mariano,Cloudy,Angle,no,no,no,no,no,False
102684018,METROPOLITAN NASHVILLE POLICE DEPT,20200196966,Davidson,Not in City Limit,3/19/2020 12:44:00 PM,1,0,0,36.323380,-86.913460,OLD CLARKSVILLE PKE,,,,928.00,Feet,West,CLARKSVILLE PKE,,,,0.00,N,Not at Intersection,N,Non-Junction,None,,,         ,Wesley,Young,Clear,Not Collision with Motor Vehicle in Transport,no,no,no,no,no,False
102684024,METROPOLITAN NASHVILLE POLICE DEPT,20200196597,Davidson,Nashville,3/19/2020 9:44:00 AM,2,0,0,36.139740,-86.760850,2ND AVS,,,,0.00,,,OLD RADNOR CAR LINE,,,,0.00,Y,T-Intersection,N,Intersection,None,,,         ,Alex,Moore,Cloudy,HeadOn,no,no,no,no,no,False
102684039,METROPOLITAN NASHVILLE POLICE DEPT,20200196974,Davidson,Nashville,3/19/2020 12:44:00 PM,2,0,0,36.144620,-86.749840,MURFREESBORO PKE,,,,0.00,,,ELM HILL PKE,,,,0.00,Y,T-Intersection, ,Intersection-Related,None,,,         ,Ralph,Harvey,Cloudy,"Sideswipe, Same Direction",no,no,no,no,no,False
102684049,METROPOLITAN NASHVILLE POLICE DEPT,20200196891,Davidson,Nashville,3/19/2020 11:49:00 AM,2,1,0,36.153590,-86.785550,12TH AVS,,,,0.00,,,LAUREL ST,,,,0.00,Y,Four-Way, ,Intersection,None,,,         ,Erik,Wagner,Cloudy,Angle,no,no,no,no,no,False
102684050,METROPOLITAN NASHVILLE POLICE DEPT,20200197096,Davidson,Nashville,3/19/2020 1:35:00 PM,2,0,0,36.198630,-86.741190,GALLATIN PKE,,,,246.00,Feet,North,FAIRWIN AV,,,,0.00,N,Not at Intersection, ,Non-Junction,None,,,         ,Russell,Freeman,Cloudy,HeadOn,no,no,no,no,no,False
102684052,METROPOLITAN NASHVILLE POLICE DEPT,20200197090,Davidson,Nashville,3/19/2020 1:18:00 PM,2,0,0,36.071870,-86.636180,MURFREESBORO PKE,,,,0.00,,,BELL RD,,,,0.00,Y,Four-Way, ,Non-Junction,None,,,         ,Michael,Brooks,Cloudy,Front to Rear,no,no,no,no,no,False
102684093,METROPOLITAN NASHVILLE POLICE DEPT,20200197178,Davidson,Nashville,3/19/2020 12:49:00 PM,2,0,0,36.173570,-86.760330,WOODLAND ST,,,,0.00,Feet,East,S 7TH ST,,,,0.00,N,Not at Intersection,N,Non-Junction,None,,,         ,Joshua,Goepper,Cloudy,"Sideswipe, Same Direction",no,no,no,no,yes,False
102684095,METROPOLITAN NASHVILLE POLICE DEPT,20200197164,Davidson,Nashville,3/19/2020 2:11:00 PM,2,0,0,36.263900,-86.690300,STATE ROUTE 45,,,,0.00,,,STATE ROUTE 45,,SR45,,0.00,Y,Four-Way, ,Intersection,None,,,         ,Keenan,McCann,Clear,"Sideswipe, Same Direction",no,no,no,no,no,False
102684114,METROPOLITAN NASHVILLE POLICE DEPT,20200197232,Davidson,Nashville,3/19/2020 3:05:00 PM,2,1,0,36.191950,-86.781980,I 65,,,,0.00,,,,,,,86.20,N,Not at Intersection,N,Non-Junction,None,,,         ,Gabriel,Vasquez,Clear,Front to Rear,no,no,no,no,no,False
102684134,METROPOLITAN NASHVILLE POLICE DEPT,20200197147,Davidson,Nashville,3/19/2020 1:57:00 PM,2,1,0,36.193410,-86.744000,GALLATIN AV,,,,90.00,Feet,South,STRAIGHTWAY AV,,,,0.00,N,Not at Intersection,N,OtherLocation,None,,,         ,Eric,Knight,Clear,"Sideswipe, Same Direction",no,no,no,no,no,False
102684149,METROPOLITAN NASHVILLE POLICE DEPT,20200197366,Davidson,Nashville,3/19/2020 1:50:00 PM,2,0,0,36.176460,-86.794390,TAYLOR ST,,,,83.00,Feet,South,DELTA AV,,,,0.00,N,Not at Intersection,N,Non-Junction,None,,,         ,Chase,Harriman,Clear,"Sideswipe, Same Direction",no,no,no,no,yes,False
102684152,METROPOLITAN NASHVILLE POLICE DEPT,20200197447,Davidson,Nashville,3/19/2020 4:30:00 PM,2,0,0,36.147240,-86.743650,I 40,,,,0.00,,,,,,,212.00,N,Not at Intersection, ,,None,,,         ,Evan,Grace,,,no,no,no,no,no,False
102684154,METROPOLITAN NASHVILLE POLICE DEPT,20200197347,Davidson,Nashville,3/19/2020 3:44:00 PM,2,1,0,36.061270,-86.910940,WARNER NATURE CTR PVTDR,,,,0.00,Feet,,HIGHWAY 100,,,,0.00,Y,T-Intersection,Y,Intersection,None,,,         ,Devonte,Coleman,Clear,Angle,no,no,no,no,no,False
102684160,METROPOLITAN NASHVILLE POLICE DEPT,20200197350,Davidson,Nashville,3/19/2020 3:32:00 PM,2,0,0,36.190980,-86.788580,I 65,,,,0.00,,,,,,,85.85,N,Not at Intersection, ,Non-Junction,None,,,         ,Roy,Sain Jr.,Cloudy,"Sideswipe, Same Direction",no,no,no,no,no,False
102684163,METROPOLITAN NASHVILLE POLICE DEPT,20200197552,Davidson,Nashville,3/19/2020 5:05:00 PM,2,0,0,36.188140,-86.797520,DOMINICAN DR,,,,208.00,Feet,West,FRENCH LANDING DR,,,,0.00,N,Not at Intersection, ,,None,,,         ,Daniel,Kallman,,,no,no,no,no,no,False
102684165,METROPOLITAN NASHVILLE POLICE DEPT,20200197343,Davidson,Nashville,3/19/2020 12:00:00 AM,3,0,0,36.160270,-86.760140,I 24,,,,0.00,,,,,,,49.45,N,Not at Intersection,N,Non-Junction,None,,,         ,Trevor,Taylor,Cloudy,"Sideswipe, Same Direction",no,no,no,no,no,False
102684167,METROPOLITAN NASHVILLE POLICE DEPT,20200197533,Davidson,Nashville,3/19/2020 5:07:00 PM,2,0,0,36.146890,-86.743120,I 40,,,,0.00,,,,,,,212.10,N,Not at Intersection, ,Non-Junction,None,,,         ,Jason,Milyaro Lucas,Clear,"Sideswipe, Same Direction",no,no,no,no,no,False
102684172,METROPOLITAN NASHVILLE POLICE DEPT,20200197391,Davidson,Nashville,3/19/2020 4:00:00 PM,2,0,0,36.164190,-86.779290,4TH AVN,,,,50.00,Feet,South,BANKERS ALY,,,,0.00,N,Not at Intersection,N,Non-Junction,None,,,         ,Joshua,Reece,Cloudy,Angle,no,no,no,no,yes,False
102684173,METROPOLITAN NASHVILLE POLICE DEPT,20200197605,Davidson,Nashville,3/19/2020 5:37:00 PM,2,0,0,36.176940,-86.811180,21ST AVN,,,,0.00,Feet,,OSAGE ST,,,,0.00,Y,Four-Way,N,Intersection,None,,,         ,Andrey,Volfson,Cloudy,Angle,no,no,no,no,yes,False
102684176,METROPOLITAN NASHVILLE POLICE DEPT,20200197542,Davidson,Nashville,3/19/2020 4:55:00 PM,2,0,0,36.084880,-86.703580,HARDING PL,,,,46.00,Feet,West,TRAVELERS INN DR,,,,0.00,N,Not at Intersection, ,Non-Junction,None,,,         ,Edward,Starke,Clear,Front to Rear,no,no,no,no,no,False
102684182,METROPOLITAN NASHVILLE POLICE DEPT,20200197597,Davidson,Nashville,3/19/2020 5:30:00 PM,2,0,0,36.140600,-86.878670,CHARLOTTE PKE,,,,205.00,Feet,West,CHARLOTTE ROAD CIR,,,,0.00,N,Not at Intersection, ,Non-Junction,None,,,         ,Devonte,Coleman,Clear,Front to Rear,no,no,no,no,no,False
102684201,METROPOLITAN NASHVILLE POLICE DEPT,20200197635,Davidson,Nashville,3/19/2020 5:50:00 PM,1,0,0,36.027500,-86.634990,I 24,,,,0.00,,,,,,,61.25,N,Not at Intersection,N,Non-Junction,None,,,         ,Parker,Vegas,Cloudy,Not Collision with Motor Vehicle in Transport,no,no,no,no,no,False
102684204,METROPOLITAN NASHVILLE POLICE DEPT,20200197762,Davidson,Nashville,3/19/2020 7:00:00 PM,2,0,0,36.111200,-86.749380,THOMPSON LN,,,,147.00,Feet,West,LANDERS AV,,,,0.00,N,Not at Intersection, ,Non-Junction,None,,,         ,Ryan,Sherry,Clear,"Sideswipe, Same Direction",no,no,no,no,yes,False
102684205,METROPOLITAN NASHVILLE POLICE DEPT,20200197630,Davidson,Nashville,3/19/2020 4:46:00 PM,2,0,0,36.067350,-86.663050,RICHARDS RD,,,,409.00,Feet,West,UNA ANTIOCH PKE,,,,0.00,N,Not at Intersection,N,Non-Junction,None,,,         ,Joel,Bennett,Clear,Front to Rear,no,no,no,no,yes,False
102684208,METROPOLITAN NASHVILLE POLICE DEPT,20200197714,Davidson,Nashville,3/19/2020 6:29:00 PM,2,0,0,36.194400,-86.772350,DOUGLAS AV,,,,0.00,,,DICKERSON PKE,,,,0.00,Y,Four-Way, ,Intersection,None,,,         ,Cressie,Prill,Cloudy,Angle,no,no,no,no,no,False
102684218,METROPOLITAN NASHVILLE POLICE DEPT,20200197872,Davidson,Nashville,3/19/2020 7:30:00 PM,2,0,0,36.147140,-86.869410,MARCIA AV,,,,0.00,,,CHARLOTTE PKE,,,,0.00,Y,T-Intersection,N,Intersection,None,,,         ,Devonte,Coleman,Clear,Angle,no,no,no,no,no,False
102684231,METROPOLITAN NASHVILLE POLICE DEPT,20200197826,Davidson,Nashville,3/19/2020 7:34:00 PM,2,0,0,36.248950,-86.719720,GALLATIN PKES,,,,184.00,Feet,South,E PALESTINE AV,,,,0.00,N,Not at Intersection, ,Non-Junction,None,,,         ,Rodney,Phipps,Clear,Angle,no,no,no,no,no,False
102684233,METROPOLITAN NASHVILLE POLICE DEPT,20200197711,Davidson,Nashville,3/19/2020 6:27:00 PM,2,2,0,36.158890,-86.782110,8TH AVS,,,,0.00,,,BROADWAY,,,,0.00,Y,Four-Way,N,Intersection-Related,None,,,         ,Miles,Posey,Clear,Angle,no,no,no,no,no,False
102684237,METROPOLITAN NASHVILLE POLICE DEPT,20200197839,Davidson,Nashville,3/19/2020 5:41:00 PM,4,0,0,36.141350,-86.655690,I 40,,,,0.00,,,,,,,217.75,N,Not at Intersection,N,Non-Junction,None,,,         ,Adam,Warren,Clear,"Sideswipe, Same Direction",no,no,no,no,no,False
102684251,METROPOLITAN NASHVILLE POLICE DEPT,20200197794,Davidson,Nashville,3/19/2020 7:20:00 PM,1,0,0,36.180070,-86.810900,BUCHANAN ST,,,,41.00,Feet,East,DR D B TODD JR BLVD,,,,0.00,N,Not at Intersection,N,Non-Junction,None,,,         ,Jerica,Gladston,Clear,Not Collision with Motor Vehicle in Transport,no,no,no,no,yes,False
102684270,METROPOLITAN NASHVILLE POLICE DEPT,20200197823,Davidson,Nashville,3/19/2020 7:30:00 PM,2,0,0,36.079670,-86.726070,HARDING PL,,,,77.00,Feet,East,NOLENSVILLE PKE,,,,0.00,N,Not at Intersection, ,,None,,,         ,Melissa,Lomax,,,no,no,no,no,no,False
102684288,METROPOLITAN NASHVILLE POLICE DEPT,20200197908,Davidson,Nashville,3/19/2020 9:08:00 PM,2,0,0,36.186810,-86.613370,OLD HICKORY BLVD,,,,679.00,Feet,South,ANDREW JACKSON PKWY,,,,0.00,N,Not at Intersection, ,,None,,,         ,David,Stanley,,,no,no,no,no,no,False
102684318,METROPOLITAN NASHVILLE POLICE DEPT,20200197697,Davidson,Nashville,3/19/2020 6:20:00 PM,2,1,0,36.149890,-86.748350,I 40,,,,0.00,,,,,,,211.70,N,Not at Intersection,N,Non-Junction,None,,,         ,Derek,Sibley,Cloudy,"Sideswipe, Same Direction",no,no,no,no,no,False
102684353,METROPOLITAN NASHVILLE POLICE DEPT,20200198227,Davidson,Nashville,3/19/2020 11:05:00 PM,2,1,0,36.153070,-86.848610,51ST AVN,,,,0.00,,,ALABAMA AV,,,,0.00,Y,Four-Way,Y,Intersection,None,,,         ,Eric,Jackson,Cloudy,Angle,no,no,no,no,no,False
102684358,METROPOLITAN NASHVILLE POLICE DEPT,20200198410,Davidson,Nashville,3/20/2020 12:00:00 AM,1,1,0,36.188370,-86.773220,DICKERSON PKE,,,,169.00,Feet,South,WHITES CREEK PKE,,,,0.00,N,Not at Intersection,N,Non-Junction,None,,,         ,Ralph,Gault,Cloudy,Not Collision with Motor Vehicle in Transport,yes,no,no,no,yes,False
102684382,METROPOLITAN NASHVILLE POLICE DEPT,20200198487,Davidson,Nashville,3/20/2020 1:40:00 AM,2,0,0,36.170400,-86.768450,INTERSTATE DR,,,,0.00,,,WOODLAND ST,,,,0.00,Y,Four-Way,N,Intersection,None,,,         ,Richard,Luellen,Cloudy,HeadOn,no,no,no,no,no,False
102684394,METROPOLITAN NASHVILLE POLICE DEPT,20200198545,Davidson,Nashville,3/20/2020 1:58:00 AM,3,1,0,36.219550,-86.774460,I 65,,,,0.00,,,,,,,88.25,N,Not at Intersection,N,Non-Junction,None,,,         ,Ralph,Gault,Cloudy,Angle,no,no,no,no,no,False
102684395,METROPOLITAN NASHVILLE POLICE DEPT,20200198600,Davidson,Nashville,3/20/2020 2:35:00 AM,2,0,0,36.171420,-86.803690,I 40,,,,0.00,,,,,,,207.65,N,Not at Intersection,N,Non-Junction,None,,,         ,Eric,Jackson,Cloudy,"Sideswipe, Same Direction",no,no,no,no,yes,False
102684397,METROPOLITAN NASHVILLE POLICE DEPT,20200198816,Davidson,Nashville,3/20/2020 4:45:00 AM,1,0,0,36.235290,-86.764970,I 65,,,,0.00,,,,,,,89.50,N,Not at Intersection,N,Non-Junction,None,,,         ,Coleman,McKellar,Rain,Not Collision with Motor Vehicle in Transport,no,no,no,no,no,False
102684401,GOODLETTSVILLE POLICE DEPT,20-09929,Davidson,Goodlettsville,3/20/2020 4:00:00 AM,1,0,0,36.324680,-86.705300,I 65,,,,0.00,,,,,,,97.05,N,Not at Intersection,N,Non-Junction,None,,,         ,Christopher,Jones,Rain,Not Collision with Motor Vehicle in Transport,no,no,no,no,no,False
102684408,METROPOLITAN NASHVILLE POLICE DEPT,20200198832,Davidson,Nashville,3/20/2020 5:02:00 AM,1,1,0,36.071940,-86.691560,I24 E EXT RAMP,,,,0.00,Feet,East,I 24,,,,0.00,N,Not at Intersection,N,Non-Junction,None,,,         ,Kaleigh,Pearce,Rain,Not Collision with Motor Vehicle in Transport,no,no,no,no,no,False
102684412,METROPOLITAN NASHVILLE POLICE DEPT,20200198753,Davidson,Nashville,3/20/2020 4:01:00 AM,1,0,0,36.139820,-86.887790,I 40,,,,0.00,,,,,,,202.00,N,Not at Intersection,N,Non-Junction,None,,,         ,David,Moser,Rain,Not Collision with Motor Vehicle in Transport,no,no,no,no,no,False
102684415,METROPOLITAN NASHVILLE POLICE DEPT,20200198767,Davidson,Nashville,3/20/2020 4:20:00 AM,1,0,0,36.105160,-86.930800,I 40,,,,0.00,,,,,,,198.70,N,Not at Intersection,N,Non-Junction,None,,,         ,Kelsey,Hicks,Rain,Not Collision with Motor Vehicle in Transport,no,no,no,no,no,False
102684444,METROPOLITAN NASHVILLE POLICE DEPT,20200199104,Davidson,Nashville,3/20/2020 7:53:00 AM,2,0,0,36.155040,-86.797520,18TH AVN,,,,0.00,,,CHURCH ST,,,,0.00,Y,Four-Way, ,Intersection,None,,,         ,Nathan,Kemp,Clear,Angle,no,no,no,no,no,False