master_record_number,agency,agency_tracking_number,county,city,collision_date,vehicles_involved,number_injured,number_dead,latitude,longitude,roadway_name,roadway_suffix,roadway_number,roadway_local_id,distance_from_reference,miles-feet_indicator,direction_from_reference,intersection_road_name,intersection_road_name_suffix,intersection_road_number,intersection_local_id,mile_marker,intersection_indicator,intersect_type,interchange_related_indicator,relation_to_junction,work_zone_type,construction_maintenance_zone,construction_maintenance_zone_location,fatal_case_number,officer_first_name,officer_last_name,weather_condition(s),manner_of_crash,pedestrian,bicycle,scooter,parking,hitrun,mou
102685127,METROPOLITAN NASHVILLE POLICE DEPT,20200202016,Davidson,Nashville,3/21/2020 8:20:00 AM,1,0,0,36.101930,-86.763730,I65 N EXT RAMP,,,,0.00,,,I 65,,,,0.00,Y,OTHER,Y,Entrance/Exit Ramp Related,None,,,         ,Earl,Davis,Cloudy,Not Collision with Motor Vehicle in Transport,no,no,no,no,no,False
102685158,METROPOLITAN NASHVILLE POLICE DEPT,20200202441,Davidson,Nashville,3/21/2020 12:57:00 PM,2,0,0,36.120700,-86.807970,LOMBARDY AV,,,,0.00,Feet,,HILLSBORO PKE,,,,0.00,Y,Four-Way, ,Intersection,None,,,         ,Brent,Bauer,Cloudy,Angle,no,no,no,no,no,False
102685175,METROPOLITAN NASHVILLE POLICE DEPT,20200202414,Davidson,Nashville,3/21/2020 12:36:00 PM,1,0,0,36.151560,-86.786310,I 40,,,,0.00,,,,,,,209.50,N,Not at Intersection,N,Non-Junction,None,,,         ,Blake,Whitaker,Cloudy,Not Collision with Motor Vehicle in Transport,no,no,no,no,no,False
102685176,METROPOLITAN NASHVILLE POLICE DEPT,20200202447,Davidson,Nashville,3/21/2020 1:00:00 PM,2,0,0,36.151760,-86.768630,2ND AVS,,,,0.00,,,I40 W EXT RAMP,,,,0.00,Y,Four-Way,N,Intersection,None,,,         ,Wesley,Henderson,Cloudy,"Sideswipe, Same Direction",no,no,no,no,no,False
102685179,METROPOLITAN NASHVILLE POLICE DEPT,20200202446,Davidson,Nashville,3/21/2020 1:00:00 PM,2,0,0,36.111170,-86.748890,THOMPSON LN,,,,0.00,,,LANDERS AV,,,,0.00,Y,T-Intersection, ,Intersection,None,,,         ,Jackson,Smythe,Cloudy,"Sideswipe, Same Direction",no,no,no,no,no,False
102685180,METROPOLITAN NASHVILLE POLICE DEPT,2020-0202396,Davidson,Nashville,3/21/2020 12:44:00 PM,2,0,0,36.215060,-86.593910,LEBANON PKE,,,,1108.00,Feet,East,ANDREW JACKSON PKWY,,,,0.00,N,Not at Intersection, ,,None,,,         ,Calvin,Graham,,,no,no,no,yes,no,False
102685181,METROPOLITAN NASHVILLE POLICE DEPT,20200202405,Davidson,Not in City Limit,3/21/2020 12:00:00 AM,2,1,0,36.273320,-86.689480,MYATT DR,,,,437.00,Feet,North,ANDERSON LN,,,,0.00,N,Not at Intersection,N,Non-Junction,None,,,         ,Keenan,McCann,Cloudy,"Sideswipe, Same Direction",no,no,no,no,no,False
102685192,METROPOLITAN NASHVILLE POLICE DEPT,20200202537,Davidson,Nashville,3/21/2020 1:58:00 PM,1,0,0,36.228520,-86.741290,MAPLEWOOD LN,,,,552.00,Feet,South,LEMONT DR,,,,0.00,N,Not at Intersection,N,Non-Junction,None,,,         ,John,Kelley,Clear,Not Collision with Motor Vehicle in Transport,no,no,no,no,no,False
102685197,METROPOLITAN NASHVILLE POLICE DEPT,20200202573,Davidson,Nashville,3/21/2020 2:30:00 PM,2,0,0,36.066180,-86.686320,I 24,,,,0.00,,,,,,,57.30,N,Not at Intersection,N,Non-Junction,None,,,         ,Stanley,Collins,Clear,Front to Rear,no,no,no,no,yes,False
102685198,METROPOLITAN NASHVILLE POLICE DEPT,20200202460,Davidson,Nashville,3/21/2020 1:14:00 PM,2,0,0,36.194300,-86.717400,PRESTON DR,,,,386.00,Feet,North,SHERIDAN RD,,,,0.00,N,Not at Intersection,N,Non-Junction,None,,,         ,Michael,Agee,Cloudy,Front to Rear,no,no,no,no,no,False
102685207,METROPOLITAN NASHVILLE POLICE DEPT,20200202455,Davidson,Nashville,3/21/2020 1:07:00 PM,2,0,0,36.083330,-86.710430,TAMPA DR,,,,0.00,,,,,,,0.00,,,N,Non-Junction,None,,,         ,Brian,Sherman,Cloudy,Front to Rear,no,no,no,yes,yes,False
102685208,METROPOLITAN NASHVILLE POLICE DEPT,20200202597,Davidson,Nashville,3/21/2020 2:25:00 PM,2,0,0,36.154130,-86.757750,I 40,,,,0.00,,,,,,,211.10,N,Not at Intersection,N,Non-Junction,None,,,         ,Christopher,Beery,Cloudy,"Sideswipe, Same Direction",no,no,no,no,yes,False
102685213,METROPOLITAN NASHVILLE POLICE DEPT,20200202622,Davidson,Nashville,3/21/2020 2:44:00 PM,2,0,0,36.084920,-86.703440,TRAVELERS INN DR,,,,0.00,,,HARDING PL,,,,0.00,Y,T-Intersection,N,Intersection,None,,,         ,Matthew,Swindell,Clear,Angle,no,no,no,no,no,False
102685214,METROPOLITAN NASHVILLE POLICE DEPT,20200202721,Davidson,Nashville,3/21/2020 3:10:00 PM,2,0,0,36.128350,-86.842420,HARDING PKE,,,,516.00,Feet,East,WOODLAWN DR,,,,0.00,N,Not at Intersection,N,Non-Junction,None,,,         ,Torian,Cox,Clear,Front to Rear,no,no,no,no,yes,False
102685226,METROPOLITAN NASHVILLE POLICE DEPT,20200202646,Davidson,Nashville,3/21/2020 2:40:00 PM,2,0,0,36.130200,-86.727020,I 24,,,,0.00,,,,,,,52.15,N,Not at Intersection,N,Non-Junction,None,,,         ,Timothy,Ward,Clear,Front to Rear,no,no,no,no,no,False
102685234,TENNESSEE STATE UNIVERSITY ,20-TSU-10956,Davidson,Nashville,3/19/2020 3:30:00 PM,2,0,0,36.162680,-86.830290,CLARE AV,,,,0.00,,,ALBION ST,,,,0.00,Y,OTHER,N,Non-Junction,None,,,         ,Inice,Wagner,Clear,Front to Rear,no,no,no,no,yes,False
102685246,METROPOLITAN NASHVILLE POLICE DEPT,20200202746,Davidson,Nashville,3/21/2020 3:56:00 PM,2,1,0,36.074940,-86.919520,HIGHWAY 70S,,,,28.00,Feet,East,BELLEVUE VALLEY PLAZA PVTDR,,,,0.00,N,Not at Intersection,N,Non-Junction,None,,,         ,Matthew,Mrowiec,Clear,Angle,no,no,no,no,no,False
102685279,METROPOLITAN NASHVILLE POLICE DEPT,20200202929,Davidson,Not in City Limit,3/21/2020 5:00:00 PM,1,0,0,36.351720,-86.879160,US HWY 431,,,,303.00,Feet,South,BAXTER RD,,,,0.00,N,Not at Intersection, ,"Driveway, Alley Access, etc",None,,,         ,Jeremy,Spoonemore,Clear,Not Collision with Motor Vehicle in Transport,no,no,no,no,no,False
102685284,METROPOLITAN NASHVILLE POLICE DEPT,20200202982,Davidson,Nashville,3/21/2020 5:54:00 PM,2,0,0,36.086130,-86.729410,NOLENSVILLE PKE,,,,0.00,Feet,West,ELYSIAN FIELDS RD,,,,0.00,N,Not at Intersection, ,Non-Junction,None,,,         ,Brady,Reynolds,Clear,Angle,no,no,no,no,no,False
102685315,METROPOLITAN NASHVILLE POLICE DEPT,20200203115,Davidson,Nashville,3/21/2020 7:01:00 PM,2,0,0,36.079680,-86.659240,ELIZABETHS CT,,,,155.00,Feet,West,BISHOPSGATE RD,,,,0.00,N,Not at Intersection,N,Non-Junction,None,,,         ,Edward,Starke,Clear,"Sideswipe, Same Direction",no,no,no,yes,yes,False
102685317,METROPOLITAN NASHVILLE POLICE DEPT,20200202585,Davidson,Nashville,3/21/2020 2:38:00 PM,1,1,0,36.075260,-86.918550,HIGHWAY 70S,,,,53.00,Feet,East,BELLEVUE VALLEY PLAZA PVTDR,,,,0.00,N,Not at Intersection,N,Non-Junction,None,,,         ,Jeremy,Huffine,Cloudy,Not Collision with Motor Vehicle in Transport,no,no,no,no,no,False
102685329,METROPOLITAN NASHVILLE POLICE DEPT,20200203263,Davidson,Nashville,3/21/2020 7:50:00 PM,1,0,0,36.206210,-86.773670,I65 N EXT RAMP,,,,0.00,,,I65 N ENT RAMP,,,,0.00,Y,T-Intersection,Y,Intersection,None,,,         ,Jeremy,Smith,Clear,Not Collision with Motor Vehicle in Transport,no,no,no,no,no,False
102685331,METROPOLITAN NASHVILLE POLICE DEPT,20200203083,Davidson,Nashville,3/21/2020 6:46:00 PM,1,0,0,36.138290,-86.726800,I 24,,,,0.00,,,,,,,52.40,N,Not at Intersection,N,Non-Junction,None,,,         ,Phillip,Burke,Clear,Not Collision with Motor Vehicle in Transport,no,no,no,no,no,False
102685338,METROPOLITAN NASHVILLE POLICE DEPT,20200203193,Davidson,Nashville,3/21/2020 7:45:00 PM,2,0,0,36.161430,-86.776220,BROADWAY,,,,83.00,Feet,West,3RD AVN,,,,0.00,N,Not at Intersection, ,Non-Junction,None,,,         ,Miles,Posey,Clear,"Sideswipe, Same Direction",no,no,no,no,no,False
102685339,METROPOLITAN NASHVILLE POLICE DEPT,20200203239,Davidson,Nashville,3/21/2020 7:01:00 PM,2,1,0,36.058920,-86.597410,HOBSON PKE,,,,164.00,Feet,North,HAMILTON CHURCH RD,,,,0.00,N,Not at Intersection,N,Non-Junction,None,,,         ,Edward,Starke,Clear,Angle,no,no,no,no,yes,False
102685348,METROPOLITAN NASHVILLE POLICE DEPT,20200202773,Davidson,Not in City Limit,3/21/2020 4:05:00 PM,3,2,0,36.348870,-86.876940,WHITES CREEK PKE,,,,943.00,Feet,North,GREENBRIER RD,,,,0.00,N,Not at Intersection,N,Non-Junction,None,,,         ,Chad,Connors,Clear,"Sideswipe, Opposite Direction",no,no,no,no,no,False
102685361,METROPOLITAN NASHVILLE POLICE DEPT,20200203357,Davidson,Nashville,3/21/2020 9:00:00 PM,2,0,0,36.161930,-86.836610,40TH AVN,,,,168.00,Feet,North,ALBION ST,,,,0.00,N,Not at Intersection,N,Non-Junction,None,,,         ,Andrew,McCarron,Clear,Front to Rear,no,no,no,no,no,False
102685414,METROPOLITAN NASHVILLE POLICE DEPT,20200203452,Davidson,Nashville,3/21/2020 9:10:00 PM,3,0,0,36.037330,-86.710270,CARL MILLER DR,,,,121.00,Feet,North,MONTE LEONE CT,,,,0.00,N,Not at Intersection,N,Non-Junction,None,,,         ,Bryce,Hatten,Clear,Not Collision with Motor Vehicle in Transport,no,no,no,no,yes,False
102685416,METROPOLITAN NASHVILLE POLICE DEPT,20200203580,Davidson,Nashville,3/21/2020 11:37:00 PM,3,11,0,36.059070,-86.716220,NOLENSVILLE PKE,,,,0.00,Feet,East,TUSCULUM RD,,,,0.00,N,Not at Intersection,N,Non-Junction,None,,,         ,Alex,DiBernardo,Clear,Angle,no,no,no,no,no,False
102685418,METROPOLITAN NASHVILLE POLICE DEPT,20200203538,Davidson,Nashville,3/21/2020 9:30:00 PM,3,0,0,36.032140,-86.614230,PRESERVE,BLVD,,,0.00,,,CANDLECREEK,WAY,,,0.00,Y,T-Intersection,Y,Intersection-Related,None,,,         ,Kevin,Breeding,Clear,HeadOn,no,no,no,no,yes,False
102685435,METROPOLITAN NASHVILLE POLICE DEPT,20200203908,Davidson,Nashville,3/22/2020 3:10:00 AM,1,0,0,36.071230,-86.645750,PEBBLE CREEK DR,,,,521.00,Feet,South,EDGE O LAKE DR,,,,0.00,N,Not at Intersection, ,OtherLocation,None,,,         ,Luke,Steigerwalt,Clear,Not Collision with Motor Vehicle in Transport,no,no,no,no,no,False
102685436,METROPOLITAN NASHVILLE POLICE DEPT,20200203905,Davidson,Antioch,3/22/2020 3:24:00 AM,2,0,0,36.050620,-86.614330,MURFREESBORO PK / PIN HOOK RD,,,,0.00,,,MURFREESBORO PK / PIN HOOK DR,,,,0.00,Y,Four-Way, ,Intersection,None,,,         ,Nadine,Klemenz,Cloudy,Angle,no,no,no,no,no,False
102685449,METROPOLITAN NASHVILLE POLICE DEPT,20200204073,Davidson,Nashville,3/22/2020 5:40:00 AM,2,0,0,36.184200,-86.764870,LISCHEY AV,,,,35.00,Feet,South,ARRINGTON ST,,,,0.00,N,Not at Intersection,N,Non-Junction,None,,,         ,Cesar,Rocha,Clear,"Sideswipe, Same Direction",no,no,no,no,yes,False
102685456,METROPOLITAN NASHVILLE POLICE DEPT,20200204119,Davidson,Nashville,3/22/2020 12:30:00 AM,1,0,0,36.049340,-86.651770,HICKORY HOLLOW LN,,,,0.00,,,STATE HWY 254,,,,0.00,Y,Four-Way,Y,Intersection,None,,,         ,Luke,Steigerwalt,Clear,Not Collision with Motor Vehicle in Transport,no,no,no,no,no,False
102685488,METROPOLITAN NASHVILLE POLICE DEPT,20200204146,Davidson,Nashville,3/22/2020 12:00:00 AM,1,0,0,36.192580,-86.775420,I 24,,,,0.00,,,,,,,46.70,N,Not at Intersection,N,Non-Junction,None,,,         ,Russell,Freeman,Unknown,Not Collision with Motor Vehicle in Transport,no,no,no,no,yes,False
102685489,METROPOLITAN NASHVILLE POLICE DEPT,20200204198,Davidson,Nashville,3/22/2020 5:00:00 AM,2,1,0,36.131690,-86.896030,CHARLOTTE PKE,,,,92.00,Feet,East,I40 E EXT RAMP,,,,0.00,N,Not at Intersection,N,Non-Junction,None,,,         ,Benjamin,Cantrell,Clear,Front to Rear,no,no,no,no,yes,False
102685512,METROPOLITAN NASHVILLE POLICE DEPT,20200204423,Davidson,Nashville,3/22/2020 9:10:00 AM,1,0,0,36.231390,-86.716990,HAYSBORO AV,,,,185.00,Feet,West,TANGLEWOOD DR,,,,0.00,N,Not at Intersection,N,OtherLocation,None,,,         ,Eric,Knight,Cloudy,Not Collision with Motor Vehicle in Transport,no,no,no,no,no,False
102685518,METROPOLITAN NASHVILLE POLICE DEPT,20200204436,Davidson,Antioch,3/22/2020 9:25:00 AM,2,2,0,36.060770,-86.612440,GRACEWOOD GROVE,,,,0.79,Miles,North,STONEFARM TRL,,,,0.00,N,Not at Intersection,N,OtherLocation,None,,,         ,Patrick,Martin,Cloudy,HeadOn,no,no,no,no,no,False
102685524,METROPOLITAN NASHVILLE POLICE DEPT,20200204626,Davidson,Nashville,3/22/2020 12:00:00 AM,2,0,0,36.177020,-86.597300,ROCKWOOD DR,,,,0.00,Feet,West,SADDLESTONE DR,,,,0.00,N,Not at Intersection,N,Non-Junction,None,,,         ,Michael,Brooks,Unknown,Unknown,no,no,no,no,yes,False
102685532,METROPOLITAN NASHVILLE POLICE DEPT,2020-0204628,Davidson,Nashville,3/22/2020 11:21:00 AM,2,1,0,36.070310,-86.690090,I 24,,,,0.00,,,,,,,56.95,N,Not at Intersection,N,Non-Junction,None,,,         ,Stanley,Collins,Clear,Front to Rear,no,no,no,no,no,False
102685533,METROPOLITAN NASHVILLE POLICE DEPT,20200204741,Davidson,Nashville,3/22/2020 12:20:00 PM,2,0,0,36.173590,-86.602150,OLD HICKORY BLVD,,,,0.00,,,CENTRAL PKE,,,,0.00,Y,Four-Way, ,Intersection-Related,None,,,         ,Michael,Brooks,Clear,Front to Rear,no,no,no,no,no,False
102685563,METROPOLITAN NASHVILLE POLICE DEPT,20200204711,Davidson,Nashville,3/22/2020 12:00:00 PM,2,1,0,36.168510,-86.813880,JEFFERSON ST,,,,29.00,Feet,East,I40 E EXT RAMP,,,,0.00,N,Not at Intersection,N,Non-Junction,None,,,         ,Isaac,Wood,Clear,Angle,no,no,no,no,no,False
102685567,METROPOLITAN NASHVILLE POLICE DEPT,20200204545,Davidson,Nashville,3/22/2020 10:34:00 AM,2,3,0,36.088870,-86.702110,I 24,,,,0.00,,,,,,,55.50,N,Not at Intersection,N,Non-Junction,None,,,         ,Alex,Moore,Clear,Front to Rear,no,no,no,no,no,False
102685568,METROPOLITAN NASHVILLE POLICE DEPT,20200204751,Davidson,Nashville,3/22/2020 12:24:00 PM,2,1,0,36.066670,-86.717940,NOLENSVILLE PKE,,,,0.00,Feet,,NORTHCREST DR,,,,0.00,Y,Four-Way,N,Intersection,None,,,         ,Patrick,Martin,Cloudy,"Sideswipe, Same Direction",no,no,no,no,no,False
102685575,METROPOLITAN NASHVILLE POLICE DEPT,20200204704,Davidson,Nashville,3/21/2020 11:30:00 PM,2,0,0,36.199990,-86.825300,BUENA VISTA PKE,,,,367.00,Feet,East,MATTIE ST,,,,0.00,N,Not at Intersection,N,"Driveway, Alley Access, etc",None,,,         ,Royce,McLester,Unknown,Angle,no,no,no,no,yes,False
102685576,METROPOLITAN NASHVILLE POLICE DEPT,20200204915,Davidson,Nashville,3/22/2020 1:41:00 PM,2,0,0,36.045280,-86.714100,OLD HICKORY BLVD,,,,207.00,Feet,East,BRENTWOOD EAST DR,,,,0.00,N,Not at Intersection, ,Non-Junction,None,,,         ,Nathan,Kemp,Clear,"Sideswipe, Same Direction",no,no,no,no,no,False
102685577,GOODLETTSVILLE POLICE DEPT,20-10151,Davidson,Goodlettsville,3/22/2020 12:00:00 PM,2,1,0,36.322260,-86.713310,S MAIN ST,,,,0.00,Feet,,LONG HOLLOW PKE,,,,0.00,Y,Four-Way,N,Intersection-Related,None,,,         ,Brandon,Wright,Clear,Front to Rear,no,no,no,no,no,False
102685582,METROPOLITAN NASHVILLE POLICE DEPT,20200204912,Davidson,Nashville,3/22/2020 1:29:00 PM,2,0,0,36.192320,-86.616300,JUAREZ DR,,,,0.00,,,OLD HICKORY BLVD,,,,0.00,Y,Four-Way,Y,Intersection,None,,,         ,Michael,Brooks,Clear,Angle,no,no,no,no,no,False
102685603,METROPOLITAN NASHVILLE POLICE DEPT,20200204953,Davidson,Not in City Limit,3/22/2020 2:00:00 PM,1,1,0,36.257490,-86.850710,DRY FORK RD,,,,596.00,Feet,South,CLARKSVILLE PKE,,,,0.00,N,Not at Intersection,N,Non-Junction,None,,,         ,Tyler,Adcock,Cloudy,Not Collision with Motor Vehicle in Transport,no,no,no,no,no,False
102685639,METROPOLITAN NASHVILLE POLICE DEPT,20200205322,Davidson,Nashville,3/22/2020 5:00:00 PM,2,0,0,36.063430,-86.810530,OTTER CREEK RD,,,,408.00,Feet,North,RADNOR LAKE SPILLWAY TRL,,,,0.00,N,Not at Intersection, ,Non-Junction,None,,,         ,Ryan,Storm,Rain,Unknown,no,no,no,no,yes,False
102685643,METROPOLITAN NASHVILLE POLICE DEPT,20200205305,Davidson,Nashville,3/22/2020 4:30:00 PM,1,0,0,36.141190,-86.731320,I 40,,,,0.00,,,,,,,212.95,N,Not at Intersection,N,Non-Junction,None,,,         ,Reagan,Heath,Rain,Not Collision with Motor Vehicle in Transport,no,no,no,no,no,False
102685646,METROPOLITAN NASHVILLE POLICE DEPT,20200205008,Davidson,Nashville,3/22/2020 1:35:00 PM,2,0,0,36.184360,-86.754950,CLEVELAND ST,,,,129.00,Feet,West,MCFERRIN AV,,,,0.00,N,Not at Intersection,N,Non-Junction,None,,,         ,Ty,Cummings,Clear,Angle,no,no,no,no,yes,False
102685667,THP District 3 - Nashville,320017749,Davidson,Nashville,3/22/2020 5:09:00 PM,2,0,0,36.039260,-86.782760,I 65,,,,0.00,,,,,,,74.60,N,Not at Intersection,N,Non-Junction,None,,,         ,Christopher,Vance,Rain,Not Collision with Motor Vehicle in Transport,no,no,no,no,yes,False
102685672,METROPOLITAN NASHVILLE POLICE DEPT,20200205261,Davidson,Nashville,3/22/2020 4:30:00 PM,2,0,0,36.149250,-86.761070,CLAIBORNE ST,,,,312.00,Feet,North,LAFAYETTE ST,,,,0.00,N,Not at Intersection,N,Non-Junction,None,,,         ,Derek,Sibley,Cloudy,"Sideswipe, Same Direction",no,no,no,no,yes,False
102685677,METROPOLITAN NASHVILLE POLICE DEPT,20200205108,Davidson,Nashville,3/22/2020 4:26:00 PM,2,1,0,36.120830,-86.703590,MURFREESBORO PKE,,,,0.00,Feet,,GLENGARRY DR,,,,0.00,Y,Four-Way,N,Intersection,None,,,         ,Dontaveous,Eubanks,Clear,Angle,no,no,no,no,no,False
102685681,METROPOLITAN NASHVILLE POLICE DEPT,20200205389,Davidson,Not in City Limit,3/22/2020 5:32:00 PM,2,1,0,36.263190,-86.713230,OLD HICKORY BLVDW,,,,42.00,Feet,West,OLD TIME VILLAGE PVTDR,,,,0.00,N,Not at Intersection,N,Non-Junction,None,,,         ,Rodney,Phipps,Cloudy,"Sideswipe, Same Direction",no,no,no,no,no,False
102685687,METROPOLITAN NASHVILLE POLICE DEPT,20200205455,Davidson,Nashville,3/22/2020 6:06:00 PM,3,1,0,36.191950,-86.781770,I 65,,,,0.00,,,,,,,86.20,N,Not at Intersection,N,Non-Junction,None,,,         ,Gabriel,Centeno,Rain,Front to Rear,no,no,no,no,yes,False
102685689,METROPOLITAN NASHVILLE POLICE DEPT,20200205515,Davidson,Nashville,3/22/2020 6:34:00 PM,1,0,0,36.232250,-86.826490,BRILEY PKWYW,,,,399.00,Feet,West,BUENA VISTA PKE,,,,0.00,N,Not at Intersection, ,Non-Junction,None,,,         ,Jeremy,Spoonemore,Rain,Not Collision with Motor Vehicle in Transport,no,no,no,no,no,False
102685717,METROPOLITAN NASHVILLE POLICE DEPT,20200205695,Davidson,Nashville,3/22/2020 8:17:00 PM,2,0,0,36.152240,-86.625070,BELL RD,,,,0.00,Feet,,STEWARTS FERRY PKE,,,,0.00,Y,Four-Way,N,Non-Junction,None,,,         ,Deandera,Payne,Rain,Angle,no,no,no,no,no,False
102685718,METROPOLITAN NASHVILLE POLICE DEPT,20200205708,Davidson,Nashville,3/22/2020 8:20:00 PM,2,1,0,36.213560,-86.764460,DELLWAY VILLA RD,,,,0.00,,,DICKERSON PKE,,,,0.00,Y,T-Intersection,N,Non-Junction,None,,,         ,Carey,Steel,Rain,Front to Rear,no,no,no,yes,yes,False
102685720,METROPOLITAN NASHVILLE POLICE DEPT,2020-0205016,Davidson,Not in City Limit,3/22/2020 2:36:00 PM,2,0,0,36.275100,-86.709510,SARVER AV,,,,0.00,Feet,East,PIERCE RD,,,,0.00,N,Not at Intersection,Y,Non-Junction,None,,,         ,Kyle,Eicholtz,Cloudy,Angle,no,no,no,no,yes,False
102685721,METROPOLITAN NASHVILLE POLICE DEPT,20200205681,Davidson,Nashville,3/22/2020 7:10:00 PM,1,0,0,36.185500,-86.798410,I65 S ENT RAMP,,,,0.00,Feet,East,I 65,,,,0.00,N,Not at Intersection, ,Non-Junction,None,,,         ,Jerica,Gladston,Rain,Not Collision with Motor Vehicle in Transport,no,no,no,no,no,False
102685722,METROPOLITAN NASHVILLE POLICE DEPT,20200205740,Davidson,Nashville,3/22/2020 8:45:00 PM,1,1,0,36.145330,-86.740930,I 40,,,,0.00,,,,,,,212.25,N,Not at Intersection,N,Non-Junction,None,,,         ,Reagan,Heath,Rain,Not Collision with Motor Vehicle in Transport,no,no,no,no,no,False
102685727,METROPOLITAN NASHVILLE POLICE DEPT,20200205714,Davidson,Nashville,3/22/2020 8:32:00 PM,2,3,0,36.209320,-86.690710,BRILEY PKWYN,,,,487.00,Feet,West,OPRYLAND DR,,,,0.00,N,Not at Intersection,N,Non-Junction,None,,,         ,Joseph,Simon,Rain,Front to Rear,no,no,no,no,no,False
102685738,METROPOLITAN NASHVILLE POLICE DEPT,20200205768,Davidson,Nashville,3/22/2020 9:13:00 PM,2,0,0,36.145330,-86.740930,I 40,,,,0.00,,,,,,,212.25,N,Not at Intersection,N,Non-Junction,None,,,         ,Evan,Grace,Rain,"Sideswipe, Same Direction",no,no,no,no,yes,False
102685746,METROPOLITAN NASHVILLE POLICE DEPT,20200205751,Davidson,Nashville,3/22/2020 8:50:00 PM,1,0,0,36.082550,-86.763980,HARDING PL,,,,33.00,Feet,South,I65 S EXT RAMP,,,,0.00,N,Not at Intersection,N,Non-Junction,None,,,         ,Melissa,Lomax,Rain,Not Collision with Motor Vehicle in Transport,no,no,no,no,no,False
102685747,METROPOLITAN NASHVILLE POLICE DEPT,20200205785,Davidson,Not in City Limit,3/22/2020 9:23:00 PM,1,0,0,36.319730,-86.814340,CROCKER SPRINGS RD,,,,881.00,Feet,North,CROCKER SPRINGS RD PVTDR,,,,0.00,N,Not at Intersection,N,Non-Junction,None,,,         ,Melissa,Flores,Rain,Not Collision with Motor Vehicle in Transport,no,no,no,no,yes,False
102685760,METROPOLITAN NASHVILLE POLICE DEPT,20200205759,Davidson,Nashville,3/22/2020 8:45:00 PM,3,2,0,36.074720,-86.635010,BELL RD,,,,0.00,,,ANDERSON RD,,,,0.00,Y,T-Intersection,Y,Intersection,None,,,         ,Jarrett,Ipox,Rain,Angle,no,no,no,no,no,False
102685761,METROPOLITAN NASHVILLE POLICE DEPT,20200205881,Davidson,Nashville,3/22/2020 10:25:00 PM,1,0,0,36.164610,-86.763270,I 24,,,,0.00,,,,,,,49.10,N,Not at Intersection,N,Non-Junction,None,,,         ,Christopher,Beery,Rain,Not Collision with Motor Vehicle in Transport,no,no,no,no,no,False
102685769,METROPOLITAN NASHVILLE POLICE DEPT,20200205904,Davidson,Nashville,3/22/2020 10:43:00 PM,1,0,0,36.137060,-86.726760,I 24,,,,0.00,,,,,,,52.30,N,Not at Intersection, ,Non-Junction,None,,,         ,Jonathan,Handley,Rain,Not Collision with Motor Vehicle in Transport,no,no,no,no,no,False
102685775,METROPOLITAN NASHVILLE POLICE DEPT,20200205974,Davidson,Nashville,3/22/2020 11:10:00 PM,2,0,0,36.139360,-86.727150,I24 W ENT RAMP,,,,0.00,Feet,East,I 40,,,,0.00,N,Not at Intersection,N,Non-Junction,None,,,         ,Meghan,Pope,Rain,HeadOn,no,no,no,no,no,False
102685789,METROPOLITAN NASHVILLE POLICE DEPT,20200206101,Davidson,Nashville,3/23/2020 12:40:00 AM,2,2,0,36.116520,-86.697590,MURFREESBORO PKE,,,,0.00,,,MCGAVOCK PKE,,,,0.00,Y,Four-Way,N,Intersection,None,,,         ,Ralph,Smith IV,Clear,Angle,no,no,no,no,no,False
102685794,METROPOLITAN NASHVILLE POLICE DEPT,20200205918,Davidson,Nashville,3/22/2020 10:55:00 PM,2,2,0,36.150340,-86.771190,I 40,,,,0.00,,,,,,,210.35,N,Not at Intersection,N,Non-Junction,None,,,         ,David,Barras,Rain,"Sideswipe, Same Direction",no,no,no,no,yes,False
102685795,METROPOLITAN NASHVILLE POLICE DEPT,20200206221,Davidson,Antioch,3/23/2020 1:31:00 AM,2,0,0,36.044870,-86.609840,MOUNTAIN SPRINGS RD,,,,259.00,Feet,West,MURFREESBORO PKE,,,,0.00,N,Not at Intersection, ,OtherLocation,None,,,         ,Douglas,Meringer,Rain,Front to Rear,no,no,no,yes,no,False
102685798,WILLIAMSON CO SHERIFFS OFFICE,207106,Davidson,Nashville,3/22/2020 11:22:00 PM,1,0,0,36.028130,-86.909390,SNEED RDW,,,,1696.00,Feet,West,WILLOWBROOKE CIR,,,,0.00,N,Not at Intersection, ,Non-Junction,None,,,         ,Clay,Staton,Rain,Not Collision with Motor Vehicle in Transport,no,no,no,no,no,False
102685800,METROPOLITAN NASHVILLE POLICE DEPT,20200206492,Davidson,Nashville,3/23/2020 4:40:00 AM,1,0,0,36.151470,-86.751350,I40 W EXT RAMP,,,,0.00,Feet,East,I 40,,,,0.00,N,Not at Intersection, ,Non-Junction,None,,,         ,Joseph,Patricio,Rain,Not Collision with Motor Vehicle in Transport,no,no,no,no,no,False
102685809,METROPOLITAN NASHVILLE POLICE DEPT,20200206383,Davidson,Nashville,3/23/2020 3:08:00 AM,1,4,0,36.200760,-86.776470,I 65,,,,0.00,,,,,,,86.90,N,Not at Intersection,N,Non-Junction,None,,,         ,Eric,Cunningham,Rain,Not Collision with Motor Vehicle in Transport,no,no,no,no,no,False