master_record_number,agency,agency_tracking_number,county,city,collision_date,vehicles_involved,number_injured,number_dead,latitude,longitude,roadway_name,roadway_suffix,roadway_number,roadway_local_id,distance_from_reference,miles-feet_indicator,direction_from_reference,intersection_road_name,intersection_road_name_suffix,intersection_road_number,intersection_local_id,mile_marker,intersection_indicator,intersect_type,interchange_related_indicator,relation_to_junction,work_zone_type,construction_maintenance_zone,construction_maintenance_zone_location,fatal_case_number,officer_first_name,officer_last_name,weather_condition(s),manner_of_crash,pedestrian,bicycle,scooter,parking,hitrun,mou
102687641,METROPOLITAN NASHVILLE POLICE DEPT,20200220478,Davidson,Nashville,3/27/2020 11:10:00 PM,2,1,0,36.237320,-86.758810,I 65,,,,0.00,,,,,,,89.90,N,Not at Intersection,N,Non-Junction,None,,,         ,Jackson,Sanders,Clear,Front to Rear,no,no,no,no,no,False
102687647,BELLE MEADE POLICE DEPT,20-0066,Davidson,Belle Meade,3/27/2020 7:37:00 PM,2,0,0,36.095850,-86.856780,HARDING PL,,,,0.00,,,BELLE MEADE BLVD,,,,0.00,Y,Four-Way,N,Intersection,None,,,         ,Katelyn,Cloxton,Clear,Angle,no,no,no,no,no,False
102687653,METROPOLITAN NASHVILLE POLICE DEPT,20200220755,Davidson,Nashville,3/27/2020 9:50:00 PM,2,0,0,36.147890,-86.758500,LEWIS ST,,,,123.00,Feet,North,US HWY 41,,,,0.00,N,Not at Intersection,N,Non-Junction,None,,,         ,Jeremy,Crisp,Clear,Front to Rear,no,no,no,no,yes,False
102687655,METROPOLITAN NASHVILLE POLICE DEPT,20200220711,Davidson,Nashville,3/28/2020 1:00:00 AM,2,0,0,36.144090,-86.692590,I 40,,,,0.00,,,,,,,215.15,N,Not at Intersection, ,Non-Junction,None,,,         ,Andrew,Anoskey,Clear,Not Collision with Motor Vehicle in Transport,no,no,no,no,no,False
102687673,METROPOLITAN NASHVILLE POLICE DEPT,20200221080,Davidson,Not in City Limit,3/28/2020 5:41:00 AM,1,0,0,36.330910,-86.920810,CLARKSVILLE HWY,,,,4.00,Feet,North,CLARKSVILLE PKE,,,,0.00,N,Not at Intersection, ,Non-Junction,None,,,         ,John,Deiterick,Clear,Not Collision with Motor Vehicle in Transport,no,no,no,no,no,False
102687675,BERRY HILL POLICE DEPT,20-1188,Davidson,Berry Hill,3/27/2020 8:00:00 AM,2,0,0,36.112690,-86.766940,BRANSFORD AV,,,,0.00,,,HEATHER PL,,,,0.00,Y,T-Intersection,N,Intersection,None,,,         ,Rick,Willliams,Clear,Front to Rear,no,no,no,no,no,False
102687705,METROPOLITAN NASHVILLE POLICE DEPT,20200221244,Davidson,Nashville,3/28/2020 8:00:00 AM,4,2,0,36.047550,-86.655930,HICKORY HOLLOW PKWY,,,,0.00,,,BELL RD,,,,0.00,Y,Four-Way,N,Non-Junction,None,,,         ,Steven,Williams,Clear,Front to Rear,no,no,no,no,yes,False
102687727,METROPOLITAN NASHVILLE POLICE DEPT,20200221367,Davidson,Nashville,3/28/2020 9:30:00 AM,1,0,0,36.069590,-86.693910,HAYWOOD LN,,,,0.00,,,EZELL RD,,,,0.00,Y,Four-Way, ,Intersection,None,,,         ,Jason,Hees,Clear,Not Collision with Motor Vehicle in Transport,no,no,no,no,yes,False
102687730,METROPOLITAN NASHVILLE POLICE DEPT,20200221446,Davidson,Nashville,3/28/2020 10:30:00 AM,2,0,0,36.037950,-86.786440,FRANKLIN PKE,,,,201.00,Feet,North,OLD HICKORY BLVD,,,,0.00,N,Not at Intersection, ,Non-Junction,None,,,         ,Gregory,Scott,Clear,"Sideswipe, Same Direction",no,no,no,no,no,False
102687738,METROPOLITAN NASHVILLE POLICE DEPT,20200221481,Davidson,Nashville,3/28/2020 12:00:00 AM,2,0,0,36.187650,-86.813170,MCKINNEY AVE,,,,278.00,Feet,West,18TH AVE N,,,,0.00,N,Not at Intersection,N,Non-Junction,None,,,         ,Bianca,Crawford,Clear,"Sideswipe, Same Direction",no,no,no,no,yes,False
102687753,METROPOLITAN NASHVILLE POLICE DEPT,20200221570,Davidson,Nashville,3/28/2020 12:15:00 PM,2,0,0,36.185780,-86.797850,I65 S EXT RAMP,,,,0.00,,,I 65,,,,0.00,Y,T-Intersection, ,Entrance/Exit Ramp Related,None,,,         ,Brian,Mclarty,Clear,Front to Rear,no,no,no,no,no,False
102687764,METROPOLITAN NASHVILLE POLICE DEPT,20200221585,Davidson,Not in City Limit,3/28/2020 12:30:00 PM,2,0,0,36.091660,-87.004890,RIVERLAND DR,,,,281.00,Feet,North,BRIDGEPORT DR,,,,0.00,N,Not at Intersection, ,Non-Junction,None,,,         ,Wesley,Tilley,Cloudy,Angle,no,no,no,no,no,False
102687765,METROPOLITAN NASHVILLE POLICE DEPT,20200221572,Davidson,Nashville,3/28/2020 12:20:00 PM,3,0,0,36.190890,-86.615190,OLD LEBANON DIRT RD,,,,0.00,,,OLD HICKORY BLVD,,,,0.00,Y,Four-Way, ,Intersection-Related,None,,,         ,William,Mckay,Clear,Front to Rear,no,no,no,no,no,False
102687781,METROPOLITAN NASHVILLE POLICE DEPT,20200221596,Davidson,Nashville,3/28/2020 10:20:00 AM,2,0,0,36.190920,-86.599950,OAK HOLW,,,,43.00,Feet,North,OAK HOLLOW CIR,,,,0.00,N,Not at Intersection, ,Non-Junction,None,,,         ,Patrick,Lancaster,Clear,Rear to Side,no,no,no,no,no,False
102687786,METROPOLITAN NASHVILLE POLICE DEPT,20200221642,Davidson,Nashville,3/28/2020 1:21:00 PM,2,0,0,36.169450,-86.814760,SCOVEL ST,,,,416.00,Feet,North,BEASLEY ST,,,,0.00,N,Not at Intersection,N,Non-Junction,None,,,         ,Cody,Jaworski,Clear,Rear to Side,no,no,no,no,no,False
102687789,METROPOLITAN NASHVILLE POLICE DEPT,20200221656,Davidson,Nashville,3/28/2020 1:31:00 PM,2,1,0,36.045220,-86.714790,OLD HICKORY BLVD,,,,0.00,,,BRENTWOOD EAST DR,,,,0.00,Y,T-Intersection,N,Intersection,None,,,         ,Earl,Davis,Cloudy,Angle,no,no,no,no,yes,False
102687790,METROPOLITAN NASHVILLE POLICE DEPT,20200221637,Davidson,Nashville,3/28/2020 11:24:00 AM,1,0,0,36.225820,-86.591830,CASCADE DR,,,,87.00,Feet,North,KALAMATH DR,,,,0.00,N,Not at Intersection,N,Non-Junction,None,,,         ,Terry,Denton,Cloudy,Not Collision with Motor Vehicle in Transport,no,no,no,no,no,False
102687797,METROPOLITAN NASHVILLE POLICE DEPT,20200221699,Davidson,Nashville,3/28/2020 2:05:00 PM,1,0,0,36.070330,-86.701930,HAYWOOD LN,,,,94.00,Feet,West,HAYWOOD CT,,,,0.00,N,Not at Intersection,N,Non-Junction,None,,,         ,Theodore,Flick,Clear,Not Collision with Motor Vehicle in Transport,no,no,no,no,no,False
102687800,METROPOLITAN NASHVILLE POLICE DEPT,20200221503,Davidson,Goodlettsville,3/28/2020 11:29:00 AM,3,1,0,36.286880,-86.705860,W MONTICELLO AV,,,,127.00,Feet,West,GALLATIN PKEN,,,,0.00,N,Not at Intersection,N,Non-Junction,None,,,         ,Ricki,Armstrong,Clear,HeadOn,no,no,no,no,no,False
102687829,METROPOLITAN NASHVILLE POLICE DEPT,20200221732,Davidson,Nashville,3/28/2020 2:42:00 PM,2,1,0,36.192710,-86.744370,DOUGLAS AV,,,,0.00,,,GALLATIN AV,,,,0.00,Y,Four-Way,N,Intersection,None,,,         ,Marc,Kozen,Clear,Angle,no,no,no,no,no,False
102687836,METROPOLITAN NASHVILLE POLICE DEPT,20200221893,Davidson,Antioch,3/28/2020 3:50:00 PM,1,0,0,36.031800,-86.615480,BIRCHMILL PTN,,,,14.00,Feet,North,PRESERVE BLVD,,,,0.00,N,Not at Intersection, ,,None,,,         ,Joshua,Dale,,,no,no,no,no,no,False
102687840,METROPOLITAN NASHVILLE POLICE DEPT,20200221869,Davidson,Nashville,3/28/2020 12:00:00 AM,3,0,0,36.122730,-86.630500,WOODLAND POINTE DR,,,,0.00,,,BELL RD,,,,0.00,Y,T-Intersection,N,Intersection,None,,,         ,Douglas,Mann,Clear,Angle,no,no,no,no,no,False
102687848,METROPOLITAN NASHVILLE POLICE DEPT,20200221995,Davidson,Not in City Limit,3/28/2020 4:20:00 PM,2,0,0,36.306100,-86.816920,I 24,,,,0.00,,,,,,,38.30,N,Not at Intersection,N,Non-Junction,None,,,         ,Chase,Harriman,Clear,Front to Rear,no,no,no,no,no,False
102687849,GOODLETTSVILLE POLICE DEPT,20-10810,Davidson,Goodlettsville,3/28/2020 2:48:00 AM,1,0,0,36.292520,-86.720280,I 65,,,,0.00,,,,,,,94.45,N,Not at Intersection,N,Non-Junction,None,,,         ,Marcus,Zugelder,Clear,Not Collision with Motor Vehicle in Transport,no,no,no,no,no,False
102687856,METROPOLITAN NASHVILLE POLICE DEPT,20200221929,Davidson,Nashville,3/28/2020 4:14:00 PM,2,1,0,36.189710,-86.791310,I 65,,,,0.00,,,,,,,85.65,N,Not at Intersection,N,Non-Junction,None,,,         ,Roy,Sain Jr.,Cloudy,"Sideswipe, Same Direction",no,no,no,no,no,False
102687865,METROPOLITAN NASHVILLE POLICE DEPT,20200222028,Davidson,Nashville,3/28/2020 2:46:00 PM,2,0,0,36.090630,-86.626090,BELL RD,,,,161.00,Feet,East,SMITH SPRINGS RD,,,,0.00,N,Not at Intersection,N,Non-Junction,None,,,         ,Steven,Powers,Cloudy,"Sideswipe, Same Direction",no,no,no,no,no,False
102687867,METROPOLITAN NASHVILLE POLICE DEPT,20200222114,Davidson,Nashville,3/28/2020 3:06:00 PM,2,0,0,36.073400,-86.920590,STATE HWY 251,,,,398.00,Feet,South,BELLE FOREST CIR,,,,0.00,N,Not at Intersection, ,Non-Junction,None,,,         ,Brian,DeMarce,Clear,Angle,no,no,no,no,no,False
102687874,METROPOLITAN NASHVILLE POLICE DEPT,20200222111,Davidson,Nashville,3/28/2020 5:50:00 PM,2,0,0,36.071870,-86.636180,MURFREESBORO PKE,,,,0.00,,,BELL RD,,,,0.00,Y,Four-Way,N,Non-Junction,None,,,         ,Luis,Pena,Clear,"Sideswipe, Same Direction",no,no,no,no,yes,False
102687877,METROPOLITAN NASHVILLE POLICE DEPT,20200222081,Davidson,Nashville,3/28/2020 5:28:00 PM,2,0,0,36.160250,-86.782960,COMMERCE ST,,,,0.00,,,ROSA L PARKS BLVD,,,,0.00,Y,Four-Way,N,Intersection,None,,,         ,James,Hill,Cloudy,Angle,no,no,no,no,no,False
102687892,GOODLETTSVILLE POLICE DEPT,20-10780,Davidson,Goodlettsville,3/27/2020 7:53:00 PM,2,1,0,36.318090,-86.713200,S MAIN ST,,,,285.00,Feet,North,ROSCOE ST,,,,0.00,N,Not at Intersection,N,Non-Junction,None,,,         ,Samuel,Setliffe,Clear,Angle,no,no,no,no,no,False
102687898,METROPOLITAN NASHVILLE POLICE DEPT,20200222211,Davidson,Not in City Limit,3/28/2020 6:55:00 PM,1,1,0,36.264110,-86.712810,OLD TIME VILLAGE PVTDR,,,,0.00,Feet,East,STATE RT 45,,,,0.00,N,Not at Intersection,N,Non-Junction,None,,,         ,DuJuan,Kendrick,Clear,Not Collision with Motor Vehicle in Transport,no,no,no,yes,no,False
102687921,METROPOLITAN NASHVILLE POLICE DEPT,20200222449,Davidson,Nashville,3/28/2020 8:05:00 PM,1,0,0,36.067110,-86.724390,NORTHCREST DR,,,,0.00,,,COTTON LN,,,,0.00,Y,T-Intersection,N,Non-Junction,None,,,         ,Brady,Reynolds,Clear,Not Collision with Motor Vehicle in Transport,no,no,no,no,yes,False
102687923,METROPOLITAN NASHVILLE POLICE DEPT,20200222490,Davidson,Nashville,3/28/2020 9:30:00 PM,2,0,0,36.110940,-86.745300,THOMPSON LN,,,,24.00,Feet,West,NOLENSVILLE PKE,,,,0.00,N,Not at Intersection, ,,None,,,         ,John,Walden,,,no,no,no,no,no,False
102687956,METROPOLITAN NASHVILLE POLICE DEPT,20200222634,Davidson,Nashville,3/28/2020 11:05:00 PM,2,1,0,36.202430,-86.739100,LITTON AVE,,,,0.00,,,GALLATIN PIKE,,,,0.00,Y,Four-Way,N,Intersection,None,,,         ,Jackson,Sanders,Cloudy,Angle,no,no,no,no,no,False
102687964,METROPOLITAN NASHVILLE POLICE DEPT,20200222593,Davidson,Nashville,3/28/2020 10:50:00 PM,1,0,0,36.160910,-86.793320,CHARLOTTE AV,,,,0.00,,,I40 E EXT RAMP,,,,0.00,Y,OTHER,N,Intersection-Related,None,,,         ,Landon,Bagwell,Cloudy,Unknown,no,no,no,no,yes,False
102687966,METROPOLITAN NASHVILLE POLICE DEPT,20200222698,Davidson,Nashville,3/28/2020 11:48:00 PM,2,2,0,36.040180,-86.650430,I 24,,,,0.00,,,,,,,60.00,N,Not at Intersection,N,Non-Junction,None,,,         ,Douglas,Meringer,Rain,"Sideswipe, Same Direction",no,no,no,no,no,False
102687969,METROPOLITAN NASHVILLE POLICE DEPT,20200222779,Davidson,Nashville,3/29/2020 12:45:00 AM,1,0,0,36.028270,-86.666160,PETTUS RD,,,,1196.00,Feet,North,PRESTON RD,,,,0.00,N,Not at Intersection,N,Non-Junction,None,,,         ,Bryce,Hatten,Rain,Not Collision with Motor Vehicle in Transport,no,no,no,no,no,False
102687984,METROPOLITAN NASHVILLE POLICE DEPT,20200222934,Davidson,Nashville,3/29/2020 2:07:00 AM,1,0,0,36.052140,-86.670510,I 24,,,,0.00,,,,,,,58.60,N,Not at Intersection,N,Non-Junction,None,,,         ,Holly,Davis,Rain,Not Collision with Motor Vehicle in Transport,no,no,no,no,no,False
102687991,METROPOLITAN NASHVILLE POLICE DEPT,20200223080,Davidson,Nashville,3/29/2020 12:00:00 AM,1,0,0,36.069460,-86.688070,HAYWOOD LN,,,,155.00,Feet,West,I24 W ENT RAMP,,,,0.00,N,Not at Intersection,N,Non-Junction,None,,,         ,David,Simmonds,Rain,Not Collision with Motor Vehicle in Transport,no,no,no,no,yes,False
102687992,METROPOLITAN NASHVILLE POLICE DEPT,20200223021,Davidson,Nashville,3/29/2020 3:32:00 AM,2,0,0,36.206640,-86.778150,W TRINITY LN,,,,83.00,Feet,East,HAMPTON ST,,,,0.00,N,Not at Intersection,N,Non-Junction,None,,,         ,Abigail,Malone,Rain,"Sideswipe, Same Direction",no,no,no,no,yes,False
102688011,METROPOLITAN NASHVILLE POLICE DEPT,2020-0221379,Davidson,Nashville,3/29/2020 6:45:00 AM,1,0,0,36.080810,-86.659380,BISHOPSGATE RD,,,,342.00,Feet,North,ELIZABETHS CT,,,,0.00,N,Not at Intersection,N,Non-Junction,None,,,         ,Theodore,Flick,Clear,Not Collision with Motor Vehicle in Transport,no,no,no,no,yes,False
102688053,METROPOLITAN NASHVILLE POLICE DEPT,20200223341,Davidson,Nashville,3/29/2020 8:10:00 AM,1,1,0,36.209220,-86.865400,CATO RD,,,,63.00,Feet,North,JORDONIA STATION RD,,,,0.00,N,Not at Intersection,N,OtherLocation,None,,,         ,Jedidayah,Merriweather,Clear,Not Collision with Motor Vehicle in Transport,no,no,no,yes,no,False
102688061,METROPOLITAN NASHVILLE POLICE DEPT,20200223528,Davidson,Nashville,3/29/2020 12:00:00 AM,2,0,0,36.217460,-86.781530,WOODFOLK AVE,,,,0.00,Feet,,BRICK CHURCH PIKE,,,,0.00,Y,Four-Way,Y,Intersection,None,,,         ,Julie,Nabors,Clear,Angle,no,no,no,no,no,False
102688077,METROPOLITAN NASHVILLE POLICE DEPT,20200223626,Davidson,Nashville,3/29/2020 11:55:00 AM,2,0,0,36.156930,-86.632620,LAUER DR,,,,31.00,Feet,North,STEWARTS FERRY PKE,,,,0.00,N,Not at Intersection, ,,None,,,         ,Mark,Sydenstricker,,,no,no,no,no,no,False
102688103,METROPOLITAN NASHVILLE POLICE DEPT,20200223704,Davidson,Nashville,3/29/2020 1:02:00 PM,2,1,0,36.216780,-86.623510,OLD HICKORY BLVD,,,,0.00,,,2ND ST,,,,0.00,Y,Four-Way, ,Intersection-Related,None,,,         ,Cassandra,Del Bosco,Clear,Front to Rear,no,no,no,no,no,False
102688128,METROPOLITAN NASHVILLE POLICE DEPT,20200223761,Davidson,Not in City Limit,3/29/2020 1:18:00 PM,2,0,0,36.045120,-86.952510,HIGHWAY 100,,,,750.00,Feet,South,SILKWOOD DR,,,,0.00,N,Not at Intersection,N,OtherLocation,None,,,         ,Jack,Crouch,Clear,Other,no,no,no,yes,yes,False
102688136,METROPOLITAN NASHVILLE POLICE DEPT,20200223907,Davidson,Not in City Limit,3/29/2020 12:50:00 PM,2,0,0,36.257490,-86.677690,CHEYENNE BLVD,,,,0.00,,,MANZANO RD,,,,0.00,Y,Four-Way,N,Intersection-Related,None,,,         ,Kyle,Eicholtz,Clear,Angle,no,no,no,no,yes,False
102688144,METROPOLITAN NASHVILLE POLICE DEPT,20200223750,Davidson,Nashville,3/29/2020 1:00:00 PM,1,1,0,36.235790,-86.704980,BRILEY PKWYW,,,,452.00,Feet,South,BRILEY PKWYE,,,,0.00,N,Not at Intersection,N,Non-Junction,None,,,         ,Mark,Sydenstricker,Clear,Not Collision with Motor Vehicle in Transport,no,no,no,no,no,False
102688145,METROPOLITAN NASHVILLE POLICE DEPT,20200223784,Davidson,Not in City Limit,3/29/2020 2:10:00 PM,2,0,0,36.268330,-86.700060,N DUPONT AV,,,,0.00,,,,,,,0.00,,, ,Non-Junction,None,,,         ,Nathan,Mayo,Clear,Rear to Rear,no,no,no,yes,no,False
102688148,METROPOLITAN NASHVILLE POLICE DEPT,20200223921,Davidson,Nashville,3/29/2020 3:40:00 PM,2,0,0,36.135280,-86.785830,WEDGEWOOD AV,,,,36.00,Feet,South,WAVERLY AV,,,,0.00,N,Not at Intersection,N,Non-Junction,None,,,         ,Ryan,Sherry,Clear,Angle,no,no,no,no,no,False
102688149,METROPOLITAN NASHVILLE POLICE DEPT,20200223888,Davidson,Nashville,3/29/2020 3:25:00 PM,2,0,0,36.070240,-86.634370,MURFREESBORO PKE,,,,799.00,Feet,South,BELL RD,,,,0.00,N,Not at Intersection,N,Non-Junction,None,,,         ,Joshua,Dale,Clear,Angle,no,no,no,no,yes,False
102688153,METROPOLITAN NASHVILLE POLICE DEPT,20200224006,Davidson,Not in City Limit,3/29/2020 4:20:00 PM,2,0,0,36.257100,-86.711730,HARRINGTON AV,,,,665.00,Feet,East,GALLATIN PKES,,,,0.00,N,Not at Intersection,N,Non-Junction,None,,,         ,Kyle,Eicholtz,Clear,Rear to Side,no,no,no,no,yes,False
102688156,METROPOLITAN NASHVILLE POLICE DEPT,20200223965,Davidson,Nashville,3/29/2020 4:00:00 PM,2,0,0,36.183620,-86.610590,OLD HICKORY BLVD,,,,24.00,Feet,East,ANDREW JACKSON PKWY,,,,0.00,N,Not at Intersection, ,,None,,,         ,Zaire,Murray,,,no,no,no,no,no,False
102688171,METROPOLITAN NASHVILLE POLICE DEPT,20200224087,Davidson,Nashville,3/29/2020 5:17:00 PM,2,0,0,36.082940,-86.732310,WELSHWOOD DR,,,,0.00,,,CORNING DR,,,,0.00,Y,T-Intersection, ,Non-Junction,None,,,         ,Brady,Reynolds,Clear,Angle,no,no,no,no,no,False
102688177,METROPOLITAN NASHVILLE POLICE DEPT,20200224061,Davidson,Nashville,3/29/2020 1:35:00 PM,1,0,0,36.102580,-86.603920,ANDERSON RD,,,,0.00,,,CASTAWAY CT,,,,0.00,Y,Four-Way,N,Intersection,None,,,         ,Phillip,Burke,Clear,Not Collision with Motor Vehicle in Transport,no,no,no,no,yes,False
102688186,METROPOLITAN NASHVILLE POLICE DEPT,20200223979,Davidson,Nashville,3/29/2020 4:15:00 PM,2,2,0,36.069190,-86.689410,HAYWOOD LN,,,,15.00,Feet,South,I24 E EXT RAMP,,,,0.00,N,Not at Intersection,N,Non-Junction,None,,,         ,John,Jones,Clear,"Sideswipe, Same Direction",no,no,no,no,no,False
102688193,METROPOLITAN NASHVILLE POLICE DEPT,20200224161,Davidson,Not in City Limit,3/29/2020 6:04:00 PM,2,0,0,36.275160,-86.764870,OLD HICKORY BLVD,,,,71.00,Feet,West,LAWING DR,,,,0.00,N,Not at Intersection, ,Non-Junction,None,,,         ,Cecelia,Brown,Clear,Front to Rear,no,no,no,no,no,False
102688198,METROPOLITAN NASHVILLE POLICE DEPT,20200223999,Davidson,Nashville,3/29/2020 4:25:00 PM,1,0,0,36.127500,-86.712140,MURFREESBORO PKE,,,,426.00,Feet,West,THOMPSON PL,,,,0.00,N,Not at Intersection, ,Non-Junction,None,,,         ,Adam,Gartner,Clear,Not Collision with Motor Vehicle in Transport,no,no,no,yes,yes,False
102688202,METROPOLITAN NASHVILLE POLICE DEPT,20200224194,Davidson,Nashville,3/29/2020 6:20:00 PM,2,0,0,36.228580,-86.772240,I 65,,,,0.00,,,,,,,88.90,N,Not at Intersection,N,Non-Junction,None,,,         ,Sarah,Cartwright,Clear,"Sideswipe, Same Direction",no,no,no,no,yes,False
102688205,METROPOLITAN NASHVILLE POLICE DEPT,20200224072,Davidson,Nashville,3/29/2020 5:05:00 PM,2,1,0,36.160770,-86.760510,I 24,,,,0.00,,,,,,,49.40,N,Not at Intersection,N,Non-Junction,None,,,         ,Alexander,Hartle,Clear,"Sideswipe, Same Direction",no,no,no,no,no,False
102688208,METROPOLITAN NASHVILLE POLICE DEPT,20200224329,Davidson,Nashville,3/29/2020 7:50:00 PM,1,1,0,36.194330,-86.626410,JACKSONIAN DR,,,,482.00,Feet,West,BONNARIDGE DR,,,,0.00,N,Not at Intersection,N,Non-Junction,None,,,         ,Tyler,Hall,Clear,Not Collision with Motor Vehicle in Transport,no,no,no,no,no,False
102688209,METROPOLITAN NASHVILLE POLICE DEPT,20200223799,Davidson,Old Hickory,3/29/2020 2:38:00 PM,2,1,0,36.266440,-86.656040,OLD HICKORY BLVD,,,,72.00,Feet,East,INDUSTRIAL DR,,,,0.00,N,Not at Intersection,N,Non-Junction,None,,,         ,Kristopher,Sutton,Clear,Angle,no,no,no,no,no,False
102688217,METROPOLITAN NASHVILLE POLICE DEPT,20200224379,Davidson,Nashville,3/29/2020 8:25:00 PM,2,4,0,36.213570,-86.764520,DICKERSON PKE,,,,0.00,,,DELLWAY VILLA RD,,,,0.00,Y,T-Intersection,Y,Intersection-Related,None,,,         ,Jeremy,Smith,Clear,Angle,no,no,no,no,no,False
102688244,METROPOLITAN NASHVILLE POLICE DEPT,20200224341,Davidson,Nashville,3/29/2020 8:03:00 PM,1,1,0,36.082920,-86.709710,STATE HWY 255,,,,254.00,Feet,East,TAMPA DR,,,,0.00,N,Not at Intersection,N,Non-Junction,None,,,         ,Tyler,Geiger,Clear,Not Collision with Motor Vehicle in Transport,yes,no,no,no,no,False
102688247,METROPOLITAN NASHVILLE POLICE DEPT,20200224281,Davidson,Nashville,3/29/2020 7:19:00 PM,2,1,0,36.082670,-86.710490,TAMPA DR,,,,0.00,,,HARDING PL,,,,0.00,Y,Four-Way,N,Intersection-Related,None,,,         ,Corey,Reed,Clear,Angle,no,no,no,no,no,False
102688248,METROPOLITAN NASHVILLE POLICE DEPT,20200224122,Davidson,Old Hickory,3/29/2020 5:47:00 PM,1,0,0,36.255000,-86.643020,TURNER ST,,,,124.00,Feet,South,N 15TH ST,,,,0.00,N,Not at Intersection,N,Non-Junction,None,,,         ,Destiny,Zunic,Clear,Not Collision with Motor Vehicle in Transport,no,no,no,no,no,False
102688254,METROPOLITAN NASHVILLE POLICE DEPT,20200224446,Davidson,Nashville,3/29/2020 9:25:00 PM,1,1,0,36.249580,-86.686580,NEELYS BEND RD,,,,0.00,,,LARKIN SPRINGS RD,,,,0.00,Y,T-Intersection,N,Intersection-Related,None,,,         ,Eric,Wegener,Clear,Not Collision with Motor Vehicle in Transport,no,no,no,no,no,False
102688259,METROPOLITAN NASHVILLE POLICE DEPT,20200224009,Davidson,Nashville,3/29/2020 4:04:00 PM,2,0,0,36.215120,-86.597700,LEBANON PKE,,,,9.00,Feet,West,ANDREW JACKSON PKWY,,,,0.00,N,Not at Intersection, ,Non-Junction,None,,,         ,Zaire,Murray,Clear,Angle,no,no,no,no,no,False
102688281,METROPOLITAN NASHVILLE POLICE DEPT,20200224564,Davidson,Madison,3/29/2020 9:33:00 PM,2,0,0,36.280590,-86.707610,ODETTE ST,,,,180.00,Feet,East,GALLATIN PKEN,,,,0.00,N,Not at Intersection, ,,None,,,         ,Ashton,Hill,,,no,no,no,no,no,False
102688282,METROPOLITAN NASHVILLE POLICE DEPT,20200224544,Davidson,Not in City Limit,3/29/2020 12:00:00 AM,1,1,0,36.309070,-86.823420,I 24,,,,0.00,,,,,,,37.90,N,Not at Intersection,N,Non-Junction,None,,,         ,Joshua,Asbell,Clear,Not Collision with Motor Vehicle in Transport,no,no,no,no,no,False
102688293,METROPOLITAN NASHVILLE POLICE DEPT,20200224575,Davidson,Nashville,3/29/2020 9:48:00 PM,2,0,0,36.071210,-86.645700,EDGE O LAKE DR,,,,0.00,,,PEBBLE CREEK DR,,,,0.00,Y,OTHER,N,Non-Junction,None,,,         ,David,Simmonds,Clear,Front to Rear,no,no,no,no,yes,False
102688300,METROPOLITAN NASHVILLE POLICE DEPT,20200224700,Davidson,Nashville,3/29/2020 11:29:00 PM,1,0,0,36.040070,-86.702940,CEDARCREEK CT,,,,18.00,Feet,East,CEDARCREEK DR,,,,0.00,N,Not at Intersection,N,Non-Junction,None,,,         ,Holly,Davis,Clear,Not Collision with Motor Vehicle in Transport,no,no,no,no,yes,False
102688309,METROPOLITAN NASHVILLE POLICE DEPT,20200224983,Davidson,Nashville,3/30/2020 3:30:00 AM,1,0,0,36.158370,-86.615500,BELL RD,,,,1934.00,Feet,South,DODSON CHAPEL RD,,,,0.00,N,Not at Intersection, ,,None,,,         ,Shawn,Kaelin,,,no,no,no,yes,no,False
102688328,METROPOLITAN NASHVILLE POLICE DEPT,20200225180,Davidson,Nashville,3/30/2020 6:32:00 AM,2,0,0,36.152480,-86.802700,21ST AVN,,,,0.00,,,CHURCH ST,,,,0.00,Y,Four-Way,N,Intersection,None,,,         ,Nathan,Kemp,Clear,Angle,no,no,no,no,no,Campus
102688349,METROPOLITAN NASHVILLE POLICE DEPT,20200225168,Davidson,Nashville,3/30/2020 6:28:00 AM,2,1,0,36.100670,-86.711700,I 24,,,,0.00,,,,,,,54.50,N,Not at Intersection,N,Non-Junction,None,,,         ,Patrick,Martin,Clear,Front to Rear,no,no,no,no,no,False
102688353,METROPOLITAN NASHVILLE POLICE DEPT,20200225292,Davidson,Nashville,3/30/2020 7:30:00 AM,2,0,0,36.168910,-86.796960,I 40,,,,0.00,,,,,,,207.90,N,Not at Intersection, ,Non-Junction,None,,,         ,Jean,McCormack,Clear,Front to Rear,no,no,no,no,no,False
102688356,METROPOLITAN NASHVILLE POLICE DEPT,20200225197,Davidson,Nashville,3/30/2020 6:28:00 AM,1,0,0,36.100670,-86.711700,I 24,,,,0.00,,,,,,,54.50,N,Not at Intersection,N,Non-Junction,None,,,         ,Patrick,Martin,Clear,Not Collision with Motor Vehicle in Transport,no,no,no,no,no,False
102688363,METROPOLITAN NASHVILLE POLICE DEPT,20200225189,Davidson,Nashville,3/29/2020 10:30:00 PM,1,1,0,36.118930,-86.704350,GLENGARRY DR,,,,41.00,Feet,North,WINTHORNE DR,,,,0.00,N,Not at Intersection,N,Non-Junction,None,,,         ,Ryan,Howard,Clear,Not Collision with Motor Vehicle in Transport,no,no,no,no,no,False